fastly.net,"[1, 7, 38, 2, 2, 1, 2, 2, 9, 1, 4, 1, 3, 1, 4, 33, 1, 6, 1, 1, 4, 1, 19, 1, 3, 1, 1, 1, 3, 1, 8, 1, 1, 1, 4, 1, 1, 1, 4, 1, 2, 1, 3, 1, 2, 2, 1, 1, 1, 3, 20, 1, 1, 1, 2, 1, 1, 2, 1, 4, 1, 1, 1, 1, 1, 1, 1, 3, 1, 1, 1, 6, 3, 3, 2, 1, 1, 2, 1, 1, 2, 1, 1, 2, 2, 1, 1, 1, 1, 2]","['h1', 'h2', 'h3', 'h2', 'h1', 'h2', 'h2', 'h2', 'h2', 'h2', 'h2', 'h1', 'h2', 'h2', 'h2', 'h2', 'h3', 'h2', 'h2', 'h2', 'h2', 'h2', 'h1', 'h2', 'h2', 'h1', 'h2', 'h2', 'h3', 'h2', 'h2', 'h2', 'h1', 'h2', 'h2', 'h2', 'h1', 'h2', 'h2', 'h2', 'h2', 'h2', 'h2', 'h1', 'h2', 'h2', 'h2', 'h1', 'h2', 'h1', 'h2', 'h2', 'h1', 'h2', 'h2', 'h1', 'h3', 'h2', 'h3', 'h3', 'h1', 'h2', 'h1', 'h1', 'h2', 'h2', 'h2', 'h2', 'h2', 'h3', 'h1', 'h2', 'h1', 'h1', 'h2', 'h2', 'h2', 'h2', 'h1', 'h3', 'h2', 'h3', 'h2', 'h2', 'h2', 'h1', 'h1', 'h1', 'h1', 'h2']"
windows.net,"[1, 3, 39, 1, 2, 1, 2, 2, 1, 2, 1, 1, 4, 2, 5]","['h1', 'h2', 'h2', 'h1', 'h2', 'h2', 'h2', 'h2', 'h2', 'h2', 'h2', 'h1', 'h2', 'h2', 'h2']"
office.com,"[4, 2, 1, 8, 2, 923, 1, 1, 1, 2, 2, 3, 1, 2, 1, 1, 2, 1, 2, 3, 9]","['h2', 'h2', 'h2', 'h2', 'h2', 'h3', 'h2', 'h1', 'h1', 'h1', 'h2', 'h2', 'h1', 'h2', 'h1', 'h2', 'h2', 'h1', 'h2', 'h2', 'h2']"
instagram.com,"[4, 14, 21, 3, 1, 1]","['h2', 'h2', 'h3', 'h3', 'h2', 'h2']"
netflix.com,"[1, 1, 2, 2, 3, 5, 1, 1, 4, 1, 3, 6, 1, 1, 1, 1, 1, 1, 2, 2, 1, 1, 2, 1, 2, 1, 1, 2, 2, 1, 2, 1, 1]","['h1', 'h2', 'h2', 'h1', 'h1', 'h1', 'h1', 'h1', 'h2', 'h1', 'h1', 'h2', 'h1', 'h1', 'h1', 'h1', 'h1', 'h2', 'h2', 'h1', 'h1', 'h2', 'h2', 'h2', 'h2', 'h1', 'h1', 'h3', 'h2', 'h3', 'h3', 'h2', 'h2']"
github.com,"[2, 42, 13, 2, 1, 6, 1, 2]","['h2', 'h2', 'h2', 'h2', 'h2', 'h2', 'h2', 'h2']"
wordpress.org,"[12, 8, 3, 7, 2, 2, 2, 1]","['h2', 'h3', 'h2', 'h3', 'h2', 'h2', 'h2', 'h2']"
youtube.com,"[1, 10, 21, 1, 3, 6, 1, 2, 4, 53, 1, 1, 5, 1, 3, 1, 1]","['h2', 'h2', 'h3', 'h2', 'h2', 'h2', 'h3', 'h3', 'h2', 'h3', 'h3', 'h2', 'h3', 'h3', 'h3', 'h2', 'h3']"
spotify.com,"[5, 2, 1, 6, 4, 1, 2, 1, 1, 3, 123, 1, 7, 2, 2, 1, 6, 4, 3, 2, 2, 5, 2, 1, 3, 5, 1, 2, 2, 1, 1, 4, 1, 2, 1, 2, 1, 2, 1, 1, 1, 1, 1]","['h2', 'h2', 'h2', 'h2', 'h2', 'h3', 'h2', 'h2', 'h2', 'h2', 'h3', 'h2', 'h2', 'h2', 'h2', 'h3', 'h3', 'h2', 'h3', 'h2', 'h2', 'h2', 'h2', 'h2', 'h2', 'h2', 'h3', 'h2', 'h2', 'h2', 'h1', 'h2', 'h3', 'h2', 'h2', 'h2', 'h2', 'h2', 'h2', 'h2', 'h2', 'h2', 'h2']"
roblox.com,"[2, 5, 9, 1, 67, 13, 2, 2, 4, 2, 4, 13, 1]","['h2', 'h2', 'h3', 'h2', 'h2', 'h2', 'h2', 'h2', 'h3', 'h2', 'h2', 'h2', 'h2']"
zoom.us,"[3, 3, 1, 4, 5, 9, 22, 3, 2, 12, 2, 1, 2, 1, 6, 3, 2, 5, 1, 1, 2, 4, 2, 1, 2, 1, 3, 2, 1, 1, 1, 4, 2, 1, 1, 2, 2, 2, 2, 2, 2, 2, 1, 2, 2, 1, 4, 4, 2, 1, 1, 3, 3, 2, 1, 2, 1, 1, 2, 1, 1, 11, 1, 2, 1, 1, 4, 1, 3, 1, 2, 3, 1, 1, 1, 2, 1, 3, 3, 2, 8, 5, 2, 1, 2]","['h2', 'h2', 'h2', 'h2', 'h2', 'h3', 'h3', 'h2', 'h2', 'h2', 'h2', 'h2', 'h2', 'h2', 'h3', 'h2', 'h2', 'h2', 'h3', 'h2', 'h2', 'h2', 'h2', 'h2', 'h1', 'h2', 'h2', 'h2', 'h2', 'h2', 'h2', 'h2', 'h2', 'h2', 'h2', 'h1', 'h2', 'h2', 'h1', 'h1', 'h1', 'h2', 'h2', 'h2', 'h2', 'h2', 'h2', 'h1', 'h3', 'h2', 'h1', 'h2', 'h2', 'h3', 'h3', 'h1', 'h3', 'h2', 'h3', 'h3', 'h2', 'h2', 'h2', 'h2', 'h2', 'h2', 'h2', 'h3', 'h2', 'h2', 'h2', 'h2', 'h2', 'h2', 'h2', 'h2', 'h2', 'h3', 'h2', 'h2', 'h2', 'h3', 'h2', 'h1', 'h2']"
vimeo.com,"[2, 1, 4, 2, 13, 40, 6, 1, 3, 2, 1, 6, 6, 5, 11, 1, 1, 3, 2, 1, 2, 2, 8, 1, 1, 4, 2, 1, 2, 3, 1, 1, 1]","['h1', 'h2', 'h2', 'h2', 'h2', 'h2', 'h2', 'h2', 'h1', 'h2', 'h1', 'h2', 'h2', 'h2', 'h2', 'h1', 'h2', 'h1', 'h2', 'h2', 'h2', 'h2', 'h2', 'h2', 'h2', 'h2', 'h2', 'h2', 'h2', 'h2', 'h2', 'h2', 'h2']"
skype.com,"[1, 3, 2, 19, 1, 1, 1, 3, 2, 1, 3, 2, 5]","['h2', 'h2', 'h2', 'h2', 'h2', 'h1', 'h1', 'h2', 'h2', 'h1', 'h2', 'h2', 'h2']"
qq.com,"[1, 1, 60, 2, 2, 2, 2, 2, 1, 3, 9, 3, 3, 2, 1, 1, 1, 1, 2, 21, 2, 1, 1, 1, 2, 1, 2, 1, 2, 2, 1, 8, 13, 44, 1, 1, 1, 1, 1, 2, 15, 2]","['h2', 'h1', 'h2', 'h1', 'h1', 'h1', 'h1', 'h1', 'h1', 'h1', 'h2', 'h2', 'h1', 'h1', 'h1', 'h1', 'h1', 'h1', 'h2', 'h2', 'h1', 'h2', 'h2', 'h1', 'h1', 'h1', 'h1', 'h1', 'h1', 'h1', 'h1', 'h2', 'h2', 'h3', 'h2', 'h3', 'h3', 'h2', 'h2', 'h2', 'h2', 'h2']"
cloudflare.com,"[1, 41, 34, 1, 1, 1, 1, 1, 1, 2, 2, 1, 1, 7, 2, 1, 1, 1, 1, 2, 2, 6, 1, 1, 2, 2, 3, 1, 1, 2, 1, 1, 2, 2, 1, 1, 2, 1, 1, 2, 1, 1, 6, 2, 1, 1, 1, 1, 1, 1, 16]","['h3', 'h3', 'h3', 'h2', 'h3', 'h1', 'h1', 'h3', 'h1', 'h2', 'h2', 'h2', 'h3', 'h2', 'h2', 'h2', 'h2', 'h2', 'h2', 'h2', 'h1', 'h2', 'h2', 'h2', 'h2', 'h3', 'h3', 'h2', 'h3', 'h2', 'h2', 'h2', 'h2', 'h2', 'h2', 'h1', 'h2', 'h2', 'h1', 'h1', 'h3', 'h2', 'h2', 'h1', 'h1', 'h2', 'h2', 'h2', 'h2', 'h3', 'h2']"
gandi.net,"[1, 11, 1, 1, 1, 1, 1]","['h1', 'h2', 'h2', 'h1', 'h2', 'h2', 'h2']"
msn.com,"[1, 1, 2, 19, 218, 2, 17, 1, 1, 2, 5, 21, 1, 1, 1, 2, 1, 1, 2, 1, 11, 1, 1, 1, 3, 2, 53, 1, 1, 1, 1, 1, 1, 1, 2, 1, 33, 1, 3, 2, 1, 1, 3, 2, 1, 2, 2, 1, 4, 2, 1, 2, 2, 3, 1, 2, 1, 1, 5, 2, 1]","['h1', 'h1', 'h2', 'h2', 'h2', 'h2', 'h2', 'h1', 'h1', 'h2', 'h2', 'h2', 'h2', 'h2', 'h1', 'h2', 'h2', 'h2', 'h2', 'h3', 'h2', 'h2', 'h2', 'h2', 'h2', 'h2', 'h2', 'h1', 'h1', 'h1', 'h1', 'h2', 'h1', 'h1', 'h2', 'h2', 'h3', 'h2', 'h2', 'h2', 'h2', 'h3', 'h2', 'h2', 'h1', 'h2', 'h2', 'h1', 'h2', 'h2', 'h1', 'h2', 'h2', 'h2', 'h1', 'h2', 'h3', 'h1', 'h2', 'h2', 'h1']"
tds.net,"[1, 1, 10, 24, 1, 10, 1, 2, 1, 1, 3, 1, 1, 1, 2, 1, 1, 2, 7, 1, 2, 26, 40, 12, 2, 1, 3, 38, 3, 2, 1, 2, 1, 13, 1, 2, 2, 4, 9, 2, 3, 1, 6, 2, 2, 4, 2, 2, 2, 2, 2, 1, 1, 2, 1, 1, 2, 1, 1, 1, 2, 2, 1, 2, 1, 3, 2, 3, 1, 4, 6, 1, 4, 2, 2, 2, 1, 2, 2, 2, 2, 1, 3, 1, 1, 2, 1, 12, 11, 1, 1, 3, 8, 3, 4, 3, 15, 2, 2, 1, 2, 2, 2, 6, 8, 4, 1, 6, 1, 2, 1, 1, 1, 1, 1, 3, 2, 2, 1, 1, 2, 4, 2, 1, 2, 1, 1, 2, 2, 1, 1, 2, 2]","['h1', 'h2', 'h2', 'h2', 'h1', 'h3', 'h2', 'h2', 'h3', 'h3', 'h2', 'h2', 'h2', 'h2', 'h2', 'h2', 'h2', 'h2', 'h2', 'h2', 'h2', 'h2', 'h2', 'h2', 'h2', 'h2', 'h2', 'h2', 'h2', 'h2', 'h2', 'h2', 'h3', 'h3', 'h2', 'h2', 'h1', 'h2', 'h2', 'h2', 'h2', 'h2', 'h2', 'h3', 'h2', 'h2', 'h2', 'h2', 'h2', 'h2', 'h2', 'h2', 'h2', 'h2', 'h2', 'h2', 'h2', 'h2', 'h2', 'h2', 'h2', 'h2', 'h2', 'h2', 'h2', 'h2', 'h3', 'h2', 'h3', 'h2', 'h2', 'h2', 'h2', 'h2', 'h2', 'h2', 'h1', 'h2', 'h2', 'h3', 'h1', 'h2', 'h2', 'h2', 'h2', 'h2', 'h2', 'h2', 'h2', 'h2', 'h1', 'h2', 'h2', 'h2', 'h2', 'h2', 'h2', 'h2', 'h2', 'h2', 'h2', 'h2', 'h2', 'h3', 'h2', 'h2', 'h2', 'h2', 'h2', 'h1', 'h2', 'h2', 'h2', 'h2', 'h1', 'h2', 'h1', 'h1', 'h1', 'h2', 'h1', 'h2', 'h2', 'h1', 'h1', 'h2', 'h2', 'h1', 'h2', 'h1', 'h1', 'h2', 'h1']"
bing.com,"[1, 3, 1, 3, 101, 19, 1, 24, 2, 2, 1, 1, 2, 2, 9, 12, 2, 24, 17]","['h1', 'h2', 'h1', 'h2', 'h3', 'h2', 'h3', 'h2', 'h2', 'h1', 'h1', 'h1', 'h2', 'h2', 'h2', 'h2', 'h2', 'h3', 'h2']"
ntp.org,"[1, 1, 1, 2, 2, 1, 1, 2, 1, 3, 3, 1, 1, 3, 1, 1, 4, 2, 2]","['h1', 'h2', 'h2', 'h1', 'h1', 'h1', 'h1', 'h1', 'h1', 'h2', 'h2', 'h2', 'h3', 'h2', 'h2', 'h2', 'h1', 'h2', 'h2']"
wikipedia.org,"[8, 1]","['h2', 'h2']"
bit.ly,"[1, 1, 1, 44, 5, 2, 4, 2, 2, 6, 1, 4, 1, 2, 2, 1, 1, 1, 1, 1, 3, 2, 3, 1, 1, 2, 1, 1, 3, 1, 1, 1, 1, 1, 3, 1, 2]","['h2', 'h2', 'h2', 'h2', 'h2', 'h2', 'h2', 'h2', 'h2', 'h2', 'h3', 'h3', 'h2', 'h2', 'h2', 'h2', 'h2', 'h2', 'h2', 'h3', 'h3', 'h2', 'h2', 'h3', 'h3', 'h2', 'h2', 'h2', 'h2', 'h2', 'h2', 'h2', 'h2', 'h2', 'h3', 'h2', 'h2']"
linkedin.com,"[2, 16, 8, 1, 1, 1, 10, 2, 1, 1, 1, 2, 1]","['h2', 'h2', 'h2', 'h1', 'h1', 'h1', 'h2', 'h2', 'h2', 'h2', 'h2', 'h2', 'h2']"
microsoft.com,"[1, 45, 17, 3, 1, 1, 4, 2, 1, 1, 1, 2, 6, 2, 3, 2, 1, 2, 1, 2, 1, 1, 1, 2, 3, 1, 7, 3, 2, 1, 1, 1, 1, 2, 1, 1, 2, 3, 3, 2, 4, 6, 2, 2, 2]","['h2', 'h2', 'h2', 'h2', 'h2', 'h1', 'h2', 'h2', 'h1', 'h1', 'h1', 'h2', 'h2', 'h2', 'h2', 'h2', 'h1', 'h1', 'h2', 'h2', 'h1', 'h1', 'h1', 'h2', 'h2', 'h2', 'h2', 'h2', 'h2', 'h3', 'h2', 'h2', 'h1', 'h2', 'h2', 'h3', 'h2', 'h2', 'h2', 'h2', 'h2', 'h2', 'h2', 'h1', 'h2']"
icloud.com,"[1, 19, 1, 4, 1, 1, 1]","['h2', 'h2', 'h2', 'h2', 'h1', 'h1', 'h1']"
facebook.com,"[2, 2, 8, 1, 6, 5, 1]","['h2', 'h2', 'h3', 'h2', 'h2', 'h3', 'h2']"
digicert.com,"[1, 61, 19, 1, 1, 3, 5, 4, 1, 1, 6, 1, 2, 1, 2, 2, 2, 1, 1, 1, 2, 2, 4, 1, 2, 1, 1, 2, 1, 1, 2, 1, 1, 4, 1, 1, 1, 1, 1, 1, 3, 1, 1]","['h2', 'h2', 'h2', 'h1', 'h1', 'h2', 'h2', 'h3', 'h2', 'h1', 'h2', 'h2', 'h2', 'h2', 'h2', 'h3', 'h3', 'h3', 'h2', 'h1', 'h2', 'h2', 'h2', 'h1', 'h2', 'h3', 'h3', 'h3', 'h1', 'h3', 'h1', 'h2', 'h2', 'h2', 'h2', 'h2', 'h2', 'h2', 'h3', 'h2', 'h2', 'h2', 'h2']"
mail.ru,"[18, 7, 15, 2, 25, 2, 1, 1, 2, 9, 2, 11, 7, 2, 1, 2, 14, 4, 1, 5, 1, 1, 1, 2, 7, 1, 1, 5, 1, 11, 1, 1, 3, 6, 2, 13, 8, 2, 1, 1, 4, 6, 4, 1, 1, 19, 2, 17, 1, 2, 3, 2, 8, 2, 3, 2]","['h2', 'h2', 'h2', 'h2', 'h2', 'h2', 'h2', 'h2', 'h2', 'h2', 'h2', 'h2', 'h2', 'h1', 'h2', 'h2', 'h2', 'h2', 'h1', 'h1', 'h2', 'h2', 'h1', 'h2', 'h2', 'h2', 'h2', 'h1', 'h1', 'h2', 'h2', 'h1', 'h2', 'h2', 'h2', 'h2', 'h2', 'h1', 'h2', 'h2', 'h2', 'h2', 'h2', 'h2', 'h2', 'h2', 'h1', 'h2', 'h2', 'h2', 'h2', 'h2', 'h2', 'h2', 'h2', 'h2']"
wordpress.com,"[3, 2, 1, 1, 4, 1, 6, 1, 2, 1, 1, 1, 4, 1, 2, 1, 1, 4, 1, 1, 1, 1, 1, 1, 1, 2, 2, 2, 1, 1, 1, 1]","['h2', 'h2', 'h2', 'h2', 'h3', 'h2', 'h2', 'h2', 'h2', 'h3', 'h2', 'h3', 'h3', 'h2', 'h2', 'h2', 'h2', 'h2', 'h2', 'h2', 'h2', 'h2', 'h1', 'h3', 'h2', 'h2', 'h3', 'h3', 'h2', 'h2', 'h2', 'h3']"
yandex.net,"[1, 14, 1, 2, 4, 10, 2, 4]","['h1', 'h2', 'h1', 'h1', 'h2', 'h2', 'h2', 'h2']"
office365.com,"[2, 61, 1, 2, 1, 9, 2, 2, 4, 2, 12, 1, 3, 4, 3, 1, 10, 2, 1, 4, 1, 2, 1, 1, 1, 1, 1, 2, 2, 3, 2]","['h1', 'h2', 'h2', 'h2', 'h2', 'h2', 'h2', 'h2', 'h2', 'h2', 'h2', 'h2', 'h2', 'h2', 'h2', 'h1', 'h2', 'h1', 'h1', 'h2', 'h1', 'h2', 'h2', 'h1', 'h2', 'h1', 'h1', 'h2', 'h2', 'h2', 'h1']"
amazon.com,"[1, 3, 3, 3, 168, 42, 26, 2, 1, 6, 1, 1, 6, 2, 2, 4]","['h1', 'h2', 'h2', 'h2', 'h3', 'h3', 'h2', 'h2', 'h2', 'h3', 'h1', 'h2', 'h1', 'h1', 'h1', 'h1']"
google-analytics.com,"[1, 2, 3, 1, 1, 1, 5, 4, 5, 3, 3, 4, 4, 3, 2, 2, 1, 1]","['h2', 'h3', 'h2', 'h2', 'h2', 'h3', 'h2', 'h2', 'h3', 'h3', 'h2', 'h2', 'h3', 'h2', 'h2', 'h3', 'h3', 'h2']"
pinterest.com,"[1, 4, 11, 80, 1, 1, 22, 51, 29, 2, 2, 3, 1, 12, 3]","['h2', 'h2', 'h2', 'h3', 'h2', 'h2', 'h3', 'h2', 'h3', 'h2', 'h2', 'h2', 'h3', 'h3', 'h2']"
whatsapp.net,"[1, 1, 4, 2, 4, 8, 35, 2]","['h2', 'h2', 'h2', 'h2', 'h3', 'h2', 'h3', 'h2']"
googlevideo.com,"[1, 1, 15, 1, 2, 1, 3, 1, 5, 2, 1, 6]","['h1', 'h2', 'h3', 'h2', 'h2', 'h2', 'h2', 'h2', 'h3', 'h2', 'h2', 'h3']"
amazonaws.com,"[1, 50, 5, 1, 1, 3, 35, 3, 3, 2, 1, 1, 25, 10, 1, 1, 83, 1, 2, 2, 9, 1, 5, 22, 4, 4, 2, 2, 5, 1]","['h1', 'h2', 'h2', 'h2', 'h2', 'h2', 'h3', 'h2', 'h2', 'h2', 'h2', 'h2', 'h3', 'h2', 'h1', 'h2', 'h2', 'h2', 'h2', 'h2', 'h2', 'h2', 'h2', 'h2', 'h2', 'h3', 'h2', 'h2', 'h2', 'h2']"
theguardian.com,"[1, 2, 6, 64, 15, 24, 6, 6, 1, 2, 2, 1, 1, 2, 2, 4, 1, 1, 1, 2, 1, 5, 1, 3, 2, 1, 1, 1, 1, 1, 2, 2, 2, 1, 9, 17, 1, 1, 1, 1, 2, 2, 2, 2, 2, 2, 2, 1, 2, 4, 1, 4, 2, 1, 2, 1, 2, 2, 8, 1, 1, 1, 1, 4, 1, 2, 2, 1, 2, 3, 2, 4, 1, 12, 2, 1, 2, 1, 1, 2, 4, 2, 1, 1, 1, 2, 2, 1, 1, 1, 2, 2, 2, 2, 1]","['h2', 'h2', 'h3', 'h2', 'h2', 'h2', 'h2', 'h2', 'h2', 'h2', 'h3', 'h2', 'h2', 'h3', 'h2', 'h2', 'h2', 'h3', 'h1', 'h2', 'h2', 'h3', 'h1', 'h2', 'h2', 'h3', 'h2', 'h2', 'h2', 'h2', 'h2', 'h1', 'h2', 'h3', 'h2', 'h3', 'h3', 'h2', 'h2', 'h2', 'h2', 'h2', 'h2', 'h2', 'h2', 'h2', 'h2', 'h2', 'h1', 'h3', 'h2', 'h2', 'h2', 'h3', 'h3', 'h3', 'h2', 'h2', 'h2', 'h2', 'h2', 'h2', 'h2', 'h2', 'h3', 'h2', 'h2', 'h1', 'h2', 'h2', 'h1', 'h2', 'h2', 'h2', 'h2', 'h1', 'h2', 'h2', 'h2', 'h2', 'h2', 'h2', 'h3', 'h1', 'h1', 'h1', 'h2', 'h2', 'h2', 'h2', 'h2', 'h1', 'h3', 'h1', 'h1']"
vk.com,"[1, 11, 12, 27, 1, 1, 2]","['h2', 'h2', 'h2', 'h2', 'h2', 'h2', 'h2']"
wa.me,"[1, 3, 5, 2, 2]","['h2', 'h2', 'h2', 'h2', 'h3']"
samsung.com,"[1, 49, 18, 28, 29, 3, 2, 6, 1, 1, 2, 3, 1, 6, 1, 1, 1, 1, 1, 1, 4, 5, 1, 2, 1, 8, 3, 2, 2, 1, 1, 31, 9, 1, 1, 5, 1, 1, 1, 1, 1, 1, 3, 13, 2, 3, 1, 1, 2, 1, 1, 1, 2, 3, 1, 1, 1, 2, 1, 3, 1, 3, 2, 2, 2, 1, 1, 29]","['h1', 'h2', 'h2', 'h2', 'h2', 'h2', 'h2', 'h2', 'h2', 'h2', 'h2', 'h1', 'h2', 'h2', 'h2', 'h1', 'h1', 'h1', 'h1', 'h1', 'h2', 'h2', 'h2', 'h2', 'h2', 'h2', 'h2', 'h2', 'h2', 'h2', 'h3', 'h2', 'h2', 'h3', 'h2', 'h2', 'h2', 'h2', 'h2', 'h2', 'h2', 'h2', 'h3', 'h2', 'h2', 'h2', 'h1', 'h3', 'h2', 'h2', 'h2', 'h2', 'h2', 'h2', 'h2', 'h1', 'h2', 'h2', 'h2', 'h2', 'h2', 'h2', 'h2', 'h2', 'h2', 'h3', 'h3', 'h1']"
github.io,"[1, 18]","['h2', 'h2']"
nih.gov,"[1, 29, 2, 1, 2, 2, 4, 2, 3, 4, 1, 2, 1, 5]","['h1', 'h2', 'h2', 'h2', 'h2', 'h2', 'h3', 'h2', 'h2', 'h2', 'h3', 'h2', 'h2', 'h3']"
gravatar.com,"[7, 10, 1, 1, 1, 3, 2, 5, 3, 2, 2, 1]","['h2', 'h3', 'h2', 'h2', 'h2', 'h2', 'h3', 'h2', 'h2', 'h2', 'h2', 'h2']"
intuit.com,"[1, 1, 59, 8, 11, 8, 3, 3, 1, 2, 1, 1, 1, 10, 1, 6, 1, 1, 1, 3, 2, 2, 1, 1, 2, 1, 2, 1, 1, 10, 2, 2, 2, 2, 3, 4, 1, 1]","['h2', 'h1', 'h2', 'h2', 'h2', 'h2', 'h2', 'h2', 'h3', 'h2', 'h2', 'h2', 'h2', 'h2', 'h1', 'h2', 'h2', 'h2', 'h1', 'h2', 'h2', 'h3', 'h2', 'h3', 'h3', 'h2', 'h2', 'h3', 'h3', 'h2', 'h3', 'h3', 'h2', 'h3', 'h2', 'h2', 'h2', 'h2']"
europa.eu,"[1, 1, 27, 2, 2, 12, 7, 3, 1, 2]","['h2', 'h1', 'h2', 'h1', 'h1', 'h3', 'h3', 'h1', 'h2', 'h2']"
paypal.com,"[1, 9, 17, 16, 1, 1, 2, 1, 5, 1, 2, 1, 21, 2]","['h2', 'h2', 'h1', 'h2', 'h2', 'h2', 'h2', 'h1', 'h2', 'h2', 'h2', 'h2', 'h3', 'h2']"
yandex.ru,"[1, 16, 1, 2, 1, 1, 5, 22, 18, 39, 4, 3, 21, 3, 9, 1, 2, 2, 2, 6, 8, 1, 21, 1, 2, 13, 9, 2, 10, 1, 4, 1, 1, 40, 34, 3, 2, 3, 4, 6, 1, 1, 1, 1, 1, 1, 2, 4, 4, 3]","['h2', 'h1', 'h1', 'h1', 'h1', 'h2', 'h1', 'h2', 'h2', 'h2', 'h2', 'h2', 'h2', 'h2', 'h2', 'h2', 'h1', 'h1', 'h1', 'h1', 'h2', 'h1', 'h2', 'h2', 'h2', 'h2', 'h1', 'h2', 'h1', 'h1', 'h1', 'h2', 'h1', 'h2', 'h2', 'h2', 'h2', 'h2', 'h1', 'h1', 'h1', 'h1', 'h1', 'h1', 'h1', 'h1', 'h1', 'h2', 'h2', 'h2']"
dropbox.com,"[1, 82, 165, 10, 4, 4, 1, 10, 2, 1, 3, 1, 1, 1, 1]","['h2', 'h2', 'h3', 'h2', 'h2', 'h2', 'h1', 'h2', 'h2', 'h2', 'h2', 'h2', 'h2', 'h1', 'h2']"
nytimes.com,"[1, 1, 39, 3, 10, 11, 1, 2, 11, 2, 2, 1, 2, 2, 1, 6, 1, 4, 2, 4, 2, 2, 2, 2, 5, 2, 1, 4, 1, 1, 1, 1, 1, 1, 6, 1, 3, 2, 3, 2, 2, 3, 1, 1, 2, 2, 2, 1, 1, 1, 2, 5, 5, 5, 1, 3, 1, 1, 1, 4, 1, 2, 2, 1, 1, 1, 5, 2, 2, 2, 2, 2, 1, 2, 2, 1, 2, 1, 1]","['h2', 'h2', 'h2', 'h2', 'h2', 'h2', 'h2', 'h2', 'h2', 'h2', 'h2', 'h2', 'h2', 'h2', 'h2', 'h2', 'h2', 'h3', 'h2', 'h2', 'h2', 'h2', 'h2', 'h2', 'h2', 'h2', 'h3', 'h2', 'h2', 'h2', 'h2', 'h2', 'h2', 'h2', 'h2', 'h2', 'h2', 'h2', 'h2', 'h2', 'h1', 'h3', 'h2', 'h2', 'h2', 'h2', 'h1', 'h3', 'h2', 'h2', 'h2', 'h3', 'h2', 'h2', 'h3', 'h2', 'h2', 'h3', 'h2', 'h2', 'h2', 'h3', 'h2', 'h2', 'h3', 'h3', 'h2', 'h2', 'h2', 'h2', 'h1', 'h2', 'h2', 'h2', 'h2', 'h1', 'h3', 'h2', 'h2']"
x.com,"[6, 1, 1, 1, 1, 12, 3, 40, 1, 5, 1, 1, 3, 2, 1]","['h2', 'h1', 'h1', 'h2', 'h2', 'h2', 'h2', 'h2', 'h2', 'h2', 'h1', 'h2', 'h2', 'h2', 'h2']"
googledomains.com,"[1, 4, 3, 1, 2, 2, 2, 1, 2, 3, 2, 1, 1]","['h2', 'h2', 'h3', 'h2', 'h2', 'h2', 'h2', 'h3', 'h2', 'h2', 'h2', 'h3', 'h2']"
registrar-servers.com,"[1, 1, 1, 1]","['h2', 'h1', 'h1', 'h1']"
forbes.com,"[1, 1, 3, 4, 1, 5, 6, 3, 15, 5, 11, 1, 2, 1, 4, 1, 1, 2, 1, 7, 4, 2, 2, 1, 2, 2, 2, 1, 3, 1, 3, 1, 1, 1, 2, 2, 1, 2, 4, 2, 2, 4, 1, 1, 1, 2, 1, 1, 2, 1, 1, 1, 2, 8, 2, 9, 4, 3, 2, 1, 1, 2, 2, 2, 4, 5, 2, 1, 2, 7, 3, 4, 2, 5, 2, 1, 2, 2, 2, 1, 2, 6, 3, 2, 1, 9, 3, 2, 2, 2, 1, 1, 1, 4, 1, 13, 12, 3, 3, 1, 3, 1, 1, 2, 1, 2, 2, 1, 1, 1, 1, 1, 2, 1, 1, 1, 2, 2, 1, 1, 4, 2, 2, 2, 1, 1, 1, 3, 1, 1, 2, 2, 2, 2, 1, 1]","['h2', 'h2', 'h2', 'h2', 'h2', 'h2', 'h2', 'h2', 'h3', 'h3', 'h3', 'h2', 'h2', 'h2', 'h3', 'h2', 'h2', 'h2', 'h1', 'h2', 'h3', 'h2', 'h2', 'h3', 'h2', 'h2', 'h3', 'h2', 'h2', 'h2', 'h2', 'h2', 'h2', 'h2', 'h2', 'h2', 'h3', 'h2', 'h2', 'h2', 'h2', 'h2', 'h2', 'h2', 'h2', 'h2', 'h2', 'h2', 'h1', 'h2', 'h2', 'h2', 'h2', 'h3', 'h2', 'h1', 'h2', 'h2', 'h2', 'h2', 'h2', 'h1', 'h2', 'h1', 'h2', 'h3', 'h1', 'h2', 'h2', 'h2', 'h3', 'h2', 'h2', 'h3', 'h2', 'h2', 'h2', 'h1', 'h2', 'h2', 'h2', 'h2', 'h2', 'h2', 'h2', 'h2', 'h2', 'h2', 'h2', 'h1', 'h3', 'h3', 'h2', 'h2', 'h2', 'h2', 'h3', 'h2', 'h3', 'h1', 'h2', 'h3', 'h3', 'h2', 'h2', 'h2', 'h2', 'h1', 'h2', 'h2', 'h2', 'h2', 'h3', 'h2', 'h2', 'h2', 'h2', 'h2', 'h2', 'h2', 'h2', 'h3', 'h2', 'h1', 'h2', 'h2', 'h2', 'h1', 'h2', 'h2', 'h2', 'h3', 'h2', 'h2', 'h1', 'h1']"
casalemedia.com,"[1, 3, 1, 1, 25, 4, 1, 5, 1, 2]","['h3', 'h2', 'h2', 'h1', 'h2', 'h3', 'h2', 'h2', 'h2', 'h2']"
tumblr.com,"[13, 9, 9, 1, 4, 10, 2, 2, 2]","['h2', 'h2', 'h2', 'h2', 'h3', 'h3', 'h2', 'h2', 'h3']"
dns.google,"[1, 4, 1, 1, 1, 1, 1]","['h2', 'h2', 'h3', 'h2', 'h2', 'h3', 'h2']"
medium.com,"[8, 1, 4, 15, 1, 1, 1, 1, 1, 1, 3, 6, 1, 3, 2]","['h2', 'h2', 'h3', 'h3', 'h2', 'h3', 'h2', 'h2', 'h2', 'h2', 'h3', 'h2', 'h2', 'h2', 'h2']"
gmail.com,"[1, 1, 2, 1, 11, 1, 1, 1, 4, 1]","['h2', 'h2', 'h2', 'h2', 'h3', 'h2', 'h2', 'h2', 'h3', 'h3']"
applovin.com,"[1, 5, 96, 1, 1, 1, 6, 1, 1, 1, 5, 6, 1, 1]","['h2', 'h2', 'h3', 'h2', 'h2', 'h2', 'h3', 'h2', 'h2', 'h2', 'h2', 'h2', 'h2', 'h2']"
opera.com,"[1, 1, 44, 2, 10, 1, 2, 1, 1, 2, 1, 1, 1, 4, 1, 1, 1, 1, 2, 5, 3, 2, 2]","['h1', 'h2', 'h2', 'h2', 'h2', 'h3', 'h2', 'h2', 'h2', 'h2', 'h3', 'h2', 'h2', 'h2', 'h2', 'h2', 'h2', 'h2', 'h2', 'h2', 'h2', 'h2', 'h1']"
ui.com,"[2, 25, 2, 2, 5, 2, 2, 1, 1, 1, 4, 2, 4, 1, 1, 1, 6, 1, 1, 1, 1, 1, 3, 3, 2, 3, 2, 2, 7, 2]","['h2', 'h3', 'h3', 'h2', 'h2', 'h2', 'h2', 'h2', 'h2', 'h2', 'h3', 'h2', 'h2', 'h2', 'h2', 'h2', 'h2', 'h2', 'h2', 'h2', 'h2', 'h2', 'h3', 'h2', 'h2', 'h3', 'h2', 'h2', 'h1', 'h2']"
windows.com,"[1, 1, 1, 11, 3, 14, 2, 10, 1, 2, 2, 3, 1, 3, 1, 1, 1, 2, 2, 2, 2, 1, 4, 1, 6, 2, 2, 1, 1, 4, 4, 3, 4, 2, 1, 2, 2, 1, 1, 2, 1, 2, 2, 7]","['h2', 'h1', 'h1', 'h2', 'h2', 'h2', 'h2', 'h2', 'h2', 'h2', 'h2', 'h2', 'h2', 'h2', 'h2', 'h1', 'h2', 'h2', 'h2', 'h2', 'h2', 'h2', 'h2', 'h2', 'h2', 'h2', 'h2', 'h2', 'h2', 'h2', 'h2', 'h2', 'h1', 'h2', 'h1', 'h2', 'h2', 'h1', 'h1', 'h2', 'h1', 'h2', 'h2', 'h2']"
sberdevices.ru,"[1, 15, 48, 6, 2, 2, 1, 1, 12, 1, 1, 1, 1, 2, 1, 1, 1, 2, 4, 7, 5, 2, 3, 1, 3, 1, 1, 6, 2, 2, 2, 2, 1, 1, 1, 1, 2, 1, 2, 1, 1, 2, 1, 3, 1, 1, 4, 1, 1, 1]","['h2', 'h2', 'h2', 'h2', 'h1', 'h2', 'h2', 'h3', 'h2', 'h2', 'h2', 'h1', 'h1', 'h1', 'h2', 'h1', 'h1', 'h1', 'h2', 'h2', 'h2', 'h2', 'h1', 'h1', 'h2', 'h1', 'h1', 'h2', 'h1', 'h1', 'h1', 'h1', 'h2', 'h2', 'h2', 'h1', 'h1', 'h1', 'h2', 'h2', 'h1', 'h2', 'h2', 'h1', 'h1', 'h1', 'h2', 'h1', 'h1', 'h1']"
t-mobile.com,"[1, 51, 10, 8, 11, 1, 1, 2, 2, 4, 3, 5, 1, 1, 2, 2, 1, 1, 2, 1, 6, 4, 1, 1, 1, 1, 6, 2, 5, 1, 5, 1, 2, 1, 1, 1, 1, 2, 4, 3, 1, 2, 1, 3, 5, 2, 6, 2, 4, 1, 3, 1, 2, 1]","['h2', 'h2', 'h2', 'h2', 'h2', 'h2', 'h2', 'h2', 'h2', 'h2', 'h2', 'h2', 'h2', 'h2', 'h1', 'h1', 'h2', 'h2', 'h2', 'h1', 'h2', 'h2', 'h3', 'h2', 'h2', 'h3', 'h2', 'h2', 'h2', 'h2', 'h2', 'h1', 'h2', 'h2', 'h1', 'h2', 'h2', 'h2', 'h2', 'h2', 'h2', 'h2', 'h2', 'h2', 'h3', 'h3', 'h2', 'h3', 'h2', 'h3', 'h3', 'h2', 'h2', 'h3']"
apache.org,"[29, 2, 1, 1]","['h2', 'h1', 'h2', 'h2']"
xiaomi.com,"[1, 20, 35, 1, 1, 1, 3, 5, 1, 2, 5, 3, 1, 1, 2, 2, 2, 2, 1, 1, 1, 2, 2, 1, 1, 1, 2, 2, 1, 1, 1, 1, 1]","['h1', 'h2', 'h2', 'h2', 'h2', 'h1', 'h2', 'h2', 'h2', 'h2', 'h2', 'h2', 'h3', 'h2', 'h3', 'h2', 'h3', 'h2', 'h3', 'h3', 'h1', 'h2', 'h3', 'h2', 'h2', 'h3', 'h2', 'h2', 'h1', 'h1', 'h1', 'h1', 'h2']"
webex.com,"[2, 47, 1, 5, 4, 1, 1, 2, 3, 4, 1, 4, 6, 1, 4, 1, 1, 2, 1, 1, 1, 18, 3, 1, 1, 2, 1, 1, 4, 2, 1, 2, 1, 1, 1, 3, 1, 1, 1, 2, 1, 1, 1, 1, 2, 1, 2, 6, 1, 6, 1, 2, 7, 3, 2, 1, 1, 1, 2, 5, 2, 1, 1, 1, 1, 1, 1, 1, 4, 1, 3, 1, 1, 3, 4, 4, 3, 1, 2, 1, 4, 5, 6, 2, 1, 1, 1, 1, 4, 3]","['h1', 'h2', 'h2', 'h2', 'h2', 'h2', 'h2', 'h2', 'h2', 'h3', 'h2', 'h2', 'h2', 'h2', 'h2', 'h2', 'h2', 'h1', 'h1', 'h1', 'h1', 'h2', 'h2', 'h2', 'h2', 'h2', 'h2', 'h2', 'h2', 'h2', 'h2', 'h1', 'h2', 'h1', 'h2', 'h2', 'h3', 'h1', 'h3', 'h2', 'h2', 'h2', 'h2', 'h2', 'h1', 'h1', 'h2', 'h2', 'h2', 'h2', 'h2', 'h2', 'h2', 'h2', 'h1', 'h2', 'h2', 'h2', 'h1', 'h3', 'h3', 'h2', 'h2', 'h3', 'h2', 'h2', 'h2', 'h1', 'h2', 'h1', 'h2', 'h2', 'h1', 'h2', 'h2', 'h3', 'h3', 'h3', 'h2', 'h2', 'h2', 'h3', 'h3', 'h2', 'h3', 'h2', 'h2', 'h2', 'h3', 'h2']"
sentry.io,"[1, 2, 2, 1, 1, 17, 16, 2, 2, 4, 4, 4, 4, 4, 4, 1, 1, 3, 3, 2]","['h2', 'h2', 'h3', 'h2', 'h2', 'h2', 'h2', 'h2', 'h2', 'h1', 'h1', 'h1', 'h1', 'h1', 'h1', 'h3', 'h2', 'h3', 'h2', 'h2']"
baidu.com,"[1, 5, 38, 1, 2, 1, 1, 1, 2, 1, 1, 1, 2, 1, 1, 1, 2]","['h1', 'h1', 'h2', 'h1', 'h1', 'h1', 'h1', 'h2', 'h1', 'h1', 'h2', 'h2', 'h1', 'h1', 'h1', 'h1', 'h2']"
tiktok.com,"[1, 11, 11, 2, 68, 18, 2, 3, 4, 18, 5, 1, 2, 2, 15, 1, 12, 1, 1, 1, 1, 1, 2, 3, 1]","['h2', 'h2', 'h2', 'h2', 'h3', 'h2', 'h2', 'h2', 'h2', 'h2', 'h2', 'h2', 'h2', 'h3', 'h2', 'h2', 'h2', 'h2', 'h2', 'h2', 'h2', 'h2', 'h2', 'h2', 'h1']"
cloudflare-dns.com,"[1, 7, 1, 1, 2, 9, 8]","['h2', 'h3', 'h2', 'h2', 'h2', 'h2', 'h2']"
t.me,"[1, 32]","['h2', 'h2']"
one.one,"[1, 14, 7, 10, 9, 2, 1, 1, 8, 1, 3, 3, 2, 1, 2, 1, 1, 1, 1]","['h2', 'h2', 'h2', 'h2', 'h2', 'h2', 'h2', 'h2', 'h2', 'h2', 'h3', 'h2', 'h2', 'h3', 'h2', 'h2', 'h2', 'h1', 'h1']"
nist.gov,"[1, 8, 7, 8, 7, 8, 8, 3, 1, 1, 1, 1, 1, 1, 2, 1, 1, 3, 1, 1, 1]","['h1', 'h1', 'h1', 'h1', 'h1', 'h1', 'h1', 'h2', 'h3', 'h1', 'h1', 'h1', 'h1', 'h1', 'h2', 'h1', 'h2', 'h3', 'h1', 'h2', 'h1']"
w3.org,[23],['h3']
pki.goog,"[3, 1, 2, 1, 2, 2, 2, 2, 2, 4, 1, 2, 1]","['h2', 'h3', 'h3', 'h2', 'h2', 'h2', 'h2', 'h3', 'h2', 'h2', 'h3', 'h2', 'h3']"
criteo.com,"[76, 2, 1, 2, 4, 2, 1, 1, 2, 2, 4, 2, 1, 1, 3, 1, 1, 1, 2, 1, 1, 2, 1, 3, 1, 1, 1, 1, 1, 1, 4, 2, 1, 1, 1, 3, 4, 2, 2, 1, 2, 2]","['h2', 'h2', 'h2', 'h2', 'h2', 'h2', 'h2', 'h2', 'h2', 'h2', 'h2', 'h1', 'h2', 'h2', 'h1', 'h3', 'h2', 'h2', 'h2', 'h3', 'h2', 'h2', 'h2', 'h2', 'h3', 'h2', 'h1', 'h2', 'h1', 'h2', 'h2', 'h2', 'h2', 'h1', 'h2', 'h2', 'h2', 'h2', 'h2', 'h2', 'h2', 'h2']"
mozilla.org,"[1, 41, 3, 1, 1]","['h2', 'h2', 'h2', 'h2', 'h2']"
lencr.org,"[1, 13, 1, 2, 1, 1, 1, 1, 2, 1]","['h2', 'h2', 'h2', 'h1', 'h1', 'h2', 'h2', 'h2', 'h1', 'h2']"
bbc.com,"[1, 2, 14, 7, 3, 5, 1, 5, 1, 1, 4, 1, 9, 3, 1, 1, 1, 1, 2, 3, 6, 1, 1, 1, 1, 1, 5, 2, 1, 2, 3, 3, 1, 21, 2, 1, 1, 1, 2, 1, 19, 1, 4, 1, 1, 1, 2, 1, 2]","['h2', 'h2', 'h3', 'h2', 'h1', 'h3', 'h2', 'h2', 'h2', 'h2', 'h2', 'h2', 'h2', 'h2', 'h2', 'h2', 'h2', 'h2', 'h2', 'h2', 'h2', 'h2', 'h2', 'h2', 'h1', 'h2', 'h3', 'h2', 'h1', 'h2', 'h2', 'h2', 'h3', 'h3', 'h2', 'h2', 'h2', 'h2', 'h3', 'h2', 'h2', 'h2', 'h2', 'h2', 'h2', 'h2', 'h2', 'h3', 'h3']"
rubiconproject.com,"[1, 1, 48, 2, 2, 1, 2, 2, 1, 1, 1, 1, 4, 1, 1, 12, 1, 1, 2]","['h1', 'h2', 'h2', 'h2', 'h2', 'h2', 'h2', 'h1', 'h2', 'h2', 'h3', 'h2', 'h2', 'h1', 'h2', 'h2', 'h2', 'h2', 'h2']"
ebay.com,"[2, 16, 5, 21, 1, 1, 21, 21, 3, 1, 1, 1, 3, 1, 1, 2, 2, 2, 2, 2, 1, 2, 1, 1, 2, 1, 9, 1, 1, 2, 3, 2, 1, 1, 3, 4, 2, 1, 1, 1]","['h2', 'h2', 'h2', 'h2', 'h1', 'h2', 'h2', 'h2', 'h1', 'h2', 'h1', 'h1', 'h3', 'h2', 'h2', 'h2', 'h2', 'h2', 'h2', 'h2', 'h2', 'h1', 'h1', 'h2', 'h2', 'h1', 'h1', 'h2', 'h2', 'h2', 'h3', 'h3', 'h2', 'h2', 'h2', 'h3', 'h2', 'h3', 'h3', 'h2']"
launchdarkly.com,"[41, 5, 7, 47, 1, 1, 4, 1, 1, 1, 3, 2, 10, 3, 1, 1, 6, 4, 1, 6, 4, 1, 3, 1, 2, 2, 2, 1, 6, 1, 1, 7, 2, 2, 2, 1, 1, 4, 1, 4, 1, 1, 1, 1, 2, 1, 1, 2, 1, 2, 5, 1, 1, 1, 1, 1, 2, 1, 6, 4, 1, 1, 1, 2, 2, 1]","['h2', 'h2', 'h2', 'h2', 'h1', 'h3', 'h3', 'h1', 'h2', 'h2', 'h2', 'h2', 'h2', 'h2', 'h2', 'h2', 'h2', 'h2', 'h2', 'h2', 'h2', 'h2', 'h2', 'h2', 'h3', 'h2', 'h1', 'h2', 'h2', 'h2', 'h2', 'h2', 'h3', 'h1', 'h2', 'h2', 'h2', 'h2', 'h2', 'h2', 'h2', 'h2', 'h2', 'h1', 'h2', 'h2', 'h2', 'h1', 'h1', 'h2', 'h1', 'h2', 'h1', 'h1', 'h1', 'h1', 'h1', 'h3', 'h2', 'h1', 'h2', 'h2', 'h1', 'h2', 'h2', 'h2']"
ubuntu.com,"[12, 14, 7, 2, 6, 2, 3, 3, 3, 2, 1]","['h2', 'h2', 'h2', 'h2', 'h2', 'h2', 'h2', 'h3', 'h3', 'h2', 'h2']"
android.com,"[1, 5, 3, 3, 3, 1, 2, 1, 6, 1, 2, 10, 1, 2, 1, 3]","['h2', 'h2', 'h3', 'h2', 'h2', 'h3', 'h3', 'h3', 'h2', 'h2', 'h2', 'h3', 'h3', 'h2', 'h3', 'h3']"
discord.com,"[38, 1, 50, 2, 1, 7, 1, 4, 2, 1, 2, 3, 1]","['h3', 'h2', 'h3', 'h2', 'h3', 'h3', 'h2', 'h2', 'h2', 'h2', 'h2', 'h2', 'h2']"
taobao.com,"[1, 1, 1, 1, 28, 21, 4, 2, 1, 2, 10, 10, 1, 2, 1, 6, 5, 2, 1, 1, 1, 1, 1, 3, 1, 1, 2]","['h2', 'h2', 'h2', 'h2', 'h2', 'h2', 'h2', 'h2', 'h2', 'h2', 'h2', 'h2', 'h2', 'h2', 'h1', 'h2', 'h2', 'h2', 'h1', 'h1', 'h2', 'h2', 'h1', 'h2', 'h1', 'h2', 'h2']"
mit.edu,"[1, 4, 3, 5, 4, 1, 1, 1, 3, 4, 2, 2, 2, 4, 2, 1]","['h1', 'h1', 'h1', 'h1', 'h2', 'h2', 'h2', 'h3', 'h2', 'h1', 'h1', 'h2', 'h2', 'h3', 'h2', 'h1']"
appsflyer.com,"[1, 37, 5, 2, 7, 1, 1, 2, 3, 2, 4, 1, 1, 16, 1, 1, 1, 2, 1, 1, 1, 3, 2, 1, 1, 1, 1, 2, 1, 1, 4, 2, 1, 1, 4, 1, 1, 1, 1, 3, 1, 2, 1, 2, 1, 2, 1, 1, 2, 1, 1, 1, 1, 2, 5, 1, 4, 1]","['h2', 'h2', 'h2', 'h2', 'h2', 'h2', 'h3', 'h2', 'h2', 'h2', 'h2', 'h2', 'h2', 'h2', 'h2', 'h2', 'h2', 'h2', 'h2', 'h2', 'h1', 'h2', 'h1', 'h2', 'h2', 'h2', 'h3', 'h2', 'h2', 'h2', 'h2', 'h2', 'h2', 'h2', 'h2', 'h3', 'h2', 'h1', 'h2', 'h2', 'h1', 'h2', 'h2', 'h2', 'h1', 'h3', 'h2', 'h1', 'h2', 'h2', 'h3', 'h1', 'h1', 'h1', 'h2', 'h1', 'h2', 'h1']"
slack.com,"[2, 13, 4, 1, 1, 24, 6, 2, 1, 1, 1, 3, 1, 1, 4, 1, 2, 1, 4, 1, 2, 1, 1, 1, 1, 2, 1, 1, 1, 1, 1, 1, 6, 2, 2, 1, 3, 1, 1, 4, 2, 1, 3, 2, 8, 2, 2, 1, 1, 2, 1, 2, 2, 3, 1, 4, 2, 2, 3, 24, 2, 2, 10, 2, 1, 2, 2, 5, 1, 2, 1, 2, 3, 1, 1, 4, 1, 1, 3, 6, 1, 1, 4, 3, 5, 2, 11, 2, 2, 1, 1, 2, 2, 2, 1, 5]","['h2', 'h2', 'h2', 'h2', 'h2', 'h2', 'h2', 'h2', 'h2', 'h1', 'h2', 'h2', 'h2', 'h2', 'h2', 'h3', 'h2', 'h2', 'h1', 'h2', 'h2', 'h2', 'h2', 'h2', 'h2', 'h2', 'h3', 'h2', 'h2', 'h2', 'h2', 'h1', 'h2', 'h2', 'h2', 'h2', 'h2', 'h1', 'h2', 'h2', 'h2', 'h2', 'h2', 'h2', 'h3', 'h2', 'h3', 'h1', 'h2', 'h2', 'h2', 'h1', 'h2', 'h2', 'h2', 'h2', 'h2', 'h1', 'h2', 'h1', 'h3', 'h2', 'h2', 'h2', 'h2', 'h1', 'h2', 'h2', 'h1', 'h2', 'h2', 'h2', 'h3', 'h2', 'h2', 'h2', 'h2', 'h2', 'h2', 'h2', 'h3', 'h3', 'h2', 'h3', 'h3', 'h3', 'h3', 'h3', 'h3', 'h2', 'h2', 'h3', 'h1', 'h2', 'h1', 'h3']"
smartadserver.com,"[1, 36, 1, 2, 1, 1, 1, 1, 1, 2, 1]","['h2', 'h2', 'h2', 'h2', 'h2', 'h2', 'h3', 'h2', 'h3', 'h1', 'h1']"
twitch.tv,"[1, 2, 3, 3, 5, 5, 12, 1, 54, 5, 1, 3, 19, 11, 5, 19, 11, 1, 1, 1, 1, 1, 5, 1, 2, 21, 2, 1, 6, 5, 1, 1, 1, 1]","['h1', 'h1', 'h2', 'h2', 'h2', 'h3', 'h2', 'h1', 'h3', 'h1', 'h2', 'h2', 'h3', 'h3', 'h1', 'h2', 'h2', 'h1', 'h1', 'h1', 'h1', 'h1', 'h2', 'h2', 'h1', 'h1', 'h1', 'h2', 'h1', 'h1', 'h1', 'h2', 'h2', 'h2']"
wildberries.ru,"[14, 6, 1, 28, 1, 7, 6, 4, 2, 7, 2, 2, 1, 2, 1, 5, 1, 3, 3, 2, 1, 1, 1]","['h2', 'h2', 'h1', 'h3', 'h2', 'h1', 'h1', 'h1', 'h1', 'h2', 'h2', 'h2', 'h1', 'h2', 'h2', 'h2', 'h2', 'h2', 'h2', 'h2', 'h2', 'h2', 'h2']"
hp.com,"[1, 37, 1, 5, 13, 2, 2, 1, 1, 3, 5, 6, 1]","['h1', 'h2', 'h1', 'h2', 'h2', 'h2', 'h2', 'h2', 'h2', 'h2', 'h2', 'h2', 'h2']"
wikimedia.org,"[15, 4]","['h2', 'h2']"
myfritz.net,"[1, 1, 1, 10, 4, 2, 2, 20, 1, 2, 1, 1]","['h1', 'h2', 'h1', 'h2', 'h2', 'h2', 'h1', 'h2', 'h2', 'h1', 'h2', 'h2']"
who.int,"[1, 6, 5, 41, 1, 1, 1, 6, 1, 2, 3, 10, 2, 2, 2, 3, 1, 1, 1, 1, 1, 1, 1, 2]","['h2', 'h2', 'h2', 'h3', 'h2', 'h2', 'h2', 'h2', 'h3', 'h2', 'h3', 'h3', 'h2', 'h2', 'h2', 'h2', 'h2', 'h3', 'h2', 'h2', 'h2', 'h3', 'h2', 'h1']"
ring.com,"[5, 13, 2, 35, 2, 1, 1, 5, 7, 1, 4, 1, 2, 1, 4, 1, 1, 3, 2, 1, 1]","['h1', 'h2', 'h1', 'h2', 'h2', 'h1', 'h1', 'h2', 'h2', 'h2', 'h2', 'h2', 'h2', 'h2', 'h2', 'h1', 'h1', 'h2', 'h2', 'h1', 'h2']"
adriver.ru,"[1, 12, 7, 12, 11, 12, 3, 1, 2, 3, 1, 2, 1, 1, 1, 3, 2, 2, 5, 1, 1, 1]","['h1', 'h1', 'h1', 'h1', 'h1', 'h1', 'h1', 'h3', 'h3', 'h1', 'h2', 'h1', 'h2', 'h2', 'h2', 'h1', 'h1', 'h1', 'h2', 'h2', 'h1', 'h1']"
mzstatic.com,"[1, 41, 2, 10, 2, 1]","['h1', 'h2', 'h2', 'h2', 'h2', 'h2']"
taboola.com,"[1, 25, 2, 1, 2, 4, 2, 1, 1, 2, 2, 2, 4, 2, 1]","['h2', 'h2', 'h2', 'h3', 'h2', 'h2', 'h3', 'h2', 'h3', 'h2', 'h3', 'h2', 'h2', 'h3', 'h2']"
issuu.com,"[6, 33, 3, 5, 4, 1, 2, 2, 1, 1, 2, 3, 1, 1, 2, 1, 3, 3, 2, 2]","['h2', 'h2', 'h2', 'h2', 'h3', 'h2', 'h2', 'h2', 'h3', 'h2', 'h2', 'h2', 'h2', 'h2', 'h2', 'h2', 'h3', 'h2', 'h2', 'h2']"
doubleverify.com,"[39, 1, 2, 2, 1, 1, 1, 1, 1]","['h2', 'h2', 'h2', 'h2', 'h2', 'h2', 'h2', 'h2', 'h2']"
scorecardresearch.com,"[1, 2, 1, 3, 3, 3, 2, 2, 1]","['h1', 'h1', 'h1', 'h1', 'h1', 'h2', 'h2', 'h2', 'h3']"
cisco.com,"[1, 51, 2, 1, 3, 4, 6, 1, 1, 2, 1, 2, 25, 4, 1, 1, 2, 1, 1, 1, 1, 2, 3, 1, 2, 1, 2, 4, 1, 1, 1, 2, 1, 3, 1, 1, 1, 1, 1, 1, 1]","['h1', 'h2', 'h2', 'h2', 'h2', 'h2', 'h2', 'h2', 'h2', 'h2', 'h2', 'h2', 'h2', 'h2', 'h1', 'h1', 'h2', 'h1', 'h1', 'h2', 'h2', 'h2', 'h2', 'h2', 'h2', 'h2', 'h2', 'h2', 'h3', 'h1', 'h1', 'h1', 'h2', 'h2', 'h2', 'h2', 'h2', 'h2', 'h2', 'h3', 'h2']"
booking.com,"[145, 54, 42, 2, 3, 3, 1, 1, 2, 2, 2, 1, 2, 1, 1, 4, 1, 1, 2, 1, 2, 2, 2, 5, 1, 1, 9, 2, 9, 1, 2, 1, 9, 2, 3, 1, 1, 6, 1, 1, 1, 3, 1, 2, 1, 21, 2, 1, 1, 1, 1]","['h2', 'h2', 'h2', 'h2', 'h2', 'h3', 'h2', 'h2', 'h2', 'h2', 'h3', 'h2', 'h2', 'h2', 'h2', 'h3', 'h2', 'h2', 'h2', 'h2', 'h3', 'h2', 'h3', 'h2', 'h2', 'h3', 'h3', 'h2', 'h2', 'h2', 'h2', 'h3', 'h3', 'h2', 'h3', 'h2', 'h3', 'h3', 'h3', 'h2', 'h2', 'h2', 'h2', 'h3', 'h2', 'h3', 'h2', 'h1', 'h1', 'h1', 'h1']"
elisa.fi,"[13, 5, 10, 4, 8, 1, 2, 1, 1, 1, 1, 1, 1, 2, 1, 1, 1, 1, 3, 1]","['h2', 'h2', 'h2', 'h2', 'h2', 'h2', 'h2', 'h2', 'h2', 'h2', 'h2', 'h2', 'h2', 'h2', 'h2', 'h2', 'h1', 'h3', 'h1', 'h2']"
creativecommons.org,"[28, 1, 1, 1, 1, 2, 2, 2, 1, 3, 2]","['h2', 'h2', 'h2', 'h1', 'h2', 'h2', 'h2', 'h2', 'h2', 'h2', 'h2']"
salesforce.com,"[1, 27, 25, 12, 2, 5, 3, 1, 1, 2, 15, 4, 2, 1, 1, 1, 4, 10, 1, 3, 3, 1, 1, 1, 6, 1, 1, 3, 3, 1, 3, 2, 5, 1, 2, 1, 4, 1, 6, 2, 1, 1, 2, 1, 1, 2, 3, 1, 4, 1, 1, 1, 3, 1, 1, 1, 4, 1, 1, 2, 1, 1, 1, 6, 2, 2, 3, 2, 3, 2, 1, 1, 3]","['h1', 'h2', 'h2', 'h2', 'h2', 'h2', 'h2', 'h2', 'h2', 'h1', 'h2', 'h2', 'h2', 'h2', 'h2', 'h2', 'h2', 'h2', 'h2', 'h2', 'h2', 'h2', 'h2', 'h2', 'h2', 'h3', 'h2', 'h1', 'h1', 'h2', 'h2', 'h3', 'h2', 'h2', 'h2', 'h2', 'h1', 'h2', 'h2', 'h2', 'h1', 'h1', 'h2', 'h1', 'h1', 'h2', 'h2', 'h1', 'h2', 'h1', 'h1', 'h1', 'h2', 'h2', 'h1', 'h1', 'h2', 'h2', 'h1', 'h2', 'h2', 'h2', 'h2', 'h3', 'h3', 'h2', 'h2', 'h3', 'h3', 'h2', 'h3', 'h2', 'h3']"
kaspersky.com,"[1, 30, 5, 16, 2, 1, 3, 2, 6, 1, 1, 2, 1, 8, 2, 5, 1, 1, 5, 1, 1, 1, 2, 1, 1, 3, 1, 1, 1, 1, 4, 2, 1, 2, 1, 1, 2, 1, 3, 1, 1, 1, 2, 2, 1, 2, 2, 4, 2]","['h2', 'h2', 'h2', 'h2', 'h2', 'h2', 'h2', 'h1', 'h1', 'h2', 'h1', 'h2', 'h2', 'h2', 'h2', 'h2', 'h2', 'h2', 'h2', 'h2', 'h2', 'h2', 'h3', 'h3', 'h2', 'h2', 'h2', 'h2', 'h2', 'h2', 'h2', 'h2', 'h3', 'h2', 'h2', 'h3', 'h3', 'h3', 'h2', 'h2', 'h2', 'h2', 'h3', 'h3', 'h2', 'h2', 'h2', 'h1', 'h2']"
digitalocean.com,"[37, 1, 3, 3, 1, 1, 3, 1, 2, 2, 3, 2]","['h2', 'h2', 'h2', 'h2', 'h2', 'h2', 'h2', 'h2', 'h2', 'h2', 'h2', 'h2']"
sciencedirect.com,"[9, 3, 10, 4, 2, 1, 1, 6, 5, 1, 1]","['h2', 'h2', 'h2', 'h2', 'h2', 'h2', 'h2', 'h2', 'h1', 'h2', 'h2']"
amazonvideo.com,"[1, 3, 12, 1, 23, 13, 1, 2, 2]","['h2', 'h2', 'h2', 'h2', 'h3', 'h2', 'h2', 'h1', 'h1']"
hubspot.com,"[1, 12, 50, 9, 8, 5, 2, 1, 8, 2, 3, 15, 2, 4, 1, 1, 1, 1, 1, 1, 1, 1, 1, 4, 2, 2, 1]","['h2', 'h2', 'h3', 'h3', 'h2', 'h2', 'h2', 'h2', 'h2', 'h2', 'h2', 'h2', 'h2', 'h2', 'h2', 'h2', 'h2', 'h2', 'h2', 'h2', 'h2', 'h3', 'h3', 'h2', 'h2', 'h2', 'h2']"
netangels.ru,"[73, 12, 2, 3, 1, 2, 10, 3, 2, 3, 1, 1, 2, 2, 1, 1, 1, 2]","['h2', 'h2', 'h2', 'h2', 'h3', 'h2', 'h2', 'h3', 'h2', 'h2', 'h3', 'h3', 'h2', 'h3', 'h3', 'h2', 'h2', 'h2']"
canva.com,"[64, 17, 1, 3, 2, 1]","['h2', 'h2', 'h2', 'h2', 'h2', 'h2']"
oracle.com,"[1, 50, 6, 1, 1, 1, 1, 2, 1, 2, 2, 4, 1, 2, 1, 5]","['h1', 'h2', 'h2', 'h2', 'h2', 'h2', 'h2', 'h2', 'h2', 'h2', 'h2', 'h2', 'h2', 'h1', 'h1', 'h2']"
www.gov.uk,"[6, 19, 1, 1]","['h2', 'h3', 'h2', 'h3']"
harvard.edu,"[1, 1, 59, 1, 2, 7, 7, 2, 4, 2, 1, 1, 2, 3, 2, 1, 1, 1, 1, 1, 2]","['h1', 'h1', 'h2', 'h2', 'h2', 'h2', 'h2', 'h2', 'h2', 'h2', 'h2', 'h1', 'h3', 'h2', 'h2', 'h2', 'h2', 'h2', 'h2', 'h2', 'h2']"
ea.com,"[3, 11, 1, 1, 1, 15, 3, 1, 2, 48, 2, 1, 2, 1, 1, 19, 1, 1, 1, 2, 11, 2, 1, 4, 2, 6, 2, 1, 1, 1, 1, 2, 2, 1, 1, 1, 1, 1, 2, 4]","['h2', 'h3', 'h2', 'h3', 'h2', 'h2', 'h2', 'h1', 'h2', 'h2', 'h2', 'h2', 'h2', 'h2', 'h3', 'h2', 'h2', 'h2', 'h2', 'h2', 'h2', 'h2', 'h2', 'h2', 'h2', 'h2', 'h2', 'h2', 'h2', 'h1', 'h3', 'h2', 'h2', 'h3', 'h3', 'h2', 'h2', 'h3', 'h3', 'h2']"
washingtonpost.com,"[1, 75, 1, 5, 8, 2, 3, 3, 1, 2, 2, 1, 1, 2, 1, 2, 3, 1, 8, 1, 2, 1, 2, 1, 1, 1, 1, 1, 3, 2, 3, 3, 1, 1, 1, 1, 1, 4, 1, 1, 3, 3, 2, 2, 2, 2, 2, 2, 1, 2, 4, 1, 1, 1, 2, 1, 1, 1, 1, 2]","['h2', 'h2', 'h2', 'h2', 'h2', 'h2', 'h2', 'h2', 'h2', 'h2', 'h3', 'h2', 'h2', 'h2', 'h3', 'h2', 'h2', 'h2', 'h2', 'h2', 'h2', 'h2', 'h1', 'h2', 'h2', 'h2', 'h2', 'h2', 'h2', 'h2', 'h2', 'h2', 'h2', 'h2', 'h3', 'h2', 'h2', 'h2', 'h2', 'h3', 'h3', 'h2', 'h2', 'h2', 'h2', 'h2', 'h2', 'h2', 'h2', 'h2', 'h2', 'h2', 'h2', 'h2', 'h1', 'h1', 'h1', 'h1', 'h1', 'h2']"
weebly.com,"[24, 5, 10, 6, 1, 1, 4, 2, 3, 5, 3, 2, 1, 1, 5, 6, 1, 2, 2, 1, 1, 6, 4, 1, 5, 3, 1, 5, 4, 1, 3, 2, 2]","['h2', 'h2', 'h3', 'h3', 'h2', 'h2', 'h2', 'h2', 'h3', 'h2', 'h2', 'h2', 'h2', 'h3', 'h2', 'h2', 'h2', 'h2', 'h2', 'h1', 'h2', 'h2', 'h2', 'h2', 'h3', 'h3', 'h2', 'h3', 'h3', 'h2', 'h2', 'h1', 'h2']"
crashlytics.com,"[1, 3, 4, 7, 4, 4, 1, 2, 43, 1, 2, 3, 3, 1, 2, 1, 1, 1]","['h2', 'h2', 'h2', 'h3', 'h2', 'h2', 'h3', 'h2', 'h3', 'h3', 'h2', 'h2', 'h3', 'h3', 'h2', 'h2', 'h2', 'h3']"
php.net,"[1, 21, 1, 1, 1, 1]","['h2', 'h2', 'h2', 'h1', 'h2', 'h2']"
sharethrough.com,"[2, 2, 24, 3, 2, 14, 1, 3, 1, 6, 1, 1, 2, 1, 4, 1, 1, 2, 1, 1, 1, 1, 1, 1, 1, 1]","['h2', 'h2', 'h3', 'h3', 'h2', 'h2', 'h3', 'h3', 'h2', 'h2', 'h2', 'h2', 'h1', 'h1', 'h2', 'h2', 'h2', 'h2', 'h2', 'h2', 'h2', 'h3', 'h2', 'h2', 'h2', 'h2']"
slideshare.net,"[1, 2, 1, 8, 22, 2, 69, 1, 2, 2, 3, 3, 1, 1, 4, 2]","['h2', 'h2', 'h2', 'h2', 'h2', 'h2', 'h3', 'h2', 'h3', 'h2', 'h2', 'h2', 'h3', 'h3', 'h2', 'h2']"
go.com,"[1, 1, 8, 3, 5, 7, 1, 2, 4, 1, 2, 6, 1, 4, 1, 2, 1]","['h2', 'h2', 'h2', 'h2', 'h2', 'h3', 'h2', 'h2', 'h2', 'h2', 'h2', 'h2', 'h2', 'h2', 'h2', 'h2', 'h2']"
indeed.com,"[1, 20, 5, 95, 1, 1, 12, 3, 2, 8, 1]","['h3', 'h3', 'h2', 'h3', 'h2', 'h2', 'h3', 'h3', 'h1', 'h3', 'h2']"
3lift.com,"[1, 27, 2, 2, 2, 3, 3, 1, 1, 4, 2, 1, 2, 1, 9, 2, 3, 1, 1, 2, 2, 1, 1, 2, 1, 4]","['h2', 'h2', 'h3', 'h3', 'h2', 'h2', 'h3', 'h2', 'h2', 'h3', 'h2', 'h2', 'h3', 'h1', 'h2', 'h2', 'h2', 'h3', 'h2', 'h2', 'h3', 'h2', 'h2', 'h2', 'h2', 'h2']"
dnsmadeeasy.com,"[2, 11, 28, 1, 1, 1, 3, 7, 4, 2, 1, 2, 2, 1, 1, 2, 1, 2, 1, 7, 3, 5, 1, 1, 1, 16, 1, 1, 3, 1, 6, 1, 1, 1, 1, 2, 1, 1, 3, 1, 1, 1, 1, 2, 1]","['h2', 'h2', 'h2', 'h2', 'h2', 'h2', 'h2', 'h2', 'h2', 'h1', 'h3', 'h2', 'h3', 'h2', 'h1', 'h2', 'h2', 'h2', 'h2', 'h2', 'h2', 'h2', 'h3', 'h2', 'h1', 'h2', 'h3', 'h3', 'h1', 'h1', 'h2', 'h2', 'h3', 'h3', 'h2', 'h2', 'h2', 'h3', 'h2', 'h2', 'h2', 'h2', 'h2', 'h1', 'h1']"
stripe.com,"[5, 1, 86, 34, 2, 1, 1, 7, 2, 8, 1, 8, 5, 1, 1, 1, 3, 2, 1, 1, 2, 1, 1, 3, 1, 2, 1]","['h2', 'h1', 'h2', 'h2', 'h2', 'h2', 'h2', 'h2', 'h2', 'h2', 'h3', 'h2', 'h2', 'h2', 'h1', 'h2', 'h3', 'h2', 'h2', 'h1', 'h2', 'h2', 'h2', 'h3', 'h1', 'h3', 'h3']"
nasa.gov,"[37, 1, 8, 1, 2, 2, 2, 1, 1, 1, 1, 1, 1, 1]","['h2', 'h2', 'h2', 'h2', 'h2', 'h2', 'h1', 'h2', 'h1', 'h2', 'h2', 'h2', 'h1', 'h2']"
avast.com,"[1, 2, 4, 37, 5, 3, 2, 3, 1, 3, 4, 3, 1, 1, 1, 1, 1, 1, 2, 1, 5, 1, 2, 2, 1, 1, 1, 1, 2, 1, 2, 1, 2, 1, 2, 1, 4, 4, 1, 1, 1, 1]","['h1', 'h2', 'h2', 'h2', 'h2', 'h2', 'h2', 'h2', 'h2', 'h2', 'h2', 'h2', 'h2', 'h1', 'h2', 'h3', 'h2', 'h3', 'h2', 'h2', 'h2', 'h3', 'h2', 'h2', 'h2', 'h2', 'h2', 'h2', 'h2', 'h2', 'h2', 'h2', 'h2', 'h3', 'h2', 'h3', 'h2', 'h2', 'h1', 'h1', 'h1', 'h1']"
vungle.com,"[1, 1, 5, 1, 37, 1, 2, 1]","['h2', 'h2', 'h2', 'h2', 'h3', 'h2', 'h2', 'h2']"
linktr.ee,"[7, 1, 5, 7, 32, 8, 2, 2, 6, 2, 1, 4, 1, 1, 14, 1, 3, 1, 3, 5, 2, 1, 8, 1, 2, 3, 1, 1, 1, 1, 1, 1, 1, 1, 1, 1, 2, 2, 4, 3, 1, 2, 4]","['h2', 'h2', 'h2', 'h2', 'h2', 'h2', 'h2', 'h2', 'h2', 'h2', 'h2', 'h2', 'h2', 'h2', 'h2', 'h2', 'h2', 'h2', 'h2', 'h2', 'h2', 'h2', 'h2', 'h1', 'h2', 'h2', 'h2', 'h1', 'h2', 'h1', 'h3', 'h2', 'h2', 'h2', 'h3', 'h1', 'h2', 'h2', 'h1', 'h2', 'h1', 'h2', 'h2']"
cdc.gov,"[1, 40, 3, 1, 1, 2, 2, 1, 1, 2, 1, 1]","['h1', 'h2', 'h2', 'h2', 'h1', 'h2', 'h1', 'h2', 'h2', 'h2', 'h3', 'h1']"
1c.ru,"[34, 6, 10, 2, 1]","['h2', 'h2', 'h2', 'h2', 'h2']"
f5.com,"[1, 1, 1, 28, 3, 1, 2, 1, 1, 1, 1, 2, 1, 1, 1, 1, 1, 2]","['h1', 'h1', 'h1', 'h2', 'h2', 'h2', 'h2', 'h2', 'h2', 'h2', 'h2', 'h2', 'h2', 'h2', 'h2', 'h2', 'h2', 'h2']"
sohu.com,"[1, 2, 5, 2, 85, 90, 3, 2, 2, 1, 3, 1, 1, 2, 1, 1, 1, 1, 2, 1, 1, 7, 1, 2, 6, 4, 1, 10, 6, 2, 1, 1, 9, 5, 7, 5, 9, 2, 3, 2, 1, 6, 4, 23, 9, 1, 6, 6, 5, 2, 6, 4, 2, 6, 7, 6, 10, 10, 8, 5, 3, 2, 2, 1, 6, 3, 3, 2, 2, 2, 2, 2, 3, 1, 14, 1, 1, 5]","['h2', 'h1', 'h1', 'h1', 'h2', 'h2', 'h1', 'h1', 'h1', 'h1', 'h2', 'h1', 'h2', 'h1', 'h2', 'h1', 'h1', 'h1', 'h2', 'h2', 'h1', 'h2', 'h2', 'h1', 'h1', 'h1', 'h1', 'h1', 'h1', 'h1', 'h1', 'h1', 'h1', 'h1', 'h1', 'h1', 'h1', 'h2', 'h2', 'h2', 'h1', 'h2', 'h2', 'h2', 'h2', 'h1', 'h1', 'h1', 'h1', 'h1', 'h2', 'h2', 'h2', 'h1', 'h1', 'h1', 'h1', 'h1', 'h1', 'h1', 'h1', 'h1', 'h1', 'h1', 'h1', 'h1', 'h1', 'h1', 'h2', 'h1', 'h1', 'h1', 'h1', 'h1', 'h2', 'h1', 'h1', 'h3']"
springer.com,"[1, 2, 5, 1, 1, 1, 1, 1, 1, 1, 1, 2, 1]","['h2', 'h2', 'h3', 'h2', 'h1', 'h1', 'h1', 'h1', 'h1', 'h1', 'h3', 'h2', 'h2']"
wiley.com,"[1, 77, 1, 1, 2, 1, 1, 12, 1, 1, 1, 1, 3, 3, 1, 1, 1, 2, 2, 1, 1, 2, 1, 1, 7, 1, 2, 4, 1, 1, 1, 1, 10, 7, 1, 1, 4, 1, 2, 5, 1, 1, 1, 7, 1, 3, 1, 1, 1, 1, 1, 7, 1, 1, 2, 1, 1, 1]","['h1', 'h3', 'h2', 'h2', 'h2', 'h2', 'h3', 'h2', 'h2', 'h3', 'h2', 'h2', 'h2', 'h2', 'h2', 'h2', 'h1', 'h2', 'h2', 'h2', 'h1', 'h2', 'h2', 'h1', 'h2', 'h2', 'h2', 'h2', 'h2', 'h2', 'h2', 'h2', 'h1', 'h2', 'h2', 'h2', 'h2', 'h2', 'h2', 'h3', 'h2', 'h2', 'h2', 'h3', 'h2', 'h2', 'h1', 'h2', 'h2', 'h1', 'h2', 'h3', 'h1', 'h2', 'h2', 'h2', 'h2', 'h1']"
opendns.com,"[1, 2, 3, 14, 1, 1, 1, 3, 4, 1, 1, 1, 1, 1, 2, 6, 1, 1, 2, 7, 1, 2, 2, 1, 1, 5, 1, 1, 4, 2, 1, 2, 1, 2, 5, 2, 2, 1, 2, 2, 2, 4, 1, 1, 1, 3, 2, 2]","['h1', 'h1', 'h2', 'h2', 'h1', 'h2', 'h3', 'h1', 'h2', 'h1', 'h1', 'h1', 'h1', 'h1', 'h2', 'h2', 'h3', 'h2', 'h2', 'h2', 'h2', 'h1', 'h2', 'h1', 'h2', 'h2', 'h2', 'h2', 'h2', 'h2', 'h2', 'h1', 'h3', 'h2', 'h2', 'h2', 'h2', 'h3', 'h3', 'h2', 'h2', 'h2', 'h3', 'h3', 'h2', 'h1', 'h2', 'h1']"
nature.com,"[1, 2, 4, 2, 10, 8, 7, 3, 1, 1, 2, 1, 8, 1, 1, 2, 2, 1]","['h2', 'h2', 'h2', 'h3', 'h3', 'h2', 'h3', 'h2', 'h2', 'h2', 'h3', 'h2', 'h3', 'h2', 'h2', 'h2', 'h2', 'h3']"
outbrain.com,"[1, 8, 7, 9, 3, 10, 3, 1, 4, 2, 1, 3, 1, 1, 2, 1, 1, 3, 4, 1, 1, 7, 4, 4, 1, 1, 3, 1, 10, 1, 4, 1, 1, 1, 2, 1, 2, 4, 10, 1, 1, 1, 1, 1, 1, 1, 1, 2, 2]","['h1', 'h1', 'h1', 'h1', 'h1', 'h1', 'h2', 'h2', 'h1', 'h2', 'h2', 'h2', 'h2', 'h2', 'h2', 'h1', 'h1', 'h2', 'h2', 'h2', 'h2', 'h2', 'h2', 'h2', 'h3', 'h2', 'h2', 'h1', 'h2', 'h1', 'h2', 'h2', 'h3', 'h2', 'h2', 'h3', 'h2', 'h1', 'h2', 'h2', 'h2', 'h3', 'h2', 'h1', 'h1', 'h1', 'h2', 'h1', 'h2']"
bloomberg.com,"[1, 54, 22, 68, 8, 5, 3, 1, 9, 1, 5, 2, 2, 103, 2, 5, 1, 3, 1, 1, 1, 1, 1, 1, 3, 3, 1, 2, 1, 2, 5, 1, 1, 1, 2, 4, 1, 2, 1, 5, 1, 2, 2, 1, 1, 1, 1, 4, 4, 2, 4, 1, 1, 1, 3, 1, 2, 1, 3, 2, 3, 4, 1, 1, 1, 2, 1, 2, 2, 2, 1, 1, 1, 2, 1, 3, 1, 1, 1, 2, 1, 5, 5, 2, 1, 2, 2, 2, 3, 1, 1, 1, 1]","['h2', 'h2', 'h2', 'h2', 'h2', 'h3', 'h2', 'h2', 'h2', 'h2', 'h3', 'h2', 'h1', 'h2', 'h1', 'h3', 'h2', 'h2', 'h2', 'h2', 'h3', 'h2', 'h3', 'h2', 'h2', 'h2', 'h1', 'h2', 'h2', 'h2', 'h2', 'h2', 'h2', 'h2', 'h2', 'h1', 'h2', 'h2', 'h2', 'h3', 'h2', 'h1', 'h2', 'h2', 'h2', 'h2', 'h2', 'h2', 'h2', 'h2', 'h2', 'h1', 'h3', 'h1', 'h2', 'h2', 'h2', 'h3', 'h3', 'h2', 'h2', 'h1', 'h3', 'h2', 'h2', 'h2', 'h2', 'h2', 'h2', 'h2', 'h1', 'h1', 'h2', 'h2', 'h2', 'h2', 'h2', 'h2', 'h2', 'h2', 'h2', 'h1', 'h1', 'h2', 'h3', 'h3', 'h2', 'h1', 'h3', 'h1', 'h1', 'h1', 'h1']"
media.net,"[2, 3, 21, 3, 2, 1, 4, 2, 4, 3, 4, 2, 1, 2, 4, 2, 1, 1, 2, 4, 1]","['h2', 'h2', 'h2', 'h2', 'h2', 'h2', 'h2', 'h2', 'h2', 'h2', 'h2', 'h2', 'h2', 'h3', 'h3', 'h2', 'h2', 'h2', 'h3', 'h3', 'h1']"
drom.ru,"[1, 2, 2, 12, 1, 5, 1, 1, 40, 3, 1, 2, 2, 1, 1, 3, 1]","['h1', 'h1', 'h2', 'h2', 'h2', 'h2', 'h2', 'h2', 'h2', 'h2', 'h2', 'h1', 'h1', 'h2', 'h1', 'h2', 'h2']"
dailymotion.com,"[1, 1, 2, 4, 2, 19, 6, 1, 5, 4, 6, 18, 2, 14, 2, 1, 1, 3, 2, 1, 1, 1, 2, 1, 1, 6, 4, 5, 3, 2, 1, 2, 2, 1, 1, 5, 9, 1, 2, 10, 1, 13]","['h1', 'h1', 'h1', 'h1', 'h2', 'h2', 'h2', 'h1', 'h1', 'h1', 'h2', 'h1', 'h1', 'h1', 'h2', 'h1', 'h2', 'h2', 'h3', 'h3', 'h2', 'h2', 'h2', 'h2', 'h2', 'h1', 'h2', 'h1', 'h2', 'h2', 'h2', 'h1', 'h2', 'h2', 'h2', 'h2', 'h2', 'h2', 'h2', 'h3', 'h3', 'h2']"
arubanetworks.com,"[1, 1, 27, 1, 1, 2, 1, 1, 2, 1, 2, 2, 1, 2, 1, 1, 5, 28, 1, 1, 1, 2, 1, 1, 2, 1, 2, 2, 1, 2, 1, 2, 1, 1, 1, 1, 2]","['h1', 'h1', 'h2', 'h2', 'h2', 'h2', 'h2', 'h2', 'h2', 'h2', 'h2', 'h1', 'h2', 'h2', 'h1', 'h3', 'h2', 'h2', 'h2', 'h2', 'h2', 'h2', 'h2', 'h1', 'h2', 'h3', 'h2', 'h2', 'h3', 'h3', 'h3', 'h2', 'h3', 'h2', 'h2', 'h2', 'h2']"
adsrvr.org,"[7, 2]","['h2', 'h2']"
steampowered.com,"[1, 3, 6, 7, 5, 7, 10, 10, 2, 2, 50, 1, 2, 1, 1, 2, 1, 1, 2]","['h1', 'h1', 'h1', 'h1', 'h1', 'h1', 'h1', 'h1', 'h1', 'h1', 'h2', 'h1', 'h2', 'h1', 'h1', 'h1', 'h1', 'h1', 'h1']"
businessinsider.com,"[1, 25, 1, 1, 2, 1, 1, 3, 2, 1, 3, 2, 1, 2, 1, 3, 2, 2, 1, 2, 2, 1, 4, 8, 1, 1, 2, 1, 1, 2, 2, 2, 1, 1, 1, 1, 1, 1, 1, 1, 1, 2, 3, 1, 1, 1, 3, 2, 2, 8, 4, 2, 3, 2, 8, 1, 1, 2, 2, 2, 1, 1, 4, 1, 2, 1, 3, 1, 1, 2, 1, 1, 1, 2, 1, 8, 1, 2, 2, 1, 2, 2, 2, 3, 2, 2, 2, 1, 1, 3, 1, 1, 3, 1, 1, 1, 1, 1, 6, 1, 1, 1, 1, 2, 1, 1]","['h2', 'h2', 'h2', 'h2', 'h3', 'h3', 'h2', 'h2', 'h3', 'h3', 'h3', 'h2', 'h2', 'h2', 'h2', 'h3', 'h2', 'h1', 'h2', 'h2', 'h2', 'h2', 'h2', 'h2', 'h2', 'h3', 'h2', 'h2', 'h2', 'h2', 'h1', 'h3', 'h2', 'h2', 'h2', 'h1', 'h2', 'h3', 'h2', 'h2', 'h2', 'h2', 'h2', 'h2', 'h1', 'h2', 'h2', 'h2', 'h2', 'h2', 'h2', 'h1', 'h2', 'h2', 'h3', 'h2', 'h2', 'h2', 'h2', 'h2', 'h2', 'h2', 'h2', 'h2', 'h2', 'h2', 'h2', 'h1', 'h3', 'h2', 'h2', 'h2', 'h1', 'h1', 'h2', 'h2', 'h2', 'h2', 'h1', 'h2', 'h2', 'h1', 'h3', 'h2', 'h1', 'h2', 'h2', 'h3', 'h2', 'h2', 'h1', 'h2', 'h2', 'h2', 'h2', 'h1', 'h1', 'h1', 'h2', 'h2', 'h2', 'h2', 'h2', 'h2', 'h2', 'h2']"
un.org,"[1, 1, 1, 13, 1, 1, 1, 2, 1, 2, 5, 1]","['h1', 'h1', 'h1', 'h2', 'h3', 'h2', 'h2', 'h2', 'h2', 'h2', 'h3', 'h2']"
pubmatic.com,"[35, 4, 2, 1, 1, 1, 1, 14, 7, 1, 1, 1, 2, 1, 1, 1, 4, 3, 1, 2, 1]","['h2', 'h2', 'h2', 'h2', 'h2', 'h2', 'h1', 'h3', 'h2', 'h2', 'h2', 'h3', 'h2', 'h2', 'h2', 'h2', 'h2', 'h2', 'h3', 'h1', 'h1']"
mts.ru,"[1, 5, 1, 3, 6, 3, 2, 2, 2, 1, 2, 4, 14, 14, 13, 14, 14, 1, 1, 7, 1, 8, 4, 2, 3, 2, 1, 25, 1, 1, 1, 1, 5, 1, 1, 2, 3, 5, 2, 1, 1, 1, 1, 1, 3, 2]","['h1', 'h1', 'h1', 'h1', 'h1', 'h1', 'h1', 'h1', 'h1', 'h1', 'h1', 'h1', 'h1', 'h1', 'h1', 'h1', 'h1', 'h2', 'h1', 'h1', 'h2', 'h2', 'h2', 'h2', 'h2', 'h2', 'h2', 'h2', 'h2', 'h2', 'h1', 'h2', 'h2', 'h2', 'h2', 'h2', 'h1', 'h1', 'h1', 'h1', 'h2', 'h1', 'h2', 'h2', 'h2', 'h2']"
branch.io,"[2, 7, 1, 1, 41, 1, 3, 1, 1, 4, 6, 1, 1, 1]","['h1', 'h2', 'h2', 'h2', 'h3', 'h2', 'h2', 'h2', 'h2', 'h2', 'h2', 'h1', 'h2', 'h2']"
weather.com,"[98, 32, 2, 1, 3, 1, 1, 17, 1, 1, 5, 1, 1, 6, 6, 4, 1, 1, 1, 1, 2, 1, 2, 1, 1, 1, 2, 2, 2, 3, 7, 3, 8, 4, 1, 1, 1, 3, 2, 4, 4, 4, 2, 1, 4, 1, 4, 2, 3, 1, 3, 1, 13, 2, 6, 2, 2, 1, 2, 3, 3, 2, 1, 13, 2, 1, 1, 51, 5, 11, 2, 4, 4, 1, 1, 4, 2, 1, 4, 2, 2, 3, 2, 1, 4, 2, 1, 3, 18, 2, 1, 1, 1, 1, 1, 1, 1, 4, 1, 1, 3, 5, 5, 1, 1, 2, 3, 1, 10, 9, 1, 1, 4, 2, 4, 2, 1, 2, 1, 2, 2, 2, 2, 4, 1, 1, 1, 1, 4, 1]","['h2', 'h3', 'h3', 'h2', 'h2', 'h2', 'h3', 'h2', 'h2', 'h2', 'h3', 'h2', 'h1', 'h2', 'h3', 'h2', 'h2', 'h2', 'h2', 'h2', 'h2', 'h2', 'h2', 'h2', 'h2', 'h2', 'h2', 'h2', 'h2', 'h2', 'h2', 'h2', 'h2', 'h2', 'h3', 'h2', 'h2', 'h2', 'h2', 'h2', 'h2', 'h2', 'h2', 'h2', 'h2', 'h2', 'h2', 'h1', 'h2', 'h2', 'h2', 'h2', 'h2', 'h2', 'h3', 'h2', 'h2', 'h2', 'h1', 'h2', 'h1', 'h2', 'h3', 'h2', 'h2', 'h3', 'h3', 'h3', 'h3', 'h2', 'h2', 'h1', 'h2', 'h2', 'h3', 'h1', 'h3', 'h2', 'h2', 'h2', 'h2', 'h2', 'h2', 'h1', 'h3', 'h1', 'h2', 'h2', 'h2', 'h2', 'h1', 'h1', 'h2', 'h1', 'h2', 'h2', 'h2', 'h2', 'h2', 'h2', 'h1', 'h2', 'h2', 'h3', 'h2', 'h2', 'h1', 'h1', 'h2', 'h2', 'h2', 'h2', 'h2', 'h2', 'h2', 'h2', 'h2', 'h1', 'h1', 'h1', 'h2', 'h2', 'h2', 'h2', 'h2', 'h2', 'h1', 'h1', 'h1', 'h1']"
lijit.com,[11],['h2']
mcafee.com,"[1, 11, 35, 1, 3, 3, 6, 1, 1, 2, 2, 1, 2, 11, 18, 3, 1, 1, 1, 3, 3, 1, 4, 3, 6, 2, 2, 1, 1, 1, 1, 2, 1, 1, 1, 1, 1, 1, 1, 1, 1, 1, 1, 2, 2, 2, 4, 1, 1, 1, 1, 1, 1, 1, 1, 3, 3, 1, 1, 1, 1, 1, 1, 1, 1, 4]","['h2', 'h2', 'h2', 'h2', 'h2', 'h2', 'h2', 'h2', 'h1', 'h2', 'h2', 'h2', 'h2', 'h2', 'h2', 'h3', 'h2', 'h2', 'h1', 'h1', 'h2', 'h2', 'h2', 'h2', 'h2', 'h1', 'h1', 'h2', 'h2', 'h2', 'h2', 'h2', 'h2', 'h2', 'h2', 'h2', 'h2', 'h2', 'h1', 'h2', 'h2', 'h2', 'h2', 'h2', 'h2', 'h2', 'h2', 'h2', 'h2', 'h3', 'h2', 'h3', 'h3', 'h1', 'h1', 'h3', 'h3', 'h3', 'h1', 'h3', 'h2', 'h2', 'h2', 'h3', 'h2', 'h2']"
doi.org,"[1, 15, 2, 1, 2, 1, 1, 1, 2, 2, 1]","['h3', 'h2', 'h2', 'h2', 'h2', 'h3', 'h2', 'h2', 'h3', 'h2', 'h2']"
grammarly.com,"[2, 4, 36, 3, 4, 1, 2, 6, 2, 6, 3, 2, 1, 1, 1, 4, 1, 2, 5, 3, 1, 2, 2, 1, 2, 1, 1, 1, 3, 1, 1, 1, 2, 2, 2, 4, 1, 1, 2, 1, 1, 4, 1, 3, 1, 1, 1, 4, 4, 3, 1, 1, 2, 1, 2, 1, 1, 2, 1, 2]","['h2', 'h2', 'h2', 'h2', 'h2', 'h2', 'h2', 'h2', 'h2', 'h2', 'h2', 'h3', 'h3', 'h2', 'h2', 'h2', 'h2', 'h2', 'h2', 'h3', 'h2', 'h1', 'h1', 'h1', 'h2', 'h2', 'h1', 'h2', 'h2', 'h2', 'h1', 'h2', 'h1', 'h2', 'h2', 'h2', 'h2', 'h2', 'h2', 'h2', 'h2', 'h2', 'h2', 'h2', 'h2', 'h2', 'h3', 'h3', 'h2', 'h2', 'h1', 'h2', 'h2', 'h3', 'h3', 'h2', 'h2', 'h2', 'h2', 'h1']"
g.page,"[1, 1, 5, 5, 2, 14, 10, 2, 1, 1, 1, 1, 1]","['h2', 'h2', 'h3', 'h2', 'h2', 'h2', 'h3', 'h2', 'h3', 'h3', 'h2', 'h2', 'h2']"
verisign.com,"[1, 7, 2, 4, 3, 6, 2, 2, 1]","['h1', 'h1', 'h1', 'h1', 'h1', 'h1', 'h1', 'h2', 'h2']"
att.net,"[1, 1, 1, 11, 4, 9, 53, 2, 16, 1, 17, 3, 1, 2, 1, 3, 4, 3, 1, 1, 11, 2, 3, 1, 7, 2, 2, 4, 4, 2, 2, 9, 4, 2, 2, 2, 2, 1, 2, 1, 3, 2, 2, 1, 2, 1, 3, 1, 3, 6, 3, 3, 7, 1, 5, 4, 3, 2, 2, 4, 1, 3, 5, 9, 4, 5, 1, 1, 1, 4, 2, 1, 3, 1, 1, 2, 1, 2, 4, 1, 2, 1, 1, 2, 4, 2, 2, 1, 1, 2, 1, 3, 2, 4, 2, 1, 1, 1, 2, 1, 1, 4, 2, 1, 1, 1, 2, 2, 2, 2, 3, 1, 6, 1, 4, 2, 1, 1, 2, 1, 2, 1, 1, 2, 2, 1, 2, 1, 2, 1, 2, 1, 10, 2, 1, 1, 1, 2, 3, 2, 2, 2, 1, 1, 2, 5]","['h1', 'h1', 'h1', 'h2', 'h2', 'h2', 'h2', 'h2', 'h2', 'h2', 'h2', 'h2', 'h2', 'h2', 'h2', 'h3', 'h2', 'h2', 'h1', 'h2', 'h2', 'h2', 'h2', 'h2', 'h3', 'h2', 'h2', 'h3', 'h2', 'h2', 'h2', 'h2', 'h2', 'h2', 'h2', 'h1', 'h2', 'h2', 'h2', 'h2', 'h2', 'h2', 'h2', 'h2', 'h1', 'h2', 'h2', 'h2', 'h2', 'h2', 'h2', 'h2', 'h2', 'h2', 'h2', 'h3', 'h1', 'h1', 'h2', 'h2', 'h2', 'h2', 'h2', 'h3', 'h2', 'h3', 'h2', 'h1', 'h1', 'h3', 'h2', 'h2', 'h3', 'h2', 'h2', 'h2', 'h2', 'h1', 'h2', 'h2', 'h1', 'h2', 'h3', 'h1', 'h2', 'h2', 'h2', 'h1', 'h2', 'h2', 'h2', 'h2', 'h2', 'h1', 'h1', 'h1', 'h1', 'h1', 'h2', 'h1', 'h2', 'h2', 'h2', 'h2', 'h1', 'h2', 'h1', 'h2', 'h2', 'h2', 'h2', 'h1', 'h2', 'h1', 'h2', 'h1', 'h1', 'h2', 'h2', 'h2', 'h2', 'h2', 'h1', 'h1', 'h3', 'h3', 'h1', 'h1', 'h2', 'h1', 'h2', 'h2', 'h1', 'h2', 'h2', 'h2', 'h2', 'h2', 'h2', 'h2', 'h3', 'h2', 'h2', 'h3', 'h2', 'h3']"
yahoo.co.jp,"[13, 30, 1, 1, 2, 4, 2, 11, 3, 1, 3, 3, 4, 1, 1, 3, 2, 2, 1, 2]","['h2', 'h2', 'h2', 'h2', 'h2', 'h2', 'h2', 'h2', 'h2', 'h2', 'h2', 'h3', 'h2', 'h3', 'h2', 'h3', 'h2', 'h2', 'h3', 'h3']"
inmobi.com,"[18, 1, 1, 32, 1, 1, 2, 4, 2, 1, 2, 1, 3, 1, 2, 1, 1, 1, 2, 1, 1, 1, 2, 6, 1, 2, 1, 2, 2, 2, 1, 1, 2, 14, 3, 3, 1, 2, 1, 1, 4, 1, 1]","['h2', 'h1', 'h1', 'h2', 'h1', 'h1', 'h2', 'h2', 'h2', 'h3', 'h2', 'h2', 'h3', 'h2', 'h1', 'h2', 'h2', 'h2', 'h2', 'h2', 'h2', 'h2', 'h2', 'h2', 'h2', 'h3', 'h2', 'h2', 'h2', 'h3', 'h2', 'h1', 'h1', 'h2', 'h3', 'h2', 'h3', 'h2', 'h2', 'h2', 'h2', 'h2', 'h2']"
stackoverflow.com,"[1, 1, 1, 25, 2, 1, 1, 4, 1, 1, 1, 1]","['h2', 'h2', 'h2', 'h2', 'h2', 'h2', 'h2', 'h2', 'h2', 'h2', 'h2', 'h2']"
sapo.pt,"[1, 6, 9, 9, 5, 5, 18, 1, 2, 3, 5, 3, 1, 3, 4, 4, 2, 5, 1, 3, 3, 2, 2, 1, 1, 1, 1, 1, 1, 10, 1, 1, 1, 2, 1, 1, 1, 7, 1, 2, 1, 1, 1, 1, 2, 2, 2, 2, 4, 2, 2, 6, 2, 2, 2, 2, 4, 2, 1, 9, 2, 2, 5, 1, 2, 3, 3, 1, 3, 1, 1, 1, 1, 4, 3, 2, 4, 1, 1, 1, 1, 1, 2, 1, 1, 1, 3, 9, 2, 2, 7, 2, 1, 4, 4, 3, 4, 4, 4, 2, 2, 2, 2, 5, 12, 2, 13, 3, 3, 2, 1, 2, 1, 1, 4, 4, 1, 1, 4, 5, 4, 3, 2, 5, 4, 1, 1, 1, 15, 1, 8, 1, 1, 1, 7, 1, 1, 2, 1, 1, 1, 1, 1, 1, 1, 1, 2, 1, 1, 5, 1, 4, 1, 1, 2, 1, 1, 3, 2, 1, 2, 2, 1, 10, 2, 1, 2, 3, 2, 1, 5, 2, 1, 2, 2, 2, 2, 2, 5, 1, 1, 1, 1, 2]","['h1', 'h1', 'h1', 'h1', 'h1', 'h1', 'h2', 'h2', 'h2', 'h1', 'h1', 'h2', 'h2', 'h2', 'h2', 'h1', 'h2', 'h3', 'h1', 'h2', 'h2', 'h2', 'h2', 'h1', 'h1', 'h1', 'h1', 'h3', 'h2', 'h1', 'h1', 'h2', 'h2', 'h2', 'h2', 'h2', 'h2', 'h3', 'h3', 'h2', 'h2', 'h2', 'h2', 'h2', 'h2', 'h1', 'h1', 'h1', 'h3', 'h2', 'h2', 'h2', 'h2', 'h2', 'h2', 'h2', 'h2', 'h2', 'h2', 'h3', 'h3', 'h2', 'h2', 'h2', 'h2', 'h3', 'h2', 'h2', 'h2', 'h3', 'h2', 'h2', 'h2', 'h3', 'h3', 'h1', 'h3', 'h2', 'h1', 'h1', 'h2', 'h1', 'h2', 'h2', 'h3', 'h1', 'h2', 'h2', 'h2', 'h1', 'h2', 'h1', 'h1', 'h1', 'h3', 'h2', 'h2', 'h1', 'h2', 'h1', 'h2', 'h2', 'h1', 'h2', 'h2', 'h1', 'h2', 'h2', 'h2', 'h2', 'h2', 'h1', 'h1', 'h2', 'h2', 'h2', 'h1', 'h1', 'h1', 'h3', 'h1', 'h1', 'h1', 'h2', 'h2', 'h3', 'h2', 'h2', 'h2', 'h2', 'h2', 'h1', 'h1', 'h2', 'h1', 'h1', 'h2', 'h2', 'h2', 'h2', 'h2', 'h1', 'h1', 'h1', 'h1', 'h2', 'h2', 'h2', 'h2', 'h2', 'h2', 'h2', 'h1', 'h1', 'h2', 'h1', 'h2', 'h1', 'h2', 'h2', 'h2', 'h2', 'h2', 'h2', 'h2', 'h2', 'h1', 'h3', 'h3', 'h2', 'h3', 'h2', 'h1', 'h1', 'h2', 'h2', 'h2', 'h2', 'h2', 'h1', 'h2', 'h1', 'h1', 'h1']"
unsplash.com,"[31, 8, 5, 1, 5, 1, 1, 1, 1, 1, 1, 1, 1, 1, 1, 1, 1, 1, 1, 1, 2, 1, 6]","['h2', 'h2', 'h2', 'h2', 'h2', 'h1', 'h1', 'h1', 'h2', 'h2', 'h2', 'h2', 'h2', 'h2', 'h1', 'h1', 'h1', 'h1', 'h1', 'h2', 'h3', 'h2', 'h2']"
stanford.edu,"[1, 31, 4, 6, 1, 1, 1, 2, 2, 5, 1, 1, 1, 2, 2, 1, 1, 2, 1, 2, 1, 1, 1, 1, 1, 3]","['h1', 'h2', 'h2', 'h2', 'h3', 'h2', 'h3', 'h2', 'h2', 'h2', 'h1', 'h1', 'h3', 'h2', 'h2', 'h2', 'h2', 'h2', 'h2', 'h3', 'h2', 'h2', 'h2', 'h2', 'h2', 'h1']"
surveymonkey.com,"[1, 4, 81, 3, 2, 2, 5, 4, 3, 1, 7, 3, 2, 1, 1, 2, 2, 1, 2, 2, 2, 1, 1, 1, 1, 1, 2, 1, 1, 1, 2]","['h1', 'h1', 'h2', 'h2', 'h2', 'h1', 'h1', 'h2', 'h1', 'h1', 'h2', 'h2', 'h2', 'h3', 'h3', 'h3', 'h3', 'h3', 'h2', 'h2', 'h2', 'h2', 'h3', 'h3', 'h3', 'h2', 'h2', 'h2', 'h2', 'h2', 'h2']"
autodesk.com,"[1, 13, 28, 3, 17, 4, 3, 17, 1, 1, 2, 3, 1, 1, 4, 1, 1, 6, 1, 1, 2, 2, 1, 2, 8, 1, 1, 1, 2, 4, 2, 7, 1, 1, 2, 2, 1, 5, 2, 1, 1, 4, 2, 1, 1, 2, 1, 2, 2, 3, 3, 2, 2, 1, 3, 3, 1, 1, 4, 3, 3, 1, 4, 1, 1, 1, 1, 2, 2, 2, 2, 2]","['h2', 'h2', 'h3', 'h2', 'h2', 'h2', 'h2', 'h3', 'h2', 'h2', 'h2', 'h2', 'h2', 'h2', 'h2', 'h1', 'h2', 'h2', 'h1', 'h2', 'h2', 'h2', 'h2', 'h2', 'h2', 'h2', 'h2', 'h2', 'h1', 'h2', 'h2', 'h2', 'h2', 'h1', 'h2', 'h2', 'h1', 'h2', 'h2', 'h2', 'h2', 'h2', 'h2', 'h1', 'h2', 'h2', 'h3', 'h2', 'h2', 'h3', 'h3', 'h2', 'h1', 'h1', 'h2', 'h2', 'h2', 'h2', 'h3', 'h3', 'h2', 'h3', 'h3', 'h2', 'h2', 'h2', 'h2', 'h2', 'h2', 'h3', 'h2', 'h2']"
addtoany.com,"[8, 6, 1]","['h3', 'h3', 'h2']"
npr.org,"[1, 25, 7, 1, 12, 1, 6, 1, 3, 2, 4, 1, 15, 2, 2, 2, 2, 4, 1, 1, 7, 2, 2, 1, 5, 2, 4, 2, 1, 1, 2, 2, 1, 1, 1, 1, 2, 1, 2, 4, 3, 1, 1, 2, 1, 1, 1, 1, 1, 1, 7, 3, 1, 1, 1, 3, 1, 1, 1, 1, 3, 2, 3, 1, 1, 1, 1, 1, 1, 8, 1, 1, 1, 3, 1, 2, 1, 2, 2, 5, 3, 4, 2, 2, 2, 2, 3, 1, 10, 1, 1, 2, 2, 1, 3, 2, 4, 1, 1, 1, 2, 2, 4, 1, 2, 1, 3, 1, 3, 1, 1, 1, 1, 4, 1, 1, 2, 1, 2, 1, 1, 1, 1, 2, 4, 1, 4, 1, 1, 2, 1, 1, 2, 2, 2, 1, 1, 1]","['h2', 'h2', 'h2', 'h2', 'h2', 'h2', 'h2', 'h2', 'h2', 'h2', 'h3', 'h2', 'h2', 'h2', 'h2', 'h2', 'h2', 'h2', 'h1', 'h3', 'h3', 'h2', 'h2', 'h3', 'h3', 'h2', 'h2', 'h2', 'h3', 'h2', 'h2', 'h2', 'h2', 'h3', 'h2', 'h2', 'h1', 'h3', 'h2', 'h2', 'h2', 'h2', 'h2', 'h2', 'h2', 'h2', 'h3', 'h2', 'h1', 'h2', 'h2', 'h2', 'h2', 'h2', 'h2', 'h2', 'h2', 'h2', 'h2', 'h2', 'h2', 'h1', 'h2', 'h1', 'h1', 'h2', 'h2', 'h2', 'h2', 'h3', 'h3', 'h1', 'h2', 'h2', 'h3', 'h1', 'h2', 'h2', 'h2', 'h3', 'h2', 'h2', 'h2', 'h2', 'h2', 'h2', 'h2', 'h2', 'h3', 'h2', 'h2', 'h2', 'h2', 'h1', 'h2', 'h2', 'h2', 'h3', 'h1', 'h2', 'h2', 'h2', 'h3', 'h3', 'h2', 'h3', 'h3', 'h3', 'h2', 'h3', 'h2', 'h1', 'h3', 'h3', 'h1', 'h3', 'h2', 'h2', 'h2', 'h2', 'h2', 'h2', 'h2', 'h2', 'h3', 'h2', 'h3', 'h2', 'h1', 'h2', 'h2', 'h2', 'h2', 'h2', 'h2', 'h2', 'h2', 'h1']"
forter.com,"[1, 9, 8, 8, 1, 5, 3, 3, 6, 3, 1, 4, 2, 12, 5, 2, 3, 2, 1, 2, 2, 1, 4, 6, 4, 1, 1, 2, 1, 1, 1, 2, 1, 2, 1, 2, 1]","['h2', 'h2', 'h3', 'h2', 'h3', 'h2', 'h2', 'h2', 'h2', 'h3', 'h2', 'h2', 'h2', 'h2', 'h2', 'h2', 'h2', 'h2', 'h2', 'h2', 'h2', 'h2', 'h1', 'h2', 'h2', 'h2', 'h3', 'h2', 'h2', 'h2', 'h2', 'h2', 'h3', 'h2', 'h2', 'h1', 'h2']"
walmart.com,"[1, 13, 6, 74, 3, 3, 5, 2, 1, 5, 2, 8, 2, 1, 2, 1, 1, 2, 1, 1, 1, 1, 1, 1, 1, 1, 2, 1, 1, 1]","['h1', 'h2', 'h1', 'h2', 'h2', 'h2', 'h2', 'h2', 'h2', 'h1', 'h1', 'h3', 'h2', 'h1', 'h3', 'h3', 'h2', 'h2', 'h2', 'h2', 'h2', 'h2', 'h2', 'h2', 'h2', 'h3', 'h2', 'h2', 'h2', 'h2']"
tp-link.com,"[3, 6, 54, 4, 2]","['h2', 'h2', 'h3', 'h3', 'h2']"
espn.com,"[1, 8, 16, 4, 42, 2, 1, 2, 18, 2, 6, 38, 2, 1, 4, 1, 1, 1, 1, 4, 2, 6, 2, 7, 1, 1, 2, 1, 13, 4, 2, 1, 2, 3, 2, 1, 1, 2, 2, 3, 1, 1, 1, 3, 6, 5, 2, 1, 1, 1, 1, 2, 1, 7, 4, 1, 1, 2, 1, 1, 1, 2, 1, 2, 2, 2, 2, 1, 5, 3, 5, 2, 1, 2, 2, 1, 1, 2, 1, 2, 2, 2, 1, 2, 1, 4, 1, 1, 2, 2, 3, 2, 1, 2, 1, 1, 1, 1, 1]","['h2', 'h2', 'h2', 'h2', 'h2', 'h1', 'h1', 'h2', 'h2', 'h2', 'h2', 'h2', 'h2', 'h1', 'h2', 'h2', 'h2', 'h2', 'h2', 'h2', 'h2', 'h2', 'h2', 'h3', 'h2', 'h2', 'h2', 'h1', 'h2', 'h3', 'h2', 'h2', 'h2', 'h3', 'h2', 'h2', 'h2', 'h2', 'h1', 'h2', 'h2', 'h3', 'h2', 'h1', 'h1', 'h3', 'h2', 'h2', 'h2', 'h3', 'h2', 'h2', 'h3', 'h3', 'h3', 'h3', 'h2', 'h2', 'h2', 'h2', 'h3', 'h2', 'h2', 'h2', 'h1', 'h2', 'h3', 'h1', 'h2', 'h2', 'h2', 'h1', 'h2', 'h2', 'h2', 'h1', 'h1', 'h2', 'h1', 'h3', 'h2', 'h2', 'h2', 'h2', 'h2', 'h2', 'h2', 'h2', 'h2', 'h2', 'h2', 'h2', 'h2', 'h2', 'h2', 'h2', 'h1', 'h2', 'h2']"
eventbrite.com,"[25, 31, 4, 2, 2, 3, 1, 2, 1, 1, 2, 2, 1, 1, 4, 1, 4, 2, 7, 2, 1, 1, 6, 1, 1, 1, 5, 1, 6, 1, 3, 4, 1, 1, 2, 3, 1, 4, 1, 1, 1, 1, 4, 2, 3, 1, 2, 1, 1, 5, 6, 2, 4, 1, 1, 3]","['h2', 'h2', 'h3', 'h2', 'h2', 'h2', 'h2', 'h3', 'h2', 'h2', 'h2', 'h2', 'h2', 'h3', 'h2', 'h2', 'h2', 'h2', 'h2', 'h2', 'h2', 'h2', 'h3', 'h2', 'h2', 'h2', 'h2', 'h2', 'h3', 'h2', 'h2', 'h2', 'h2', 'h2', 'h2', 'h3', 'h3', 'h3', 'h2', 'h2', 'h2', 'h2', 'h2', 'h3', 'h2', 'h2', 'h2', 'h2', 'h3', 'h2', 'h2', 'h2', 'h2', 'h2', 'h2', 'h2']"
checkpoint.com,"[69, 1, 1, 1, 1, 2, 2, 1, 1, 1, 6, 5, 1, 1, 2, 3, 2, 1, 4, 2, 1, 3, 2, 1, 4, 1, 2, 1, 1, 2, 1, 1, 1, 1, 2, 2, 1, 1, 1, 1, 4, 7, 1, 1, 1, 1]","['h2', 'h3', 'h3', 'h2', 'h2', 'h2', 'h2', 'h3', 'h3', 'h2', 'h2', 'h2', 'h3', 'h2', 'h3', 'h2', 'h1', 'h2', 'h3', 'h2', 'h2', 'h2', 'h3', 'h1', 'h2', 'h2', 'h2', 'h1', 'h1', 'h1', 'h1', 'h2', 'h2', 'h1', 'h2', 'h2', 'h2', 'h2', 'h1', 'h1', 'h2', 'h2', 'h2', 'h2', 'h1', 'h1']"
consultant.ru,"[1, 6, 4, 4, 2, 1, 1, 2, 2, 1, 3, 12, 2, 1, 5, 7, 5, 1, 1, 1, 1, 1, 1, 1, 1, 1]","['h1', 'h1', 'h1', 'h1', 'h1', 'h1', 'h1', 'h1', 'h1', 'h2', 'h1', 'h2', 'h1', 'h2', 'h2', 'h1', 'h1', 'h2', 'h1', 'h1', 'h1', 'h1', 'h1', 'h1', 'h1', 'h2']"
ok.ru,"[98, 2, 2, 12, 1, 1, 2, 2, 5, 1, 1, 1, 4, 1, 1, 2, 3, 4, 1, 1, 1, 2, 2, 2]","['h2', 'h2', 'h2', 'h2', 'h2', 'h2', 'h2', 'h2', 'h1', 'h1', 'h2', 'h1', 'h1', 'h3', 'h2', 'h2', 'h2', 'h2', 'h1', 'h2', 'h1', 'h2', 'h1', 'h2']"
time.com,"[14, 9, 8, 1, 3, 1, 4, 1, 3, 2, 1, 7, 18, 1, 1, 1, 6, 2, 3, 2, 1, 2, 2, 5, 4, 1, 2, 1, 1, 1, 1, 4, 2, 2, 1, 1, 2, 2, 1, 1, 2, 1, 7, 1, 1, 1, 3, 3, 2, 2, 2, 1, 8, 1, 8, 1, 2, 2, 4, 1, 2, 1, 1, 2, 2, 1, 2, 2, 1, 2, 2, 2, 1, 1, 2, 3, 1, 2, 2, 3, 2, 2, 2, 1, 1, 1, 1, 1, 1, 1, 2, 1, 3, 1, 3, 2, 1, 2, 2, 1, 1, 4, 1, 2, 2, 2, 2, 2, 2, 3, 3, 1, 1, 1, 1, 4, 2, 1, 2, 1, 3, 2, 1, 1, 2, 1, 2, 1, 2, 2, 1, 2, 2, 1, 8, 1, 2, 1]","['h2', 'h3', 'h2', 'h2', 'h2', 'h2', 'h2', 'h2', 'h2', 'h2', 'h3', 'h3', 'h3', 'h2', 'h2', 'h1', 'h2', 'h2', 'h3', 'h2', 'h2', 'h2', 'h2', 'h2', 'h2', 'h2', 'h2', 'h3', 'h2', 'h2', 'h2', 'h2', 'h2', 'h2', 'h2', 'h2', 'h2', 'h2', 'h2', 'h2', 'h2', 'h2', 'h2', 'h2', 'h2', 'h2', 'h2', 'h2', 'h2', 'h2', 'h2', 'h2', 'h3', 'h3', 'h1', 'h1', 'h2', 'h2', 'h2', 'h2', 'h2', 'h2', 'h1', 'h1', 'h2', 'h1', 'h2', 'h2', 'h1', 'h2', 'h2', 'h2', 'h2', 'h2', 'h2', 'h2', 'h2', 'h2', 'h2', 'h2', 'h2', 'h2', 'h2', 'h2', 'h3', 'h2', 'h1', 'h2', 'h2', 'h2', 'h2', 'h1', 'h3', 'h2', 'h2', 'h2', 'h3', 'h1', 'h2', 'h2', 'h2', 'h3', 'h2', 'h2', 'h2', 'h2', 'h2', 'h2', 'h2', 'h2', 'h2', 'h2', 'h2', 'h2', 'h2', 'h2', 'h1', 'h2', 'h2', 'h2', 'h2', 'h2', 'h2', 'h2', 'h2', 'h1', 'h2', 'h3', 'h2', 'h3', 'h1', 'h2', 'h2', 'h1', 'h2', 'h2', 'h2', 'h1']"
teamviewer.com,"[1, 2, 12, 1, 4, 4, 13, 3, 6, 1, 1, 2, 1, 6, 3, 2, 3, 1]","['h2', 'h2', 'h3', 'h3', 'h2', 'h2', 'h2', 'h2', 'h2', 'h2', 'h2', 'h2', 'h2', 'h2', 'h3', 'h2', 'h2', 'h2']"
hotjar.com,"[1, 22, 19, 2, 1, 2, 1, 4, 1, 1, 2, 1, 6, 1, 2, 2, 1, 2, 1, 2, 3, 1, 2, 1, 8, 1, 4, 1, 2, 2, 2, 1, 1, 3, 3, 8, 2, 2, 10, 3, 1, 1, 2, 1, 1, 7, 4, 2, 1, 1, 1, 1, 3, 1, 1, 1, 2]","['h2', 'h2', 'h2', 'h2', 'h2', 'h2', 'h2', 'h2', 'h3', 'h2', 'h2', 'h2', 'h2', 'h2', 'h2', 'h2', 'h2', 'h2', 'h2', 'h2', 'h1', 'h2', 'h2', 'h2', 'h2', 'h2', 'h2', 'h2', 'h2', 'h2', 'h2', 'h2', 'h2', 'h2', 'h2', 'h1', 'h2', 'h2', 'h2', 'h2', 'h1', 'h2', 'h2', 'h2', 'h2', 'h2', 'h2', 'h2', 'h2', 'h2', 'h2', 'h2', 'h2', 'h3', 'h2', 'h3', 'h2']"
dzen.ru,"[16, 1, 2, 1, 1, 4, 22, 17, 33, 4, 3, 3, 26, 1, 9, 1, 8, 2, 1, 2, 1, 1, 9, 24, 2, 13, 1, 1, 18, 36, 4, 15, 1, 5, 1, 9, 2, 7, 2, 3, 4, 2, 2, 1, 2, 1, 3, 3]","['h1', 'h1', 'h1', 'h1', 'h2', 'h1', 'h2', 'h2', 'h2', 'h2', 'h2', 'h2', 'h2', 'h2', 'h2', 'h1', 'h1', 'h1', 'h1', 'h1', 'h1', 'h1', 'h2', 'h2', 'h2', 'h2', 'h2', 'h2', 'h1', 'h2', 'h1', 'h2', 'h1', 'h1', 'h2', 'h1', 'h2', 'h1', 'h2', 'h1', 'h1', 'h2', 'h1', 'h1', 'h1', 'h1', 'h2', 'h2']"
quora.com,"[1, 15, 9, 7, 1, 1, 1, 1, 1, 1]","['h1', 'h3', 'h2', 'h3', 'h2', 'h2', 'h2', 'h3', 'h2', 'h1']"
dotomi.com,"[1, 47, 4, 1, 6, 2, 1, 3, 1, 1, 1, 1, 1, 1, 1, 3, 7, 2, 4, 3, 1, 3, 1, 1, 1, 1, 1, 1, 1, 1, 2, 3, 2, 8, 4, 4, 3, 1, 1, 4, 1, 1, 3, 4, 1, 2, 2, 1, 2, 1, 2, 1, 1, 1, 1, 5, 1, 2, 33, 1, 2, 2, 1, 1, 2, 2, 2, 2, 1, 3, 1, 1, 4, 1, 1, 14, 1, 3, 3, 1]","['h1', 'h3', 'h2', 'h2', 'h2', 'h3', 'h2', 'h2', 'h2', 'h2', 'h2', 'h2', 'h2', 'h2', 'h2', 'h2', 'h2', 'h2', 'h3', 'h2', 'h3', 'h2', 'h1', 'h2', 'h2', 'h2', 'h2', 'h2', 'h2', 'h3', 'h2', 'h1', 'h2', 'h2', 'h3', 'h2', 'h3', 'h2', 'h1', 'h2', 'h2', 'h2', 'h2', 'h2', 'h2', 'h3', 'h2', 'h2', 'h2', 'h3', 'h2', 'h3', 'h3', 'h3', 'h2', 'h3', 'h2', 'h2', 'h2', 'h1', 'h2', 'h2', 'h2', 'h1', 'h2', 'h2', 'h2', 'h2', 'h2', 'h2', 'h2', 'h1', 'h2', 'h2', 'h2', 'h2', 'h2', 'h1', 'h1', 'h2']"
rambler.ru,"[16, 1, 2, 6, 19, 10, 12, 6, 34, 3, 1, 2, 5, 1, 19, 9, 5, 1, 8, 2, 8, 4, 4, 1, 14, 2, 2, 4, 1, 2, 2, 2, 2, 2, 4, 1, 4, 2, 4, 1, 2, 4, 1, 1, 1, 1, 3, 2, 2, 2, 2]","['h2', 'h2', 'h2', 'h2', 'h2', 'h2', 'h2', 'h2', 'h2', 'h2', 'h2', 'h1', 'h2', 'h2', 'h2', 'h2', 'h2', 'h2', 'h2', 'h2', 'h2', 'h1', 'h2', 'h2', 'h2', 'h1', 'h2', 'h2', 'h1', 'h2', 'h2', 'h2', 'h3', 'h2', 'h2', 'h1', 'h2', 'h2', 'h2', 'h2', 'h2', 'h2', 'h2', 'h2', 'h1', 'h2', 'h2', 'h2', 'h2', 'h3', 'h2']"
bilibili.com,"[1, 2, 33, 17, 4, 3, 3, 15, 9, 25, 1, 1, 29]","['h2', 'h2', 'h2', 'h2', 'h2', 'h2', 'h2', 'h2', 'h2', 'h2', 'h2', 'h2', 'h2']"
tradingview.com,"[3, 270, 8, 2, 13, 18, 1, 1, 1, 2, 1, 1]","['h2', 'h2', 'h2', 'h2', 'h2', 'h2', 'h2', 'h1', 'h2', 'h2', 'h2', 'h2']"
cpanel.net,"[35, 2, 1, 2, 2, 2, 2, 2, 2, 1, 1, 4, 1, 1, 2, 1, 1, 1, 1, 1, 1]","['h2', 'h2', 'h2', 'h2', 'h2', 'h3', 'h2', 'h2', 'h2', 'h2', 'h2', 'h2', 'h2', 'h3', 'h2', 'h2', 'h2', 'h2', 'h2', 'h3', 'h3']"
sophos.com,"[79, 4, 6, 1, 1, 1, 2, 2, 1, 1, 1, 2, 2, 2, 2, 1, 1, 1, 1, 1, 2, 1, 7, 1, 2, 2, 2, 1, 10, 1, 2, 1, 3, 2, 1, 1, 1, 1, 1, 4, 1, 1, 1, 1, 2, 1, 1, 2, 2, 1, 1, 1, 1, 1, 1, 3, 2, 59, 1, 34, 2, 4, 2, 1, 13, 3, 3, 1]","['h2', 'h2', 'h2', 'h2', 'h2', 'h2', 'h2', 'h2', 'h1', 'h3', 'h2', 'h2', 'h2', 'h1', 'h3', 'h2', 'h1', 'h2', 'h1', 'h2', 'h1', 'h2', 'h3', 'h3', 'h2', 'h2', 'h3', 'h2', 'h2', 'h2', 'h2', 'h1', 'h2', 'h3', 'h2', 'h2', 'h2', 'h2', 'h2', 'h2', 'h1', 'h1', 'h1', 'h1', 'h2', 'h2', 'h3', 'h2', 'h2', 'h2', 'h3', 'h2', 'h3', 'h2', 'h3', 'h2', 'h2', 'h3', 'h2', 'h2', 'h2', 'h2', 'h2', 'h2', 'h2', 'h1', 'h1', 'h2']"
t-online.de,"[1, 2, 33, 1, 11, 20, 4, 1, 1, 2, 2]","['h2', 'h2', 'h3', 'h2', 'h2', 'h2', 'h2', 'h2', 'h2', 'h2', 'h2']"
cnbc.com,"[1, 7, 29, 1, 2, 14, 2, 2, 3, 9, 1, 1, 1, 1, 1, 2, 1, 1, 1, 2, 3, 5, 3, 1, 1, 1, 3, 11, 1, 17, 1, 7, 2, 1, 1, 2, 1, 1, 2, 1, 2, 1, 3, 1, 1, 3, 6, 1, 2, 2, 3, 5, 1, 1, 1, 1, 2, 1, 2, 3, 3, 3, 2, 3, 1, 5, 2, 3, 2, 1, 2, 3, 4, 1, 1, 2, 1, 2, 1, 1, 1, 2, 1, 2, 2, 1, 4, 3, 2, 1, 1, 2, 1, 1, 1, 3, 1, 1, 1, 1, 2, 2, 2, 2, 2, 2, 3, 1, 2, 1, 2, 1, 1, 4, 1, 4, 2, 2, 1, 1, 1, 4, 2, 1, 1, 2, 1, 1, 1, 1, 2, 1, 1, 2, 2, 1, 2, 2, 3, 2, 4, 2, 6, 3, 1, 1, 2, 2, 1, 1, 1, 1, 1, 1, 4, 1, 1, 3]","['h1', 'h2', 'h2', 'h2', 'h2', 'h2', 'h2', 'h2', 'h2', 'h2', 'h2', 'h2', 'h2', 'h2', 'h1', 'h2', 'h1', 'h1', 'h1', 'h2', 'h1', 'h3', 'h3', 'h1', 'h1', 'h1', 'h2', 'h2', 'h1', 'h3', 'h1', 'h2', 'h2', 'h2', 'h2', 'h2', 'h2', 'h1', 'h3', 'h3', 'h2', 'h2', 'h2', 'h2', 'h2', 'h3', 'h2', 'h2', 'h1', 'h1', 'h2', 'h2', 'h2', 'h2', 'h2', 'h2', 'h2', 'h2', 'h1', 'h3', 'h3', 'h2', 'h2', 'h1', 'h1', 'h1', 'h2', 'h2', 'h2', 'h3', 'h2', 'h2', 'h3', 'h3', 'h3', 'h3', 'h2', 'h2', 'h2', 'h2', 'h2', 'h3', 'h2', 'h2', 'h1', 'h2', 'h2', 'h3', 'h1', 'h2', 'h2', 'h2', 'h1', 'h1', 'h2', 'h2', 'h1', 'h1', 'h1', 'h2', 'h2', 'h2', 'h2', 'h2', 'h2', 'h2', 'h3', 'h2', 'h2', 'h2', 'h1', 'h2', 'h2', 'h3', 'h3', 'h2', 'h2', 'h2', 'h2', 'h2', 'h2', 'h3', 'h2', 'h2', 'h2', 'h2', 'h2', 'h2', 'h2', 'h2', 'h2', 'h2', 'h2', 'h2', 'h2', 'h2', 'h2', 'h2', 'h1', 'h2', 'h2', 'h2', 'h1', 'h1', 'h2', 'h1', 'h2', 'h2', 'h2', 'h1', 'h2', 'h2', 'h1', 'h1', 'h1', 'h1', 'h1', 'h2']"
wix.com,"[1, 2, 9, 4, 3, 4, 2, 5, 17, 1, 1, 1, 2]","['h1', 'h2', 'h2', 'h2', 'h2', 'h2', 'h2', 'h3', 'h3', 'h3', 'h2', 'h2', 'h2']"
telegraph.co.uk,"[1, 44, 10, 1, 4, 16, 3, 2, 9, 7, 1, 1, 4, 1, 21, 1, 3, 2, 1, 2, 1, 2, 1, 2, 1, 1, 1, 2, 3, 2, 1, 1, 3, 1, 3, 6, 2, 1, 2, 3, 1, 1, 2, 3, 3, 1, 1, 5, 1, 4, 2, 4, 1, 1, 1, 1, 1, 1, 6, 1, 9, 2]","['h2', 'h2', 'h2', 'h2', 'h2', 'h2', 'h2', 'h1', 'h3', 'h2', 'h2', 'h2', 'h2', 'h3', 'h2', 'h3', 'h3', 'h2', 'h3', 'h2', 'h2', 'h3', 'h3', 'h2', 'h3', 'h2', 'h2', 'h1', 'h3', 'h1', 'h1', 'h1', 'h2', 'h1', 'h2', 'h2', 'h2', 'h2', 'h2', 'h2', 'h2', 'h2', 'h3', 'h2', 'h2', 'h2', 'h2', 'h3', 'h2', 'h3', 'h2', 'h2', 'h2', 'h2', 'h2', 'h2', 'h2', 'h2', 'h3', 'h2', 'h2', 'h2']"
usatoday.com,"[1, 58, 2, 2, 3, 2, 2, 6, 7, 1, 1, 1, 1, 4, 2, 2, 1, 1, 1, 36, 1, 1, 1, 59, 1, 1, 1, 1, 1, 2, 1, 2, 2, 4, 4, 3, 4, 1, 74, 4, 10, 1, 1, 1, 4, 2, 2, 4, 1, 1, 1, 1, 1, 1, 2, 1, 10, 1, 1, 1, 6, 2, 1, 1, 1, 2, 2, 2, 2, 4, 2, 1, 4, 3, 4, 4, 6, 2, 1, 1, 2, 2, 1, 2, 1, 2, 4, 2, 3, 2, 5, 3, 1, 5, 6, 1, 2, 1, 2, 8, 1, 1, 1, 3, 2, 2, 1, 1, 2, 1, 1, 2, 4, 3, 2, 1, 2, 2, 1, 1, 2, 2, 1, 2, 2, 2, 2, 1, 1, 2]","['h2', 'h2', 'h2', 'h2', 'h3', 'h3', 'h2', 'h2', 'h2', 'h1', 'h2', 'h2', 'h2', 'h2', 'h2', 'h2', 'h2', 'h2', 'h2', 'h2', 'h2', 'h2', 'h2', 'h2', 'h2', 'h3', 'h2', 'h2', 'h2', 'h2', 'h2', 'h1', 'h1', 'h2', 'h2', 'h2', 'h3', 'h2', 'h2', 'h3', 'h3', 'h1', 'h2', 'h2', 'h2', 'h2', 'h3', 'h2', 'h2', 'h2', 'h2', 'h1', 'h2', 'h3', 'h3', 'h2', 'h2', 'h1', 'h2', 'h2', 'h2', 'h2', 'h2', 'h2', 'h2', 'h2', 'h2', 'h2', 'h2', 'h2', 'h2', 'h2', 'h2', 'h2', 'h2', 'h2', 'h2', 'h2', 'h2', 'h3', 'h3', 'h1', 'h2', 'h1', 'h2', 'h1', 'h2', 'h2', 'h2', 'h2', 'h2', 'h1', 'h2', 'h3', 'h2', 'h2', 'h2', 'h2', 'h1', 'h1', 'h1', 'h2', 'h1', 'h1', 'h2', 'h2', 'h3', 'h2', 'h2', 'h2', 'h2', 'h2', 'h2', 'h2', 'h2', 'h2', 'h2', 'h3', 'h1', 'h2', 'h2', 'h1', 'h1', 'h2', 'h2', 'h3', 'h2', 'h2', 'h3', 'h2']"
