fastly.net,"[1, 7, 22, 1, 2, 1, 2, 1, 42, 18, 1, 3, 3, 1, 2, 2]","['h1', 'h2', 'h3', 'h2', 'h1', 'h2', 'h2', 'h1', 'h2', 'h2', 'h2', 'h1', 'h1', 'h2', 'h2', 'h2']"
windows.net,"[1, 3, 33, 1, 2, 2, 1, 1, 2, 2, 1, 1, 4, 2, 5]","['h1', 'h2', 'h2', 'h1', 'h2', 'h2', 'h2', 'h2', 'h2', 'h2', 'h2', 'h1', 'h2', 'h2', 'h2']"
office.com,"[4, 8, 2, 12, 1, 2, 894, 1, 1, 2, 2, 3, 2, 1, 1, 1, 2, 1, 2, 3, 9]","['h2', 'h2', 'h2', 'h2', 'h2', 'h2', 'h3', 'h1', 'h1', 'h1', 'h2', 'h2', 'h2', 'h1', 'h1', 'h1', 'h2', 'h2', 'h2', 'h2', 'h2']"
instagram.com,"[3, 19, 11, 3, 1, 1]","['h2', 'h3', 'h2', 'h3', 'h2', 'h2']"
netflix.com,"[1, 1, 1, 1, 5, 2, 4, 4, 1, 3, 1, 6, 1, 1, 1, 1, 2, 2, 1, 1, 1, 2, 2, 1, 1, 2, 2, 1, 2, 1, 1]","['h2', 'h2', 'h1', 'h1', 'h1', 'h1', 'h1', 'h2', 'h1', 'h1', 'h1', 'h2', 'h1', 'h1', 'h1', 'h2', 'h2', 'h1', 'h1', 'h2', 'h2', 'h2', 'h2', 'h1', 'h1', 'h3', 'h2', 'h3', 'h3', 'h2', 'h2']"
github.com,"[2, 42, 12, 1, 6, 1, 2]","['h2', 'h2', 'h2', 'h2', 'h2', 'h2', 'h2']"
wordpress.org,"[9, 8, 5, 6, 2, 2, 2, 1]","['h2', 'h3', 'h2', 'h3', 'h2', 'h2', 'h2', 'h2']"
youtube.com,"[14, 18, 1, 1, 3, 1, 2, 4, 1, 1, 2, 29, 1, 4, 15, 3, 1]","['h2', 'h3', 'h2', 'h2', 'h2', 'h3', 'h3', 'h2', 'h3', 'h2', 'h3', 'h3', 'h2', 'h3', 'h3', 'h3', 'h2']"
spotify.com,"[5, 2, 1, 4, 4, 1, 1, 3, 1, 6, 124, 2, 2, 1, 2, 5, 1, 4, 3, 2, 2, 5, 2, 2, 2, 3, 1, 2, 1, 2, 1, 4, 1, 6, 2, 1, 2, 2, 1, 1, 1, 1, 1, 1, 1, 1, 1, 1, 1, 1]","['h2', 'h2', 'h3', 'h2', 'h2', 'h2', 'h2', 'h2', 'h2', 'h2', 'h3', 'h2', 'h2', 'h2', 'h2', 'h3', 'h3', 'h2', 'h3', 'h2', 'h2', 'h2', 'h2', 'h3', 'h2', 'h2', 'h3', 'h2', 'h2', 'h2', 'h1', 'h2', 'h3', 'h2', 'h2', 'h2', 'h2', 'h2', 'h2', 'h2', 'h2', 'h2', 'h2', 'h2', 'h1', 'h1', 'h1', 'h1', 'h1', 'h1']"
roblox.com,"[2, 3, 15, 1, 1, 49, 2, 2, 4, 9, 3, 4, 14, 1]","['h2', 'h2', 'h1', 'h3', 'h2', 'h2', 'h2', 'h2', 'h3', 'h3', 'h2', 'h2', 'h2', 'h2']"
zoom.us,"[3, 2, 1, 6, 7, 8, 22, 2, 17, 3, 1, 2, 6, 1, 3, 2, 5, 2, 1, 2, 4, 3, 2, 1, 2, 1, 3, 2, 1, 1, 1, 4, 1, 2, 1, 2, 2, 2, 2, 1, 3, 4, 4, 1, 1, 2, 2, 2, 1, 1, 2, 2, 4, 2, 1, 1, 1, 1, 2, 2, 1, 1, 1, 14, 2, 1, 1, 4, 1, 5, 2, 2, 3, 1, 1, 1, 1, 2, 1, 2, 3]","['h2', 'h2', 'h2', 'h2', 'h2', 'h3', 'h3', 'h2', 'h2', 'h2', 'h2', 'h2', 'h3', 'h2', 'h2', 'h2', 'h2', 'h3', 'h2', 'h2', 'h2', 'h3', 'h2', 'h2', 'h1', 'h2', 'h2', 'h2', 'h2', 'h2', 'h2', 'h2', 'h2', 'h2', 'h2', 'h1', 'h2', 'h2', 'h1', 'h1', 'h1', 'h1', 'h2', 'h2', 'h2', 'h2', 'h2', 'h3', 'h2', 'h1', 'h2', 'h3', 'h2', 'h1', 'h3', 'h3', 'h3', 'h2', 'h3', 'h2', 'h2', 'h2', 'h2', 'h2', 'h2', 'h2', 'h3', 'h2', 'h2', 'h3', 'h2', 'h2', 'h2', 'h2', 'h2', 'h2', 'h1', 'h2', 'h2', 'h2', 'h2']"
vimeo.com,"[2, 1, 4, 2, 14, 36, 1, 6, 8, 1, 2, 1, 2, 4, 6, 5, 3, 1, 2, 1, 2, 1, 2, 8, 1, 4, 1, 1, 1, 1, 1, 2, 3]","['h1', 'h2', 'h2', 'h2', 'h2', 'h2', 'h2', 'h2', 'h2', 'h1', 'h1', 'h1', 'h2', 'h2', 'h2', 'h2', 'h1', 'h2', 'h2', 'h2', 'h2', 'h2', 'h2', 'h2', 'h2', 'h2', 'h2', 'h2', 'h2', 'h2', 'h2', 'h2', 'h2']"
skype.com,"[1, 3, 2, 21, 1, 1, 3, 1, 2, 1, 3, 2, 5]","['h2', 'h2', 'h2', 'h2', 'h2', 'h1', 'h2', 'h1', 'h2', 'h1', 'h2', 'h2', 'h2']"
qq.com,"[1, 1, 2, 2, 2, 63, 2, 2, 1, 2, 9, 3, 21, 2, 2, 1, 2, 1, 1, 2, 1, 1, 1, 1, 2, 1, 2, 2, 1, 1, 8, 14, 1, 23, 1, 2, 1, 2, 2, 15, 5, 1, 3, 7]","['h2', 'h1', 'h1', 'h1', 'h1', 'h2', 'h1', 'h1', 'h1', 'h2', 'h2', 'h1', 'h2', 'h1', 'h1', 'h1', 'h1', 'h1', 'h1', 'h2', 'h2', 'h1', 'h2', 'h1', 'h1', 'h1', 'h1', 'h1', 'h1', 'h1', 'h2', 'h2', 'h2', 'h3', 'h2', 'h3', 'h3', 'h2', 'h2', 'h2', 'h2', 'h1', 'h2', 'h1']"
cloudflare.com,"[1, 39, 34, 1, 1, 1, 2, 2, 7, 2, 1, 1, 2, 1, 1, 2, 6, 1, 1, 2, 1, 2, 1, 3, 1, 2, 1, 1, 1, 2, 2, 1, 2, 1, 1, 2, 1, 1, 2, 6, 1, 1, 1, 1, 1, 1, 1, 2, 8]","['h3', 'h3', 'h3', 'h2', 'h3', 'h3', 'h2', 'h2', 'h2', 'h2', 'h2', 'h2', 'h1', 'h2', 'h2', 'h2', 'h2', 'h2', 'h3', 'h2', 'h1', 'h3', 'h3', 'h3', 'h2', 'h2', 'h2', 'h2', 'h2', 'h2', 'h2', 'h2', 'h2', 'h2', 'h1', 'h1', 'h2', 'h1', 'h1', 'h2', 'h2', 'h2', 'h3', 'h1', 'h1', 'h2', 'h1', 'h2', 'h2']"
gandi.net,"[1, 13, 1, 1, 1, 1, 1]","['h1', 'h2', 'h2', 'h1', 'h2', 'h2', 'h2']"
msn.com,"[1, 2, 1, 18, 158, 2, 18, 1, 1, 2, 5, 23, 1, 1, 2, 1, 1, 1, 2, 1, 1, 7, 1, 6, 1, 3, 1, 1, 1, 1, 50, 1, 1, 1, 2, 1, 1, 1, 1, 31, 1, 3, 2, 3, 2, 2, 1, 2, 2, 1, 4, 2, 1, 2, 2, 3, 2, 1, 1, 2]","['h1', 'h2', 'h1', 'h2', 'h2', 'h2', 'h2', 'h1', 'h1', 'h2', 'h2', 'h2', 'h3', 'h2', 'h2', 'h2', 'h1', 'h2', 'h2', 'h2', 'h2', 'h2', 'h2', 'h2', 'h2', 'h2', 'h2', 'h2', 'h2', 'h1', 'h2', 'h1', 'h1', 'h1', 'h2', 'h2', 'h2', 'h1', 'h1', 'h3', 'h2', 'h2', 'h2', 'h2', 'h3', 'h2', 'h1', 'h2', 'h2', 'h1', 'h2', 'h2', 'h1', 'h2', 'h2', 'h2', 'h2', 'h2', 'h1', 'h3']"
tds.net,"[1, 1, 25, 5, 2, 1, 10, 1, 2, 1, 1, 3, 1, 1, 2, 1, 1, 1, 2, 2, 1, 2, 7, 26, 41, 18, 1, 2, 42, 2, 5, 2, 1, 2, 2, 1, 2, 1, 2, 8, 4, 9, 2, 3, 2, 7, 1, 2, 2, 2, 2, 2, 2, 4, 1, 2, 1, 1, 1, 2, 1, 2, 2, 3, 2, 3, 1, 5, 1, 1, 1, 1, 7, 1, 4, 2, 1, 2, 3, 2, 2, 1, 2, 4, 1, 4, 1, 3, 1, 1, 1, 2, 1, 2, 4, 1, 3, 4, 1, 2, 1, 3, 3, 4, 4, 5, 13, 12, 11, 1, 8, 2, 3, 1, 2, 2, 2, 1, 1, 6, 3, 2, 1, 1, 4, 1, 1, 3, 1, 1, 1, 1, 3, 2, 1, 4, 2, 2, 4, 1, 4, 2, 4, 2, 1, 1, 2, 1, 1, 4, 2]","['h1', 'h2', 'h2', 'h2', 'h2', 'h1', 'h3', 'h2', 'h2', 'h3', 'h3', 'h2', 'h2', 'h2', 'h2', 'h2', 'h2', 'h2', 'h2', 'h2', 'h2', 'h2', 'h2', 'h2', 'h2', 'h2', 'h2', 'h2', 'h2', 'h2', 'h3', 'h2', 'h2', 'h2', 'h2', 'h2', 'h2', 'h2', 'h1', 'h3', 'h2', 'h2', 'h2', 'h2', 'h3', 'h2', 'h2', 'h2', 'h2', 'h2', 'h2', 'h2', 'h2', 'h2', 'h2', 'h2', 'h2', 'h2', 'h2', 'h2', 'h2', 'h2', 'h2', 'h2', 'h3', 'h2', 'h2', 'h3', 'h3', 'h1', 'h2', 'h2', 'h2', 'h2', 'h2', 'h2', 'h1', 'h2', 'h2', 'h2', 'h2', 'h2', 'h3', 'h2', 'h3', 'h3', 'h2', 'h2', 'h2', 'h2', 'h2', 'h1', 'h2', 'h2', 'h3', 'h2', 'h3', 'h2', 'h2', 'h2', 'h2', 'h2', 'h2', 'h2', 'h2', 'h2', 'h2', 'h2', 'h2', 'h2', 'h2', 'h2', 'h2', 'h1', 'h2', 'h2', 'h2', 'h2', 'h2', 'h2', 'h1', 'h2', 'h2', 'h1', 'h2', 'h3', 'h2', 'h2', 'h2', 'h2', 'h2', 'h2', 'h1', 'h1', 'h1', 'h1', 'h2', 'h2', 'h3', 'h1', 'h2', 'h2', 'h2', 'h1', 'h1', 'h1', 'h2', 'h1', 'h1', 'h1', 'h2']"
bing.com,"[1, 1, 2, 4, 1, 2, 107, 3, 1, 27, 2, 1, 2, 2, 2, 9, 14, 1, 19]","['h1', 'h1', 'h2', 'h2', 'h2', 'h2', 'h3', 'h3', 'h3', 'h2', 'h2', 'h1', 'h1', 'h2', 'h2', 'h2', 'h2', 'h1', 'h2']"
ntp.org,"[1, 1, 1, 1, 1, 2, 1, 2, 1, 1, 3, 3, 1, 3, 1, 1, 3, 2, 2]","['h1', 'h2', 'h2', 'h1', 'h1', 'h1', 'h1', 'h1', 'h1', 'h1', 'h2', 'h2', 'h2', 'h3', 'h2', 'h2', 'h1', 'h2', 'h2']"
wikipedia.org,"[8, 1]","['h2', 'h2']"
bit.ly,"[1, 1, 1, 59, 5, 2, 5, 2, 2, 6, 1, 4, 1, 2, 2, 1, 1, 1, 1, 1, 1, 2, 3, 3, 1, 1, 1, 1, 1, 3, 1, 1, 1, 1, 1, 2]","['h2', 'h2', 'h2', 'h2', 'h2', 'h2', 'h2', 'h2', 'h2', 'h2', 'h3', 'h3', 'h2', 'h2', 'h2', 'h2', 'h2', 'h2', 'h2', 'h2', 'h3', 'h2', 'h3', 'h2', 'h2', 'h3', 'h3', 'h2', 'h2', 'h2', 'h2', 'h2', 'h2', 'h2', 'h2', 'h2']"
linkedin.com,"[1, 1, 2, 16, 8, 1, 9, 2, 1, 3, 1, 1]","['h1', 'h1', 'h2', 'h2', 'h2', 'h1', 'h2', 'h2', 'h2', 'h2', 'h2', 'h2']"
microsoft.com,"[1, 46, 17, 5, 1, 4, 1, 2, 1, 1, 1, 2, 6, 2, 3, 1, 3, 11, 2, 2, 1, 1, 2, 1, 1, 7, 4, 2, 1, 1, 3, 1, 4, 1, 2, 1, 1, 1, 3, 4, 2, 2, 1, 2, 2]","['h2', 'h2', 'h2', 'h2', 'h2', 'h2', 'h1', 'h2', 'h1', 'h1', 'h1', 'h2', 'h2', 'h2', 'h2', 'h1', 'h2', 'h2', 'h2', 'h1', 'h2', 'h1', 'h2', 'h1', 'h2', 'h2', 'h2', 'h2', 'h3', 'h2', 'h2', 'h3', 'h2', 'h1', 'h2', 'h2', 'h2', 'h1', 'h2', 'h2', 'h2', 'h2', 'h1', 'h2', 'h2']"
icloud.com,"[1, 17, 2, 5, 1, 1, 1]","['h2', 'h2', 'h2', 'h2', 'h1', 'h1', 'h1']"
facebook.com,"[3, 9, 5, 1, 4, 1]","['h2', 'h3', 'h2', 'h2', 'h3', 'h2']"
digicert.com,"[66, 19, 1, 1, 3, 5, 4, 1, 1, 6, 1, 2, 1, 1, 2, 3, 1, 2, 1, 2, 1, 2, 4, 2, 1, 1, 1, 2, 1, 1, 2, 1, 4, 1, 1, 1, 1, 1, 1, 3, 1, 1, 1]","['h2', 'h2', 'h1', 'h1', 'h2', 'h2', 'h3', 'h2', 'h1', 'h2', 'h2', 'h2', 'h2', 'h1', 'h2', 'h2', 'h1', 'h3', 'h3', 'h3', 'h2', 'h2', 'h2', 'h2', 'h3', 'h1', 'h3', 'h3', 'h3', 'h2', 'h1', 'h2', 'h2', 'h2', 'h3', 'h2', 'h2', 'h2', 'h2', 'h2', 'h2', 'h2', 'h2']"
mail.ru,"[19, 7, 15, 2, 26, 2, 1, 1, 11, 2, 2, 2, 10, 7, 1, 2, 16, 4, 1, 1, 3, 1, 1, 3, 7, 1, 1, 11, 8, 1, 2, 1, 1, 7, 13, 2, 8, 2, 4, 1, 1, 6, 1, 2, 22, 2, 21, 1, 3, 2, 2, 12, 3, 3, 2, 3, 4, 4]","['h2', 'h2', 'h2', 'h2', 'h2', 'h2', 'h2', 'h2', 'h2', 'h1', 'h2', 'h2', 'h2', 'h2', 'h2', 'h2', 'h2', 'h2', 'h1', 'h2', 'h1', 'h2', 'h1', 'h2', 'h2', 'h2', 'h2', 'h2', 'h1', 'h2', 'h2', 'h1', 'h1', 'h2', 'h2', 'h2', 'h2', 'h1', 'h2', 'h2', 'h2', 'h2', 'h2', 'h1', 'h2', 'h1', 'h2', 'h2', 'h2', 'h2', 'h2', 'h2', 'h2', 'h2', 'h2', 'h2', 'h2', 'h2']"
wordpress.com,"[3, 3, 1, 1, 1, 6, 3, 1, 3, 1, 1, 4, 1, 2, 1, 2, 4, 1, 1, 1, 1, 1, 3, 1, 2, 2, 2, 1, 1, 1, 1]","['h2', 'h2', 'h2', 'h2', 'h2', 'h2', 'h3', 'h2', 'h2', 'h2', 'h2', 'h3', 'h2', 'h2', 'h2', 'h2', 'h2', 'h2', 'h1', 'h2', 'h2', 'h2', 'h2', 'h2', 'h2', 'h3', 'h3', 'h2', 'h2', 'h3', 'h2']"
yandex.net,"[1, 16, 1, 2, 1, 7, 10, 5, 4]","['h1', 'h2', 'h1', 'h1', 'h2', 'h2', 'h2', 'h2', 'h2']"
office365.com,"[2, 65, 1, 2, 1, 10, 2, 2, 4, 2, 12, 1, 3, 4, 3, 1, 10, 2, 1, 4, 2, 1, 1, 1, 1, 1, 1, 2, 2, 4, 1, 4, 1, 1, 2, 1, 1]","['h1', 'h2', 'h2', 'h2', 'h2', 'h2', 'h2', 'h2', 'h2', 'h2', 'h2', 'h2', 'h2', 'h1', 'h2', 'h1', 'h2', 'h1', 'h1', 'h2', 'h2', 'h1', 'h2', 'h1', 'h2', 'h1', 'h1', 'h2', 'h2', 'h2', 'h1', 'h2', 'h1', 'h3', 'h2', 'h2', 'h3']"
amazon.com,"[1, 1, 3, 3, 238, 40, 14, 9, 1, 1, 2, 4, 1, 2, 3]","['h1', 'h2', 'h2', 'h2', 'h3', 'h3', 'h2', 'h3', 'h2', 'h1', 'h1', 'h1', 'h2', 'h1', 'h1']"
google-analytics.com,"[1, 2, 3, 1, 1, 1, 4, 6, 4, 3, 3, 1, 4, 3, 2, 1, 3, 1, 1, 1]","['h2', 'h3', 'h2', 'h3', 'h2', 'h2', 'h2', 'h3', 'h2', 'h2', 'h3', 'h3', 'h2', 'h3', 'h2', 'h3', 'h2', 'h3', 'h3', 'h2']"
pinterest.com,"[1, 4, 33, 13, 3, 1, 21, 60, 1, 2, 3, 2, 3, 1, 11]","['h2', 'h2', 'h2', 'h3', 'h3', 'h2', 'h3', 'h2', 'h2', 'h2', 'h2', 'h2', 'h2', 'h3', 'h3']"
whatsapp.net,"[1, 3, 4, 4, 49, 3]","['h2', 'h2', 'h2', 'h2', 'h3', 'h3']"
googlevideo.com,"[1, 1, 15, 3, 1, 3, 1, 4, 2, 1, 5]","['h1', 'h2', 'h3', 'h2', 'h2', 'h2', 'h2', 'h3', 'h2', 'h2', 'h3']"
amazonaws.com,"[1, 54, 6, 1, 39, 3, 3, 86, 1, 10, 2, 1, 1, 1, 1, 2, 6, 22, 2, 10, 5, 1, 1, 10, 2, 6, 1, 2, 1, 5, 1, 4, 12, 2, 3, 3, 1, 1, 2, 4]","['h1', 'h2', 'h2', 'h2', 'h3', 'h2', 'h2', 'h2', 'h2', 'h2', 'h2', 'h1', 'h2', 'h2', 'h2', 'h2', 'h2', 'h3', 'h2', 'h2', 'h2', 'h2', 'h2', 'h2', 'h2', 'h3', 'h2', 'h2', 'h2', 'h2', 'h2', 'h2', 'h3', 'h2', 'h2', 'h3', 'h3', 'h2', 'h2', 'h3']"
theguardian.com,"[1, 1, 8, 6, 9, 17, 33, 15, 6, 4, 14, 2, 2, 1, 1, 3, 2, 1, 2, 4, 1, 1, 1, 2, 5, 3, 1, 2, 1, 1, 1, 1, 1, 2, 9, 1, 3, 2, 1, 26, 2, 2, 1, 1, 2, 2, 2, 2, 2, 1, 2, 1, 1, 4, 3, 1, 2, 1, 1, 2, 3, 2, 1, 8, 1, 1, 1, 1, 2, 4, 1, 4, 1, 2, 1, 12, 1, 2, 1, 2, 2, 1, 1, 4, 3, 1, 2, 1, 2, 1, 1, 2, 2, 2, 1, 2, 1, 1, 2, 2]","['h2', 'h2', 'h2', 'h3', 'h2', 'h2', 'h2', 'h2', 'h2', 'h2', 'h2', 'h2', 'h3', 'h2', 'h2', 'h2', 'h3', 'h3', 'h2', 'h2', 'h2', 'h1', 'h2', 'h2', 'h3', 'h2', 'h1', 'h2', 'h3', 'h2', 'h2', 'h2', 'h2', 'h1', 'h2', 'h3', 'h2', 'h2', 'h2', 'h3', 'h2', 'h2', 'h2', 'h2', 'h2', 'h2', 'h2', 'h2', 'h2', 'h2', 'h1', 'h3', 'h2', 'h3', 'h2', 'h3', 'h2', 'h3', 'h3', 'h3', 'h2', 'h2', 'h2', 'h2', 'h2', 'h2', 'h2', 'h2', 'h2', 'h2', 'h2', 'h2', 'h3', 'h2', 'h1', 'h2', 'h2', 'h2', 'h2', 'h2', 'h1', 'h1', 'h2', 'h2', 'h3', 'h2', 'h1', 'h1', 'h2', 'h1', 'h2', 'h2', 'h1', 'h1', 'h1', 'h2', 'h2', 'h1', 'h2', 'h3']"
vk.com,"[25, 8, 12, 32, 1, 1, 2, 5, 1, 1, 3, 4, 1, 2, 5, 2, 1, 1]","['h2', 'h2', 'h2', 'h2', 'h2', 'h2', 'h2', 'h2', 'h2', 'h2', 'h2', 'h2', 'h2', 'h2', 'h1', 'h2', 'h1', 'h2']"
wa.me,"[1, 3, 5, 3, 3]","['h2', 'h2', 'h2', 'h2', 'h3']"
samsung.com,"[1, 1, 46, 29, 3, 42, 21, 2, 6, 1, 2, 1, 1, 6, 1, 1, 2, 24, 4, 4, 5, 1, 1, 2, 3, 8, 2, 2, 2, 2, 1, 1, 1, 1, 8, 9, 1, 1, 7, 3, 5, 1, 1, 13, 1, 1, 2, 1, 1, 2, 1, 3, 3, 1, 1, 1, 2, 1, 3, 2, 1, 3, 2, 2, 1, 1, 51, 2, 3, 2, 1, 1, 1, 2, 1, 1, 1, 1, 2, 2, 2, 6, 2, 1, 1, 2, 1, 1, 2, 4, 3, 1, 1, 1, 2, 2]","['h2', 'h1', 'h2', 'h2', 'h2', 'h2', 'h2', 'h2', 'h2', 'h2', 'h2', 'h2', 'h1', 'h2', 'h2', 'h2', 'h2', 'h2', 'h2', 'h1', 'h2', 'h2', 'h2', 'h2', 'h2', 'h2', 'h2', 'h3', 'h3', 'h2', 'h2', 'h2', 'h2', 'h2', 'h2', 'h1', 'h2', 'h2', 'h3', 'h2', 'h2', 'h2', 'h2', 'h2', 'h2', 'h1', 'h2', 'h2', 'h2', 'h2', 'h2', 'h2', 'h2', 'h2', 'h1', 'h2', 'h2', 'h2', 'h2', 'h2', 'h2', 'h2', 'h2', 'h2', 'h3', 'h3', 'h1', 'h2', 'h2', 'h2', 'h1', 'h1', 'h1', 'h2', 'h1', 'h2', 'h3', 'h2', 'h2', 'h2', 'h3', 'h3', 'h3', 'h2', 'h2', 'h3', 'h2', 'h2', 'h2', 'h3', 'h3', 'h2', 'h2', 'h2', 'h1', 'h1']"
github.io,"[1, 16]","['h2', 'h2']"
nih.gov,"[1, 29, 2, 1, 2, 2, 4, 2, 3, 4, 1, 2, 1, 5]","['h1', 'h2', 'h2', 'h2', 'h2', 'h2', 'h3', 'h2', 'h2', 'h2', 'h3', 'h2', 'h2', 'h3']"
gravatar.com,"[6, 3, 1, 1, 1, 3, 2, 5, 3, 1, 2, 1, 2, 1]","['h2', 'h3', 'h2', 'h2', 'h2', 'h2', 'h3', 'h2', 'h2', 'h3', 'h2', 'h3', 'h2', 'h2']"
intuit.com,"[1, 1, 48, 12, 7, 11, 8, 3, 2, 2, 1, 3, 1, 1, 1, 1, 6, 1, 1, 1, 1, 2, 2, 2, 4, 2, 2, 1, 1, 2, 2, 3, 2, 2, 2, 4, 1, 1]","['h2', 'h1', 'h2', 'h2', 'h2', 'h2', 'h2', 'h2', 'h2', 'h2', 'h3', 'h2', 'h2', 'h2', 'h2', 'h2', 'h2', 'h1', 'h1', 'h2', 'h2', 'h2', 'h2', 'h3', 'h2', 'h3', 'h2', 'h3', 'h3', 'h2', 'h2', 'h2', 'h3', 'h3', 'h3', 'h2', 'h2', 'h2']"
europa.eu,"[1, 1, 27, 2, 2, 11, 6, 3, 1, 2]","['h2', 'h1', 'h2', 'h1', 'h1', 'h3', 'h3', 'h1', 'h2', 'h2']"
paypal.com,"[1, 2, 1, 9, 1, 20, 19, 1, 1, 1, 1, 1, 1, 1, 1, 3, 1, 2, 1, 2, 1, 21, 2]","['h1', 'h2', 'h1', 'h2', 'h1', 'h2', 'h2', 'h1', 'h1', 'h1', 'h1', 'h1', 'h1', 'h1', 'h2', 'h2', 'h2', 'h2', 'h2', 'h2', 'h3', 'h3', 'h2']"
yandex.ru,"[1, 1, 16, 1, 2, 1, 1, 6, 22, 17, 4, 3, 35, 3, 24, 1, 1, 8, 9, 1, 2, 1, 9, 19, 2, 1, 13, 1, 12, 2, 4, 13, 1, 1, 1, 2, 1, 28, 4, 2, 4, 2, 4, 4, 3, 4]","['h2', 'h2', 'h1', 'h1', 'h1', 'h1', 'h2', 'h1', 'h2', 'h2', 'h2', 'h2', 'h2', 'h2', 'h2', 'h2', 'h1', 'h1', 'h2', 'h1', 'h1', 'h1', 'h2', 'h2', 'h2', 'h2', 'h2', 'h2', 'h1', 'h2', 'h1', 'h2', 'h1', 'h1', 'h1', 'h1', 'h1', 'h2', 'h2', 'h1', 'h2', 'h2', 'h2', 'h2', 'h2', 'h2']"
dropbox.com,"[1, 1, 79, 165, 8, 5, 5, 1, 10, 2, 1, 3, 1, 1, 1, 1, 3]","['h2', 'h2', 'h2', 'h3', 'h2', 'h2', 'h2', 'h1', 'h2', 'h2', 'h2', 'h2', 'h2', 'h1', 'h2', 'h2', 'h2']"
nytimes.com,"[1, 38, 18, 13, 13, 1, 2, 1, 2, 2, 7, 1, 2, 2, 3, 2, 5, 2, 4, 2, 1, 1, 4, 1, 1, 1, 6, 1, 1, 1, 2, 3, 3, 1, 2, 1, 2, 2, 3, 4, 3, 12, 4, 5, 2, 1, 2, 2, 2, 2, 1, 1, 1, 2, 2, 1, 1, 1, 1, 2, 5, 1, 1, 4, 2, 1, 1, 2, 3, 3, 1, 2, 2, 1, 1, 5, 1, 2, 1, 1, 1]","['h2', 'h2', 'h2', 'h2', 'h2', 'h2', 'h2', 'h2', 'h2', 'h2', 'h3', 'h2', 'h2', 'h2', 'h2', 'h2', 'h2', 'h2', 'h2', 'h2', 'h2', 'h3', 'h2', 'h2', 'h2', 'h2', 'h2', 'h2', 'h2', 'h2', 'h1', 'h2', 'h3', 'h2', 'h2', 'h2', 'h2', 'h2', 'h2', 'h2', 'h2', 'h3', 'h2', 'h2', 'h2', 'h2', 'h2', 'h1', 'h2', 'h2', 'h2', 'h2', 'h3', 'h2', 'h2', 'h2', 'h3', 'h2', 'h1', 'h1', 'h3', 'h3', 'h2', 'h3', 'h1', 'h1', 'h1', 'h2', 'h3', 'h3', 'h2', 'h2', 'h2', 'h2', 'h3', 'h2', 'h2', 'h2', 'h2', 'h2', 'h2']"
x.com,"[6, 1, 1, 1, 1, 12, 3, 39, 1, 4, 1, 1, 1, 3, 2, 1]","['h2', 'h2', 'h2', 'h1', 'h1', 'h2', 'h2', 'h2', 'h2', 'h2', 'h1', 'h2', 'h1', 'h2', 'h2', 'h2']"
googledomains.com,"[1, 1, 1, 4, 2, 1, 2, 2, 1, 3, 2, 2, 1, 1]","['h2', 'h2', 'h2', 'h3', 'h2', 'h2', 'h2', 'h2', 'h3', 'h2', 'h2', 'h2', 'h3', 'h2']"
registrar-servers.com,"[1, 1, 1]","['h1', 'h1', 'h1']"
forbes.com,"[1, 3, 4, 2, 1, 10, 15, 3, 1, 11, 1, 1, 4, 1, 2, 7, 1, 4, 1, 2, 2, 1, 2, 2, 2, 1, 3, 5, 1, 2, 1, 1, 1, 1, 2, 2, 1, 2, 4, 2, 2, 1, 4, 1, 1, 2, 1, 1, 1, 1, 2, 1, 2, 7, 2, 7, 1, 4, 3, 2, 2, 1, 2, 2, 4, 2, 5, 1, 7, 2, 5, 5, 4, 2, 1, 2, 2, 2, 1, 2, 1, 2, 2, 3, 2, 1, 1, 14, 13, 5, 1, 2, 1, 3, 1, 6, 13, 3, 3, 1, 1, 1, 2, 1, 2, 2, 1, 2, 1, 1, 1, 1, 2, 2, 1, 2, 1, 1, 4, 2, 2, 1, 1, 1, 3, 1, 1, 1, 2, 2, 2, 2]","['h2', 'h2', 'h2', 'h2', 'h2', 'h3', 'h3', 'h2', 'h2', 'h3', 'h2', 'h2', 'h3', 'h2', 'h2', 'h2', 'h1', 'h3', 'h2', 'h2', 'h2', 'h3', 'h2', 'h2', 'h3', 'h2', 'h2', 'h2', 'h2', 'h2', 'h2', 'h2', 'h2', 'h2', 'h2', 'h2', 'h3', 'h2', 'h2', 'h2', 'h2', 'h2', 'h2', 'h2', 'h2', 'h2', 'h2', 'h2', 'h2', 'h2', 'h1', 'h2', 'h2', 'h3', 'h2', 'h1', 'h2', 'h2', 'h2', 'h2', 'h2', 'h2', 'h1', 'h1', 'h2', 'h2', 'h3', 'h2', 'h2', 'h2', 'h2', 'h3', 'h2', 'h2', 'h2', 'h2', 'h1', 'h2', 'h2', 'h2', 'h2', 'h2', 'h2', 'h3', 'h2', 'h2', 'h3', 'h2', 'h2', 'h2', 'h2', 'h1', 'h2', 'h3', 'h2', 'h2', 'h3', 'h2', 'h2', 'h2', 'h3', 'h3', 'h2', 'h2', 'h2', 'h2', 'h1', 'h2', 'h2', 'h2', 'h3', 'h2', 'h2', 'h3', 'h2', 'h2', 'h1', 'h2', 'h2', 'h2', 'h1', 'h2', 'h2', 'h2', 'h1', 'h1', 'h2', 'h2', 'h2', 'h2', 'h2', 'h2']"
casalemedia.com,"[1, 3, 1, 28, 1, 4, 1, 5, 1, 2]","['h2', 'h2', 'h2', 'h2', 'h1', 'h3', 'h2', 'h2', 'h2', 'h2']"
tumblr.com,"[8, 4, 21, 10, 1, 4, 2, 2, 5]","['h2', 'h2', 'h3', 'h2', 'h2', 'h3', 'h2', 'h2', 'h3']"
dns.google,"[4, 1, 1, 1, 1, 1]","['h2', 'h3', 'h2', 'h2', 'h3', 'h2']"
medium.com,"[10, 1, 4, 10, 1, 1, 1, 1, 1, 1, 6, 3, 1, 2, 1, 2]","['h2', 'h2', 'h3', 'h3', 'h2', 'h3', 'h2', 'h2', 'h2', 'h2', 'h2', 'h3', 'h2', 'h2', 'h3', 'h2']"
gmail.com,"[2, 1, 1, 7, 2, 11, 1, 1, 1, 1, 2, 1]","['h2', 'h2', 'h2', 'h3', 'h2', 'h3', 'h2', 'h2', 'h2', 'h2', 'h3', 'h3']"
applovin.com,"[1, 5, 96, 1, 1, 6, 1, 1, 2, 1, 5, 6, 1, 1]","['h2', 'h2', 'h3', 'h2', 'h2', 'h3', 'h2', 'h2', 'h2', 'h2', 'h2', 'h2', 'h2', 'h2']"
opera.com,"[1, 1, 1, 41, 2, 11, 1, 2, 1, 1, 1, 2, 1, 4, 1, 1, 1, 1, 2, 1, 1, 5, 3, 2, 1]","['h2', 'h1', 'h2', 'h2', 'h2', 'h2', 'h2', 'h2', 'h2', 'h2', 'h3', 'h2', 'h2', 'h2', 'h2', 'h2', 'h2', 'h2', 'h2', 'h2', 'h2', 'h2', 'h2', 'h2', 'h1']"
ui.com,"[2, 29, 2, 2, 5, 2, 2, 1, 1, 1, 1, 2, 1, 3, 4, 1, 2, 4, 1, 1, 1, 6, 1, 9, 2, 3, 3, 3, 2, 2, 2, 4]","['h2', 'h3', 'h3', 'h2', 'h2', 'h2', 'h2', 'h2', 'h2', 'h2', 'h2', 'h2', 'h2', 'h2', 'h3', 'h2', 'h2', 'h2', 'h2', 'h2', 'h2', 'h2', 'h2', 'h1', 'h2', 'h3', 'h3', 'h2', 'h2', 'h2', 'h2', 'h3']"
windows.com,"[1, 1, 1, 11, 3, 9, 1, 2, 14, 2, 2, 3, 3, 2, 1, 3, 1, 1, 1, 2, 2, 1, 4, 1, 6, 2, 2, 1, 3, 1, 4, 3, 2, 1, 2, 2, 2, 2, 1, 1, 1, 2, 2, 7]","['h2', 'h1', 'h1', 'h2', 'h2', 'h2', 'h2', 'h2', 'h2', 'h2', 'h2', 'h2', 'h2', 'h2', 'h2', 'h2', 'h2', 'h2', 'h1', 'h2', 'h2', 'h2', 'h2', 'h2', 'h2', 'h2', 'h2', 'h2', 'h2', 'h2', 'h2', 'h2', 'h1', 'h1', 'h2', 'h2', 'h2', 'h2', 'h1', 'h1', 'h1', 'h2', 'h2', 'h2']"
sberdevices.ru,"[1, 17, 44, 6, 1, 2, 1, 1, 1, 1, 2, 1, 1, 1, 12, 1, 1, 2, 6, 1, 6, 6, 3, 1, 5, 3, 1, 2, 2, 2, 2, 2, 1, 1, 1, 1, 2, 1, 5, 2, 1, 1, 2, 1, 1, 1, 1, 4, 1, 1]","['h2', 'h2', 'h2', 'h2', 'h1', 'h2', 'h3', 'h2', 'h2', 'h2', 'h1', 'h1', 'h2', 'h1', 'h2', 'h1', 'h1', 'h1', 'h2', 'h1', 'h2', 'h2', 'h1', 'h1', 'h2', 'h2', 'h1', 'h1', 'h1', 'h2', 'h1', 'h1', 'h2', 'h2', 'h2', 'h1', 'h1', 'h1', 'h1', 'h2', 'h2', 'h1', 'h2', 'h2', 'h1', 'h1', 'h1', 'h2', 'h1', 'h1']"
t-mobile.com,"[1, 46, 9, 8, 9, 1, 1, 2, 2, 4, 3, 5, 1, 2, 2, 1, 1, 6, 1, 1, 2, 4, 1, 1, 1, 1, 6, 2, 5, 1, 4, 1, 2, 1, 1, 1, 1, 2, 1, 2, 2, 2, 2, 3, 3, 3, 2, 2, 2, 1, 1, 1, 2]","['h2', 'h2', 'h2', 'h2', 'h2', 'h2', 'h2', 'h2', 'h2', 'h2', 'h2', 'h2', 'h2', 'h1', 'h1', 'h2', 'h1', 'h2', 'h2', 'h2', 'h2', 'h2', 'h3', 'h2', 'h2', 'h3', 'h2', 'h2', 'h2', 'h2', 'h2', 'h1', 'h2', 'h2', 'h2', 'h1', 'h2', 'h2', 'h2', 'h3', 'h3', 'h2', 'h2', 'h2', 'h2', 'h2', 'h3', 'h2', 'h3', 'h2', 'h3', 'h2', 'h3']"
apache.org,"[32, 2, 1, 1]","['h2', 'h1', 'h2', 'h2']"
xiaomi.com,"[1, 20, 6, 24, 1, 1, 3, 1, 3, 1, 4, 2, 1, 3, 11, 6, 1, 2, 2, 2, 2, 1, 2, 2, 2, 1, 1, 1, 1, 1]","['h1', 'h2', 'h2', 'h2', 'h1', 'h2', 'h2', 'h2', 'h2', 'h2', 'h2', 'h2', 'h1', 'h2', 'h3', 'h2', 'h2', 'h2', 'h3', 'h2', 'h3', 'h3', 'h2', 'h2', 'h3', 'h3', 'h3', 'h2', 'h2', 'h2']"
webex.com,"[2, 54, 1, 5, 4, 1, 1, 6, 3, 5, 1, 6, 2, 4, 1, 1, 1, 1, 1, 1, 32, 2, 1, 1, 2, 10, 1, 2, 4, 1, 2, 6, 10, 6, 2, 1, 1, 3, 2, 1, 1, 3, 4, 2, 1, 6, 8, 2, 4, 4, 1, 1, 1, 1, 1, 1, 1, 1, 1, 2, 1, 1, 2, 2, 3, 2, 1, 1, 1, 4, 1, 1, 3, 2, 1, 1, 1, 1, 2, 2, 1, 1, 1, 1, 3, 8, 2, 3, 2, 2, 2]","['h1', 'h2', 'h2', 'h2', 'h2', 'h2', 'h2', 'h2', 'h2', 'h3', 'h2', 'h2', 'h1', 'h2', 'h2', 'h2', 'h2', 'h1', 'h1', 'h1', 'h2', 'h2', 'h2', 'h2', 'h2', 'h2', 'h2', 'h2', 'h3', 'h2', 'h2', 'h3', 'h3', 'h2', 'h2', 'h2', 'h2', 'h2', 'h1', 'h2', 'h3', 'h2', 'h3', 'h2', 'h3', 'h3', 'h3', 'h2', 'h3', 'h2', 'h2', 'h2', 'h2', 'h3', 'h3', 'h2', 'h1', 'h1', 'h2', 'h2', 'h2', 'h2', 'h1', 'h1', 'h2', 'h2', 'h2', 'h2', 'h3', 'h2', 'h1', 'h1', 'h2', 'h2', 'h2', 'h2', 'h2', 'h1', 'h2', 'h1', 'h2', 'h2', 'h2', 'h2', 'h2', 'h1', 'h2', 'h2', 'h2', 'h2', 'h2']"
sentry.io,"[2, 2, 1, 1, 18, 17, 2, 2, 4, 4, 4, 4, 4, 4, 1, 1, 3, 3, 2]","['h2', 'h3', 'h2', 'h2', 'h2', 'h2', 'h2', 'h2', 'h1', 'h1', 'h1', 'h1', 'h1', 'h1', 'h3', 'h2', 'h3', 'h2', 'h2']"
baidu.com,"[2, 1, 5, 39, 1, 1, 1, 1, 1, 1, 1, 2, 1, 1, 2, 1, 1, 1, 2]","['h2', 'h1', 'h1', 'h2', 'h1', 'h1', 'h1', 'h1', 'h2', 'h2', 'h2', 'h1', 'h1', 'h2', 'h1', 'h1', 'h1', 'h1', 'h2']"
tiktok.com,"[1, 1, 14, 3, 3, 10, 73, 2, 2, 2, 5, 17, 22, 3, 3, 4, 20, 1, 1, 1, 12, 1, 1, 1, 1, 2, 2, 1, 7, 2, 1, 1, 2, 2]","['h2', 'h2', 'h2', 'h2', 'h2', 'h2', 'h3', 'h3', 'h2', 'h3', 'h2', 'h2', 'h2', 'h2', 'h2', 'h2', 'h2', 'h2', 'h2', 'h2', 'h2', 'h2', 'h2', 'h2', 'h2', 'h2', 'h2', 'h1', 'h2', 'h2', 'h2', 'h2', 'h2', 'h2']"
cloudflare-dns.com,"[1, 1, 7, 1, 1, 2, 9, 8]","['h2', 'h3', 'h3', 'h2', 'h2', 'h2', 'h2', 'h2']"
t.me,"[1, 33]","['h2', 'h2']"
one.one,"[1, 1, 1, 14, 7, 11, 9, 2, 1, 1, 3, 8, 1, 3, 2, 1, 2, 1, 1, 1, 1]","['h1', 'h1', 'h2', 'h2', 'h2', 'h2', 'h2', 'h2', 'h2', 'h2', 'h3', 'h2', 'h2', 'h2', 'h2', 'h3', 'h2', 'h2', 'h2', 'h1', 'h1']"
nist.gov,"[1, 4, 8, 3, 7, 11, 7, 9, 1, 1, 1, 1, 1, 1, 1, 1, 2, 1, 3, 1, 1]","['h1', 'h1', 'h1', 'h2', 'h1', 'h1', 'h1', 'h1', 'h3', 'h1', 'h1', 'h1', 'h1', 'h1', 'h1', 'h1', 'h2', 'h2', 'h3', 'h2', 'h1']"
w3.org,"[1, 23]","['h2', 'h3']"
pki.goog,"[1, 4, 1, 2, 2, 3, 2, 2, 2, 4, 1, 3]","['h2', 'h2', 'h2', 'h3', 'h2', 'h2', 'h2', 'h2', 'h2', 'h2', 'h3', 'h2']"
criteo.com,"[76, 2, 2, 1, 2, 5, 1, 1, 2, 2, 4, 2, 1, 1, 1, 1, 1, 2, 1, 1, 1, 2, 1, 1, 3, 1, 2, 1, 1, 1, 1, 4, 1, 1, 1, 4, 5, 2, 2, 1, 2, 2, 1]","['h2', 'h2', 'h2', 'h3', 'h2', 'h2', 'h2', 'h2', 'h2', 'h2', 'h2', 'h1', 'h2', 'h2', 'h1', 'h3', 'h2', 'h2', 'h3', 'h3', 'h2', 'h2', 'h2', 'h2', 'h2', 'h2', 'h2', 'h2', 'h1', 'h2', 'h1', 'h2', 'h2', 'h1', 'h2', 'h2', 'h2', 'h2', 'h2', 'h2', 'h2', 'h2', 'h3']"
mozilla.org,"[1, 1, 42, 2, 1, 1, 1]","['h2', 'h2', 'h2', 'h2', 'h2', 'h3', 'h2']"
lencr.org,"[1, 14, 1, 3, 1, 1, 1, 2, 1]","['h2', 'h2', 'h2', 'h1', 'h2', 'h2', 'h2', 'h1', 'h2']"
bbc.com,"[1, 3, 13, 8, 2, 5, 1, 6, 1, 1, 4, 1, 9, 3, 1, 1, 1, 1, 2, 3, 6, 1, 1, 1, 2, 1, 5, 1, 3, 2, 2, 3, 1, 1, 1, 25, 19, 1, 1, 2, 4, 1, 1, 2, 3, 1, 1, 2, 1, 2, 3]","['h2', 'h2', 'h3', 'h2', 'h1', 'h3', 'h2', 'h2', 'h2', 'h2', 'h2', 'h2', 'h2', 'h2', 'h2', 'h2', 'h2', 'h2', 'h2', 'h2', 'h2', 'h2', 'h2', 'h2', 'h1', 'h2', 'h3', 'h1', 'h2', 'h2', 'h2', 'h2', 'h2', 'h2', 'h3', 'h3', 'h2', 'h2', 'h2', 'h2', 'h2', 'h2', 'h2', 'h3', 'h2', 'h2', 'h2', 'h2', 'h3', 'h3', 'h2']"
rubiconproject.com,"[1, 1, 46, 2, 2, 1, 2, 2, 1, 1, 1, 4, 1, 1, 1, 1, 12, 1, 1, 1, 2, 1]","['h1', 'h2', 'h2', 'h2', 'h2', 'h2', 'h2', 'h1', 'h2', 'h2', 'h3', 'h2', 'h2', 'h2', 'h1', 'h2', 'h2', 'h2', 'h3', 'h2', 'h2', 'h2']"
ebay.com,"[1, 15, 6, 22, 1, 23, 21, 3, 1, 1, 1, 3, 1, 2, 2, 1, 2, 2, 1, 2, 2, 1, 2, 1, 2, 1, 3, 1, 1, 5, 2, 1, 1, 2, 5, 2, 1, 2, 4, 2, 1]","['h2', 'h2', 'h2', 'h2', 'h1', 'h2', 'h2', 'h1', 'h2', 'h1', 'h1', 'h3', 'h1', 'h2', 'h3', 'h2', 'h2', 'h2', 'h1', 'h2', 'h2', 'h2', 'h1', 'h1', 'h2', 'h1', 'h1', 'h2', 'h2', 'h3', 'h3', 'h2', 'h2', 'h2', 'h1', 'h2', 'h3', 'h2', 'h3', 'h3', 'h2']"
launchdarkly.com,"[45, 4, 1, 1, 8, 4, 45, 1, 1, 1, 3, 2, 10, 3, 1, 1, 6, 4, 1, 6, 1, 4, 3, 1, 4, 1, 5, 2, 2, 2, 2, 2, 1, 2, 1, 6, 1, 1, 7, 2, 2, 1, 1, 1, 1, 1, 1, 1, 1, 2, 6, 1, 1, 2, 3, 1, 6, 5, 1, 1, 2, 2, 1]","['h2', 'h2', 'h1', 'h3', 'h2', 'h3', 'h2', 'h1', 'h2', 'h2', 'h2', 'h2', 'h2', 'h2', 'h2', 'h2', 'h2', 'h2', 'h2', 'h2', 'h2', 'h2', 'h2', 'h2', 'h2', 'h3', 'h2', 'h2', 'h3', 'h3', 'h2', 'h2', 'h2', 'h1', 'h2', 'h2', 'h2', 'h2', 'h2', 'h1', 'h2', 'h2', 'h2', 'h1', 'h2', 'h2', 'h2', 'h2', 'h2', 'h1', 'h1', 'h2', 'h1', 'h1', 'h1', 'h3', 'h2', 'h1', 'h2', 'h2', 'h2', 'h2', 'h2']"
ubuntu.com,"[12, 14, 8, 2, 2, 3, 3, 3, 3, 1, 2, 1]","['h2', 'h2', 'h2', 'h2', 'h2', 'h2', 'h3', 'h2', 'h3', 'h3', 'h2', 'h2']"
android.com,"[1, 7, 3, 3, 3, 1, 2, 1, 5, 1, 2, 9, 1, 2, 1, 3]","['h2', 'h2', 'h3', 'h2', 'h2', 'h3', 'h3', 'h3', 'h2', 'h2', 'h2', 'h3', 'h3', 'h2', 'h3', 'h3']"
discord.com,"[37, 50, 2, 1, 1, 7, 4, 2, 1, 2, 3, 1]","['h3', 'h3', 'h2', 'h3', 'h2', 'h3', 'h2', 'h2', 'h2', 'h2', 'h2', 'h2']"
taobao.com,"[1, 1, 1, 16, 13, 20, 4, 2, 1, 1, 9, 1, 10, 1, 2, 4, 6, 1, 2, 2, 2, 1, 3, 1, 1, 1, 2]","['h2', 'h2', 'h2', 'h2', 'h2', 'h2', 'h2', 'h2', 'h2', 'h2', 'h2', 'h2', 'h2', 'h1', 'h2', 'h2', 'h2', 'h2', 'h2', 'h2', 'h1', 'h1', 'h2', 'h1', 'h1', 'h2', 'h2']"
mit.edu,"[1, 4, 4, 5, 4, 1, 1, 2, 4, 2, 3, 2, 2, 4, 2, 1]","['h1', 'h1', 'h1', 'h1', 'h2', 'h2', 'h2', 'h3', 'h1', 'h1', 'h1', 'h2', 'h2', 'h3', 'h2', 'h1']"
appsflyer.com,"[1, 38, 5, 2, 7, 1, 1, 2, 3, 2, 2, 4, 1, 1, 18, 1, 6, 1, 1, 3, 1, 2, 1, 1, 1, 1, 1, 1, 1, 2, 2, 1, 1, 4, 1, 3, 1, 1, 1, 1, 1, 2, 2, 1, 1, 1, 2, 2, 1, 4, 1, 6, 2, 1, 1, 1]","['h2', 'h2', 'h2', 'h2', 'h2', 'h2', 'h3', 'h2', 'h2', 'h2', 'h2', 'h2', 'h2', 'h2', 'h2', 'h2', 'h2', 'h2', 'h2', 'h2', 'h1', 'h1', 'h2', 'h2', 'h2', 'h2', 'h3', 'h2', 'h2', 'h2', 'h2', 'h2', 'h2', 'h2', 'h2', 'h2', 'h3', 'h2', 'h1', 'h1', 'h2', 'h2', 'h2', 'h2', 'h1', 'h3', 'h1', 'h2', 'h1', 'h2', 'h1', 'h2', 'h2', 'h2', 'h1', 'h1']"
slack.com,"[2, 15, 1, 4, 1, 25, 6, 1, 2, 1, 1, 3, 1, 2, 1, 2, 1, 2, 1, 2, 1, 1, 1, 1, 2, 2, 1, 1, 1, 1, 1, 1, 2, 2, 4, 3, 3, 8, 2, 1, 1, 2, 2, 3, 2, 2, 1, 1, 1, 2, 2, 2, 7, 1, 6, 2, 2, 2, 1, 2, 3, 2, 1, 4, 2, 2, 3, 2, 1, 3, 2, 1, 2, 2, 3, 3, 2, 1, 1, 1, 7, 3, 2, 6, 3, 11, 2, 5, 1, 1, 2]","['h2', 'h2', 'h2', 'h2', 'h2', 'h2', 'h2', 'h2', 'h2', 'h2', 'h1', 'h2', 'h2', 'h2', 'h3', 'h2', 'h2', 'h1', 'h2', 'h2', 'h2', 'h2', 'h2', 'h2', 'h2', 'h2', 'h2', 'h2', 'h2', 'h2', 'h2', 'h1', 'h2', 'h2', 'h2', 'h1', 'h2', 'h3', 'h2', 'h2', 'h2', 'h2', 'h2', 'h2', 'h2', 'h3', 'h2', 'h1', 'h2', 'h1', 'h2', 'h2', 'h1', 'h2', 'h2', 'h2', 'h2', 'h2', 'h2', 'h2', 'h2', 'h2', 'h1', 'h2', 'h2', 'h2', 'h2', 'h1', 'h2', 'h3', 'h2', 'h2', 'h2', 'h2', 'h3', 'h2', 'h1', 'h1', 'h2', 'h2', 'h2', 'h2', 'h3', 'h3', 'h3', 'h3', 'h3', 'h3', 'h2', 'h2', 'h3']"
smartadserver.com,"[1, 34, 1, 2, 1, 1, 1, 1, 1, 2, 1]","['h2', 'h2', 'h2', 'h2', 'h2', 'h3', 'h2', 'h2', 'h3', 'h1', 'h1']"
twitch.tv,"[1, 2, 3, 2, 5, 5, 8, 1, 53, 5, 1, 3, 14, 11, 5, 19, 7, 5, 1, 2, 1, 1, 7, 12, 2, 5, 1, 1, 1, 1]","['h1', 'h1', 'h2', 'h2', 'h2', 'h3', 'h2', 'h1', 'h3', 'h1', 'h2', 'h2', 'h3', 'h3', 'h1', 'h2', 'h2', 'h2', 'h2', 'h1', 'h1', 'h2', 'h1', 'h1', 'h1', 'h1', 'h1', 'h2', 'h2', 'h2']"
wildberries.ru,"[14, 7, 1, 28, 1, 7, 7, 6, 4, 2, 2, 2, 1, 2, 4, 3, 1, 3, 3, 1]","['h2', 'h2', 'h1', 'h3', 'h2', 'h1', 'h2', 'h1', 'h1', 'h1', 'h2', 'h2', 'h1', 'h2', 'h2', 'h2', 'h2', 'h2', 'h2', 'h2']"
hp.com,"[1, 45, 1, 5, 15, 2, 2, 1, 1, 2, 5, 6, 1]","['h1', 'h2', 'h1', 'h2', 'h2', 'h2', 'h2', 'h2', 'h2', 'h2', 'h2', 'h2', 'h2']"
wikimedia.org,"[1, 13, 4]","['h1', 'h2', 'h2']"
myfritz.net,"[1, 1, 1, 10, 4, 2, 2, 21, 1, 2, 1, 1]","['h1', 'h2', 'h1', 'h2', 'h2', 'h2', 'h1', 'h2', 'h2', 'h1', 'h2', 'h2']"
who.int,"[1, 7, 41, 5, 1, 1, 6, 1, 2, 3, 10, 2, 1, 1, 2, 3, 1, 1, 1, 1, 1, 1, 1]","['h2', 'h2', 'h3', 'h2', 'h2', 'h2', 'h2', 'h3', 'h2', 'h3', 'h3', 'h2', 'h2', 'h2', 'h2', 'h2', 'h3', 'h2', 'h2', 'h3', 'h2', 'h1', 'h2']"
ring.com,"[4, 12, 2, 30, 1, 3, 4, 7, 1, 4, 1, 2, 1, 4, 1, 1, 3, 2, 1, 1]","['h1', 'h2', 'h2', 'h2', 'h1', 'h1', 'h2', 'h2', 'h2', 'h2', 'h2', 'h2', 'h2', 'h2', 'h1', 'h1', 'h2', 'h2', 'h1', 'h2']"
adriver.ru,"[1, 16, 8, 9, 9, 10, 8, 1, 2, 1, 1, 2, 1, 1, 2, 2, 3, 1, 5, 1, 2, 1]","['h1', 'h1', 'h1', 'h1', 'h1', 'h1', 'h1', 'h3', 'h3', 'h2', 'h2', 'h1', 'h2', 'h2', 'h1', 'h1', 'h1', 'h1', 'h2', 'h2', 'h1', 'h1']"
mzstatic.com,"[1, 36, 2, 8, 2, 1]","['h1', 'h2', 'h2', 'h2', 'h2', 'h2']"
taboola.com,"[1, 28, 2, 1, 2, 6, 2, 1, 1, 2, 2, 4, 2, 1]","['h2', 'h2', 'h2', 'h3', 'h2', 'h1', 'h3', 'h2', 'h3', 'h3', 'h2', 'h2', 'h3', 'h2']"
issuu.com,"[6, 26, 3, 5, 4, 1, 2, 2, 1, 1, 2, 3, 1, 3, 2, 3, 1, 1, 2, 2]","['h2', 'h2', 'h2', 'h2', 'h3', 'h2', 'h2', 'h2', 'h3', 'h2', 'h2', 'h2', 'h2', 'h3', 'h2', 'h2', 'h2', 'h2', 'h2', 'h2']"
doubleverify.com,"[38, 1, 2, 2, 1, 1, 1, 1, 1]","['h2', 'h2', 'h2', 'h2', 'h2', 'h2', 'h2', 'h2', 'h2']"
scorecardresearch.com,"[1, 5, 1, 3, 3, 2, 2, 1]","['h1', 'h1', 'h1', 'h1', 'h2', 'h2', 'h2', 'h3']"
cisco.com,"[1, 57, 2, 1, 1, 4, 6, 1, 1, 2, 1, 2, 2, 20, 1, 1, 4, 2, 1, 1, 1, 1, 4, 4, 1, 2, 2, 4, 4, 1, 2, 4, 2, 3, 1, 4, 1, 1, 1, 1, 2, 1, 3, 1, 1, 4, 2, 4, 1, 2, 1]","['h1', 'h2', 'h2', 'h2', 'h2', 'h2', 'h2', 'h2', 'h2', 'h2', 'h2', 'h2', 'h2', 'h2', 'h1', 'h1', 'h2', 'h2', 'h1', 'h2', 'h1', 'h2', 'h2', 'h2', 'h2', 'h2', 'h2', 'h2', 'h2', 'h1', 'h1', 'h3', 'h1', 'h3', 'h2', 'h2', 'h2', 'h2', 'h2', 'h2', 'h2', 'h2', 'h2', 'h2', 'h3', 'h3', 'h3', 'h3', 'h3', 'h2', 'h2']"
booking.com,"[113, 51, 19, 2, 3, 1, 3, 2, 6, 3, 1, 2, 2, 3, 2, 1, 11, 1, 1, 2, 1, 1, 1, 9, 2, 8, 1, 2, 1, 1, 1, 3, 3, 1, 5, 1, 1, 1, 2, 1, 3, 2, 2, 1, 17]","['h2', 'h2', 'h2', 'h2', 'h2', 'h2', 'h3', 'h2', 'h2', 'h2', 'h2', 'h2', 'h2', 'h2', 'h2', 'h3', 'h3', 'h2', 'h2', 'h2', 'h2', 'h2', 'h3', 'h3', 'h2', 'h2', 'h2', 'h2', 'h2', 'h2', 'h2', 'h3', 'h2', 'h3', 'h3', 'h2', 'h2', 'h3', 'h2', 'h3', 'h2', 'h3', 'h3', 'h2', 'h3']"
elisa.fi,"[12, 5, 4, 7, 1, 8, 1, 2, 1, 1, 1, 1, 1, 2, 1, 1, 1, 1, 1, 2, 1]","['h2', 'h2', 'h2', 'h2', 'h1', 'h2', 'h2', 'h2', 'h2', 'h2', 'h2', 'h2', 'h2', 'h2', 'h2', 'h2', 'h2', 'h1', 'h3', 'h1', 'h2']"
creativecommons.org,"[31, 1, 1, 1, 1, 2, 2, 2, 1, 1, 2, 3, 2]","['h2', 'h2', 'h2', 'h1', 'h2', 'h2', 'h2', 'h2', 'h2', 'h2', 'h1', 'h2', 'h2']"
salesforce.com,"[1, 20, 24, 13, 2, 5, 1, 4, 1, 1, 2, 16, 4, 2, 1, 1, 1, 4, 10, 1, 6, 1, 3, 1, 1, 3, 1, 3, 2, 3, 2, 5, 1, 1, 2, 6, 1, 2, 1, 2, 3, 1, 4, 5, 4, 1, 1, 1, 2, 1, 5, 1, 1, 1, 1, 1, 1, 1, 1, 1, 5, 4, 4, 2, 3, 1, 2, 1, 3]","['h1', 'h2', 'h2', 'h2', 'h1', 'h2', 'h2', 'h2', 'h2', 'h2', 'h1', 'h2', 'h2', 'h2', 'h2', 'h2', 'h2', 'h2', 'h2', 'h2', 'h2', 'h2', 'h2', 'h2', 'h3', 'h1', 'h2', 'h1', 'h1', 'h2', 'h2', 'h1', 'h2', 'h2', 'h2', 'h2', 'h1', 'h2', 'h2', 'h2', 'h2', 'h2', 'h2', 'h2', 'h2', 'h1', 'h1', 'h1', 'h2', 'h2', 'h2', 'h2', 'h2', 'h2', 'h1', 'h1', 'h1', 'h1', 'h1', 'h1', 'h3', 'h2', 'h2', 'h3', 'h3', 'h3', 'h2', 'h2', 'h3']"
kaspersky.com,"[2, 31, 5, 17, 2, 1, 3, 1, 2, 1, 2, 1, 2, 8, 2, 5, 1, 1, 5, 1, 2, 1, 2, 1, 3, 1, 1, 1, 1, 1, 2, 2, 1, 4, 1, 2, 1, 3, 2, 1, 1, 1, 2, 2, 2, 1, 2, 4]","['h2', 'h2', 'h2', 'h2', 'h2', 'h2', 'h2', 'h2', 'h2', 'h1', 'h1', 'h2', 'h1', 'h2', 'h2', 'h2', 'h2', 'h2', 'h2', 'h2', 'h3', 'h3', 'h2', 'h2', 'h2', 'h2', 'h2', 'h2', 'h2', 'h3', 'h2', 'h2', 'h2', 'h2', 'h2', 'h3', 'h3', 'h2', 'h2', 'h2', 'h2', 'h2', 'h3', 'h3', 'h2', 'h2', 'h2', 'h1']"
digitalocean.com,"[37, 1, 3, 3, 1, 1, 1, 3, 2, 2, 3, 2]","['h2', 'h2', 'h2', 'h2', 'h2', 'h2', 'h2', 'h2', 'h2', 'h2', 'h2', 'h2']"
sciencedirect.com,"[9, 3, 10, 2, 4, 1, 1, 6, 3, 1, 1]","['h2', 'h2', 'h2', 'h2', 'h2', 'h2', 'h2', 'h2', 'h1', 'h2', 'h2']"
amazonvideo.com,"[1, 4, 10, 3, 7, 13, 1, 2, 1]","['h2', 'h2', 'h2', 'h2', 'h3', 'h2', 'h2', 'h1', 'h1']"
hubspot.com,"[1, 3, 12, 50, 9, 8, 5, 2, 1, 8, 2, 15, 2, 4, 1, 1, 1, 1, 1, 1, 1, 1, 1, 5, 2, 2, 1]","['h2', 'h2', 'h2', 'h3', 'h3', 'h2', 'h2', 'h2', 'h2', 'h2', 'h2', 'h2', 'h2', 'h2', 'h2', 'h2', 'h2', 'h2', 'h2', 'h2', 'h2', 'h3', 'h3', 'h2', 'h2', 'h2', 'h2']"
netangels.ru,"[69, 12, 2, 4, 1, 2, 14, 3, 3, 1, 2, 1, 2, 2, 1, 1, 1, 2, 1, 1, 1]","['h2', 'h2', 'h2', 'h2', 'h3', 'h2', 'h2', 'h3', 'h2', 'h2', 'h3', 'h3', 'h2', 'h3', 'h3', 'h2', 'h2', 'h2', 'h1', 'h1', 'h1']"
canva.com,"[54, 17, 1, 2, 1, 3]","['h2', 'h2', 'h2', 'h2', 'h2', 'h2']"
oracle.com,"[1, 49, 6, 3, 1, 2, 1, 3, 1, 2, 2, 1, 1, 2, 1, 1, 1, 1, 1]","['h1', 'h2', 'h2', 'h2', 'h2', 'h2', 'h2', 'h2', 'h2', 'h2', 'h2', 'h2', 'h2', 'h1', 'h1', 'h1', 'h1', 'h1', 'h1']"
www.gov.uk,"[7, 17, 1]","['h2', 'h3', 'h2']"
harvard.edu,"[57, 1, 2, 6, 2, 6, 4, 2, 1, 1, 3, 3, 2, 1, 1, 1, 1, 1, 2]","['h2', 'h2', 'h2', 'h2', 'h2', 'h2', 'h2', 'h2', 'h2', 'h1', 'h3', 'h2', 'h2', 'h2', 'h2', 'h2', 'h2', 'h2', 'h2']"
ea.com,"[1, 2, 12, 1, 1, 1, 16, 4, 1, 2, 53, 2, 1, 2, 1, 1, 10, 1, 1, 1, 2, 11, 2, 1, 2, 3, 6, 1, 2, 1, 1, 3, 3, 1, 2, 1, 2, 1, 1, 1, 1]","['h2', 'h2', 'h3', 'h3', 'h2', 'h2', 'h2', 'h2', 'h1', 'h2', 'h2', 'h2', 'h2', 'h2', 'h2', 'h3', 'h2', 'h2', 'h2', 'h2', 'h2', 'h2', 'h2', 'h2', 'h2', 'h2', 'h2', 'h2', 'h2', 'h2', 'h1', 'h3', 'h2', 'h3', 'h2', 'h3', 'h2', 'h3', 'h2', 'h2', 'h3']"
washingtonpost.com,"[1, 95, 1, 3, 8, 3, 2, 1, 2, 2, 1, 2, 2, 1, 1, 2, 1, 8, 3, 1, 1, 2, 1, 1, 1, 2, 1, 1, 2, 3, 3, 1, 1, 1, 1, 4, 1, 1, 3, 3, 2, 4, 3, 2, 2, 2, 2, 2, 1, 1, 1, 3, 2, 2, 1, 2, 6, 2, 1, 2, 2]","['h2', 'h2', 'h2', 'h2', 'h2', 'h2', 'h2', 'h2', 'h2', 'h3', 'h2', 'h2', 'h2', 'h3', 'h2', 'h2', 'h2', 'h2', 'h2', 'h2', 'h2', 'h1', 'h2', 'h2', 'h2', 'h2', 'h2', 'h2', 'h2', 'h2', 'h2', 'h2', 'h2', 'h2', 'h2', 'h2', 'h2', 'h3', 'h3', 'h2', 'h2', 'h2', 'h2', 'h2', 'h2', 'h2', 'h2', 'h2', 'h2', 'h2', 'h2', 'h2', 'h2', 'h2', 'h2', 'h2', 'h3', 'h1', 'h2', 'h2', 'h2']"
weebly.com,"[24, 6, 10, 1, 6, 2, 4, 2, 3, 3, 2, 1, 5, 1, 3, 6, 1, 2, 7, 2, 1, 1, 4, 1, 6, 6, 2, 3, 3, 5, 2, 2, 1, 4]","['h2', 'h2', 'h3', 'h2', 'h3', 'h2', 'h2', 'h2', 'h3', 'h2', 'h2', 'h3', 'h2', 'h2', 'h2', 'h2', 'h2', 'h2', 'h3', 'h2', 'h2', 'h1', 'h2', 'h2', 'h2', 'h3', 'h2', 'h3', 'h2', 'h3', 'h3', 'h1', 'h2', 'h2']"
crashlytics.com,"[1, 2, 8, 3, 4, 5, 43, 1, 2, 2, 3, 1, 3, 2, 1, 1, 1]","['h2', 'h2', 'h3', 'h2', 'h2', 'h2', 'h3', 'h2', 'h3', 'h2', 'h2', 'h3', 'h3', 'h2', 'h2', 'h2', 'h3']"
php.net,"[1, 23, 1, 1, 1, 1]","['h2', 'h2', 'h2', 'h1', 'h2', 'h2']"
sharethrough.com,"[2, 2, 2, 3, 14, 24, 1, 3, 1, 6, 1, 1, 2, 1, 4, 1, 2, 1, 1, 1, 1, 1, 1, 1, 1, 1]","['h2', 'h2', 'h2', 'h3', 'h2', 'h3', 'h2', 'h3', 'h3', 'h2', 'h2', 'h2', 'h1', 'h1', 'h2', 'h2', 'h2', 'h2', 'h2', 'h2', 'h2', 'h3', 'h2', 'h2', 'h2', 'h2']"
slideshare.net,"[1, 2, 5, 21, 2, 1, 65, 2, 1, 2, 3, 3, 1, 1, 2, 4]","['h2', 'h2', 'h2', 'h2', 'h2', 'h2', 'h3', 'h3', 'h2', 'h2', 'h2', 'h2', 'h3', 'h3', 'h2', 'h2']"
go.com,"[1, 1, 8, 3, 5, 9, 1, 2, 4, 1, 2, 6, 1, 4, 1, 2, 1]","['h2', 'h2', 'h2', 'h2', 'h2', 'h3', 'h2', 'h2', 'h2', 'h2', 'h2', 'h2', 'h2', 'h2', 'h2', 'h2', 'h2']"
indeed.com,"[1, 18, 5, 98, 1, 1, 12, 3, 2, 4, 1]","['h3', 'h3', 'h2', 'h3', 'h2', 'h2', 'h3', 'h3', 'h1', 'h3', 'h2']"
3lift.com,"[1, 31, 2, 2, 2, 2, 3, 1, 1, 4, 2, 1, 1, 2, 2, 9, 1, 1, 1, 2, 3, 2, 4, 1, 1, 1, 2]","['h2', 'h2', 'h3', 'h2', 'h3', 'h2', 'h3', 'h2', 'h2', 'h3', 'h2', 'h2', 'h1', 'h3', 'h2', 'h2', 'h3', 'h3', 'h2', 'h2', 'h2', 'h3', 'h2', 'h2', 'h2', 'h2', 'h2']"
dnsmadeeasy.com,"[2, 10, 20, 1, 1, 1, 3, 7, 4, 1, 2, 3, 5, 1, 1, 1, 1, 2, 2, 2, 2, 1, 2, 1, 7, 6, 3, 1, 17, 1, 1, 1, 1, 2, 1, 1, 1, 1, 1, 1, 2, 3, 1]","['h2', 'h2', 'h2', 'h2', 'h2', 'h2', 'h2', 'h2', 'h2', 'h3', 'h1', 'h2', 'h2', 'h3', 'h2', 'h1', 'h2', 'h2', 'h2', 'h2', 'h3', 'h2', 'h2', 'h1', 'h2', 'h2', 'h1', 'h2', 'h1', 'h1', 'h3', 'h3', 'h3', 'h2', 'h2', 'h2', 'h3', 'h2', 'h2', 'h2', 'h1', 'h2', 'h1']"
stripe.com,"[5, 1, 95, 40, 2, 1, 1, 7, 2, 8, 1, 7, 4, 1, 1, 3, 1, 2, 1, 1, 1, 1, 3, 2, 1, 2, 1]","['h2', 'h1', 'h2', 'h2', 'h2', 'h2', 'h2', 'h2', 'h2', 'h2', 'h3', 'h2', 'h2', 'h2', 'h1', 'h3', 'h2', 'h2', 'h1', 'h2', 'h1', 'h2', 'h3', 'h2', 'h2', 'h3', 'h3']"
nasa.gov,"[34, 1, 8, 1, 2, 2, 3, 1, 1, 1, 1, 1, 1]","['h2', 'h2', 'h2', 'h2', 'h2', 'h2', 'h1', 'h2', 'h1', 'h2', 'h2', 'h2', 'h2']"
avast.com,"[1, 2, 4, 41, 5, 3, 2, 3, 1, 3, 4, 3, 1, 1, 1, 1, 1, 2, 1, 1, 4, 1, 2, 1, 1, 1, 1, 1, 1, 1, 1, 1, 1, 1, 1, 1, 2, 1, 4, 1, 1, 4, 1, 1, 1, 1]","['h1', 'h2', 'h2', 'h2', 'h2', 'h2', 'h2', 'h2', 'h2', 'h2', 'h2', 'h2', 'h2', 'h1', 'h2', 'h3', 'h3', 'h2', 'h2', 'h2', 'h2', 'h3', 'h2', 'h2', 'h2', 'h2', 'h2', 'h2', 'h2', 'h2', 'h2', 'h2', 'h3', 'h2', 'h3', 'h3', 'h2', 'h2', 'h2', 'h3', 'h2', 'h2', 'h1', 'h1', 'h1', 'h1']"
vungle.com,"[1, 1, 2, 1, 1, 37, 1, 2, 1]","['h2', 'h2', 'h2', 'h3', 'h2', 'h3', 'h2', 'h2', 'h2']"
linktr.ee,"[7, 1, 5, 8, 37, 8, 2, 2, 6, 2, 2, 6, 10, 3, 5, 2, 1, 7, 1, 3, 1, 1, 1, 1, 1, 1, 1, 1, 1, 1, 1, 1, 2, 2, 4, 2, 2, 1, 1, 1, 1, 3]","['h2', 'h2', 'h2', 'h2', 'h2', 'h2', 'h2', 'h2', 'h2', 'h2', 'h2', 'h2', 'h3', 'h2', 'h2', 'h2', 'h2', 'h2', 'h1', 'h2', 'h2', 'h2', 'h2', 'h2', 'h2', 'h2', 'h1', 'h3', 'h2', 'h1', 'h2', 'h2', 'h2', 'h2', 'h2', 'h2', 'h2', 'h3', 'h1', 'h1', 'h1', 'h2']"
cdc.gov,"[1, 46, 3, 1, 1, 2, 1, 2, 2, 1, 1, 1]","['h1', 'h2', 'h2', 'h2', 'h1', 'h2', 'h2', 'h2', 'h1', 'h2', 'h3', 'h1']"
1c.ru,"[32, 6, 10, 2, 1]","['h2', 'h2', 'h2', 'h2', 'h2']"
f5.com,"[1, 1, 1, 31, 3, 2, 1, 2, 1, 1, 1, 1, 1, 1, 1, 1, 1, 2]","['h1', 'h1', 'h1', 'h2', 'h2', 'h2', 'h2', 'h2', 'h2', 'h2', 'h2', 'h2', 'h2', 'h2', 'h2', 'h2', 'h2', 'h2']"
sohu.com,"[1, 2, 3, 2, 82, 91, 2, 3, 2, 3, 1, 1, 3, 2, 1, 1, 2, 7, 1, 1, 1, 1, 2, 1, 1, 2, 1, 1, 1, 4, 4, 9, 7, 9, 8, 4, 6, 7, 2, 1, 1, 3, 3, 7, 26, 14, 5, 7, 6, 6, 1, 1, 2, 5, 7, 8, 6, 8, 6, 8, 9, 6, 2, 2, 1, 3, 3, 2, 1, 1, 4, 2, 14, 1, 1, 1, 2, 1, 1, 1]","['h2', 'h1', 'h1', 'h1', 'h2', 'h2', 'h1', 'h1', 'h1', 'h1', 'h2', 'h1', 'h2', 'h1', 'h2', 'h1', 'h2', 'h2', 'h1', 'h1', 'h1', 'h2', 'h1', 'h1', 'h1', 'h1', 'h1', 'h1', 'h2', 'h1', 'h1', 'h1', 'h1', 'h1', 'h1', 'h1', 'h1', 'h1', 'h2', 'h2', 'h1', 'h2', 'h2', 'h2', 'h2', 'h2', 'h1', 'h1', 'h1', 'h1', 'h1', 'h1', 'h2', 'h2', 'h1', 'h1', 'h1', 'h1', 'h1', 'h1', 'h1', 'h1', 'h1', 'h1', 'h1', 'h1', 'h1', 'h2', 'h1', 'h1', 'h1', 'h2', 'h2', 'h1', 'h1', 'h1', 'h1', 'h1', 'h1', 'h1']"
springer.com,"[1, 2, 5, 1, 1, 1, 1, 1, 1, 1, 1, 2, 1]","['h2', 'h2', 'h3', 'h2', 'h1', 'h1', 'h1', 'h1', 'h1', 'h1', 'h3', 'h2', 'h2']"
wiley.com,"[1, 77, 1, 1, 2, 1, 1, 12, 1, 1, 1, 1, 3, 3, 1, 1, 1, 2, 2, 1, 1, 7, 1, 2, 1, 4, 1, 1, 2, 1, 1, 30, 1, 7, 1, 4, 1, 2, 5, 1, 1, 7, 4, 1, 7, 2, 1, 2, 2, 1, 1, 2, 2, 1, 1, 1, 1, 1, 1]","['h1', 'h3', 'h2', 'h2', 'h2', 'h2', 'h3', 'h2', 'h2', 'h3', 'h2', 'h2', 'h2', 'h2', 'h2', 'h2', 'h1', 'h2', 'h2', 'h2', 'h1', 'h2', 'h1', 'h2', 'h2', 'h2', 'h2', 'h2', 'h2', 'h2', 'h2', 'h1', 'h2', 'h2', 'h2', 'h2', 'h2', 'h2', 'h3', 'h2', 'h2', 'h3', 'h2', 'h2', 'h3', 'h2', 'h2', 'h2', 'h2', 'h2', 'h2', 'h2', 'h2', 'h2', 'h2', 'h2', 'h1', 'h1', 'h1']"
opendns.com,"[1, 5, 3, 14, 1, 1, 1, 4, 6, 1, 1, 1, 1, 1, 1, 2, 1, 2, 5, 1, 2, 1, 2, 1, 1, 5, 1, 4, 2, 1, 1, 2, 5, 2, 2, 2, 2, 1, 1, 3, 2, 1, 2, 2, 1, 2, 2]","['h1', 'h1', 'h2', 'h2', 'h3', 'h2', 'h1', 'h2', 'h2', 'h2', 'h1', 'h1', 'h1', 'h1', 'h1', 'h2', 'h3', 'h2', 'h2', 'h2', 'h1', 'h1', 'h2', 'h2', 'h2', 'h2', 'h2', 'h2', 'h2', 'h2', 'h3', 'h2', 'h2', 'h2', 'h2', 'h3', 'h2', 'h3', 'h2', 'h2', 'h1', 'h3', 'h3', 'h2', 'h2', 'h1', 'h1']"
nature.com,"[1, 4, 13, 3, 19, 2, 3, 1, 1, 1, 9, 1, 4, 1, 2, 2, 1]","['h2', 'h2', 'h3', 'h2', 'h3', 'h2', 'h2', 'h2', 'h2', 'h2', 'h3', 'h2', 'h3', 'h2', 'h2', 'h2', 'h3']"
outbrain.com,"[1, 1, 1, 9, 7, 7, 4, 9, 5, 4, 1, 2, 1, 3, 1, 1, 2, 1, 1, 3, 4, 1, 1, 7, 4, 4, 1, 1, 3, 1, 10, 1, 4, 1, 1, 2, 2, 2, 1, 4, 9, 1, 1, 1, 1, 1, 1, 1, 1, 2, 2]","['h1', 'h1', 'h1', 'h1', 'h1', 'h1', 'h1', 'h1', 'h1', 'h2', 'h2', 'h2', 'h2', 'h2', 'h2', 'h2', 'h2', 'h1', 'h1', 'h2', 'h2', 'h2', 'h2', 'h2', 'h2', 'h2', 'h3', 'h2', 'h2', 'h1', 'h2', 'h1', 'h2', 'h2', 'h3', 'h2', 'h2', 'h2', 'h3', 'h1', 'h2', 'h2', 'h2', 'h2', 'h1', 'h1', 'h1', 'h1', 'h2', 'h1', 'h2']"
bloomberg.com,"[1, 47, 25, 9, 72, 5, 3, 1, 3, 1, 90, 2, 5, 2, 2, 1, 5, 1, 1, 3, 1, 1, 3, 1, 1, 2, 2, 5, 1, 1, 3, 1, 2, 1, 1, 2, 5, 1, 1, 4, 1, 1, 1, 1, 4, 1, 2, 2, 2, 1, 1, 2, 3, 1, 1, 2, 4, 1, 1, 1, 5, 2, 3, 1, 5, 1, 1, 1, 2, 1, 2, 2, 2, 1, 1, 1, 1, 2, 3, 1, 1, 5, 1, 2, 1, 1, 2, 1, 2, 1, 2]","['h2', 'h2', 'h2', 'h2', 'h2', 'h3', 'h2', 'h2', 'h2', 'h2', 'h2', 'h2', 'h3', 'h1', 'h1', 'h2', 'h3', 'h2', 'h2', 'h2', 'h3', 'h2', 'h2', 'h1', 'h2', 'h2', 'h2', 'h2', 'h2', 'h2', 'h2', 'h2', 'h2', 'h3', 'h2', 'h2', 'h3', 'h2', 'h2', 'h2', 'h2', 'h2', 'h2', 'h2', 'h2', 'h2', 'h1', 'h2', 'h2', 'h3', 'h3', 'h2', 'h2', 'h1', 'h3', 'h2', 'h2', 'h2', 'h3', 'h1', 'h1', 'h2', 'h2', 'h2', 'h2', 'h2', 'h2', 'h2', 'h3', 'h1', 'h2', 'h2', 'h2', 'h1', 'h2', 'h2', 'h2', 'h2', 'h2', 'h2', 'h1', 'h1', 'h2', 'h2', 'h3', 'h1', 'h3', 'h1', 'h2', 'h1', 'h3']"
media.net,"[2, 3, 21, 3, 2, 4, 1, 1, 4, 3, 1, 4, 2, 1, 2, 3, 4, 1, 1, 4, 1, 1]","['h2', 'h2', 'h2', 'h2', 'h2', 'h2', 'h2', 'h2', 'h2', 'h2', 'h3', 'h2', 'h2', 'h2', 'h3', 'h2', 'h3', 'h2', 'h2', 'h3', 'h3', 'h1']"
drom.ru,"[1, 3, 2, 3, 1, 36, 1, 3, 12, 2, 1, 2, 1, 1, 1, 3, 1]","['h1', 'h1', 'h2', 'h2', 'h2', 'h2', 'h2', 'h2', 'h2', 'h2', 'h2', 'h1', 'h1', 'h2', 'h1', 'h2', 'h2']"
dailymotion.com,"[1, 1, 2, 5, 2, 3, 18, 7, 4, 6, 4, 14, 2, 18, 1, 3, 2, 1, 1, 1, 2, 1, 1, 4, 4, 4, 1, 2, 4, 1, 3, 2, 2, 1, 2, 16, 1, 8, 1, 14]","['h1', 'h1', 'h1', 'h1', 'h2', 'h1', 'h2', 'h2', 'h1', 'h2', 'h1', 'h1', 'h1', 'h1', 'h2', 'h2', 'h3', 'h3', 'h2', 'h2', 'h2', 'h2', 'h2', 'h1', 'h2', 'h1', 'h1', 'h2', 'h2', 'h2', 'h1', 'h2', 'h2', 'h2', 'h2', 'h2', 'h1', 'h3', 'h3', 'h2']"
arubanetworks.com,"[1, 1, 28, 1, 2, 1, 1, 2, 1, 2, 2, 1, 2, 1, 1, 6, 28, 2, 1, 1, 2, 1, 1, 4, 4, 11, 1, 1, 1, 2, 1, 2, 1, 2, 1, 3, 1, 3, 1, 1]","['h1', 'h1', 'h2', 'h2', 'h2', 'h2', 'h2', 'h2', 'h2', 'h1', 'h2', 'h2', 'h2', 'h1', 'h3', 'h2', 'h2', 'h2', 'h2', 'h2', 'h2', 'h2', 'h1', 'h2', 'h2', 'h2', 'h3', 'h2', 'h3', 'h2', 'h3', 'h3', 'h3', 'h2', 'h2', 'h1', 'h3', 'h1', 'h2', 'h2']"
adsrvr.org,"[7, 2]","['h2', 'h2']"
steampowered.com,"[1, 3, 13, 8, 6, 6, 6, 9, 4, 42, 2, 1, 2, 2, 1, 1]","['h1', 'h1', 'h1', 'h1', 'h1', 'h1', 'h1', 'h1', 'h1', 'h2', 'h1', 'h1', 'h1', 'h1', 'h1', 'h1']"
businessinsider.com,"[1, 25, 1, 1, 2, 1, 2, 2, 3, 2, 1, 3, 1, 2, 1, 1, 2, 2, 1, 2, 2, 1, 1, 4, 9, 1, 2, 2, 1, 1, 1, 2, 2, 1, 1, 1, 1, 2, 1, 1, 1, 1, 1, 1, 2, 1, 3, 1, 8, 2, 2, 3, 4, 2, 2, 1, 7, 2, 1, 2, 1, 1, 2, 1, 1, 3, 2, 1, 4, 1, 2, 2, 2, 1, 1, 1, 2, 1, 1, 1, 2, 1, 3, 2, 7, 1, 2, 1, 1, 1, 1, 1, 9, 3, 3, 3, 3, 1, 1, 1, 1, 1, 1, 1, 1, 1, 1, 2, 1]","['h2', 'h2', 'h2', 'h2', 'h3', 'h3', 'h2', 'h2', 'h3', 'h3', 'h3', 'h3', 'h2', 'h2', 'h2', 'h2', 'h2', 'h1', 'h2', 'h2', 'h2', 'h2', 'h2', 'h2', 'h2', 'h2', 'h2', 'h2', 'h3', 'h2', 'h2', 'h1', 'h3', 'h2', 'h2', 'h2', 'h2', 'h2', 'h2', 'h1', 'h3', 'h2', 'h2', 'h2', 'h2', 'h1', 'h2', 'h2', 'h2', 'h2', 'h2', 'h2', 'h2', 'h1', 'h2', 'h2', 'h3', 'h2', 'h2', 'h2', 'h2', 'h2', 'h1', 'h1', 'h2', 'h2', 'h2', 'h2', 'h2', 'h3', 'h2', 'h2', 'h2', 'h3', 'h2', 'h1', 'h2', 'h2', 'h3', 'h1', 'h1', 'h2', 'h2', 'h1', 'h2', 'h2', 'h2', 'h2', 'h2', 'h1', 'h2', 'h3', 'h2', 'h3', 'h2', 'h2', 'h2', 'h2', 'h1', 'h1', 'h1', 'h2', 'h2', 'h2', 'h2', 'h2', 'h2', 'h2', 'h2']"
un.org,"[1, 12, 1, 1, 1, 2, 2, 2, 5]","['h1', 'h2', 'h3', 'h2', 'h2', 'h2', 'h2', 'h2', 'h3']"
pubmatic.com,"[37, 3, 1, 1, 2, 1, 1, 1, 7, 1, 15, 1, 1, 1, 1, 1, 1, 1, 4, 3, 1, 2, 1]","['h2', 'h2', 'h3', 'h2', 'h2', 'h2', 'h2', 'h1', 'h2', 'h2', 'h3', 'h3', 'h2', 'h2', 'h2', 'h3', 'h2', 'h2', 'h2', 'h2', 'h3', 'h1', 'h1']"
mts.ru,"[1, 3, 1, 5, 5, 3, 3, 4, 1, 2, 2, 2, 14, 14, 15, 13, 13, 1, 1, 9, 1, 10, 4, 1, 3, 2, 27, 1, 1, 1, 1, 2, 1, 1, 5, 1, 2, 1, 1, 5, 1, 1, 1, 3, 2]","['h1', 'h1', 'h1', 'h1', 'h1', 'h1', 'h1', 'h1', 'h1', 'h1', 'h1', 'h1', 'h1', 'h1', 'h1', 'h1', 'h1', 'h2', 'h1', 'h1', 'h2', 'h2', 'h2', 'h2', 'h2', 'h2', 'h2', 'h2', 'h2', 'h2', 'h1', 'h2', 'h2', 'h2', 'h2', 'h2', 'h1', 'h2', 'h1', 'h1', 'h1', 'h2', 'h2', 'h2', 'h2']"
branch.io,"[2, 7, 1, 1, 1, 40, 1, 1, 3, 4, 1, 6, 1, 1]","['h1', 'h2', 'h2', 'h2', 'h2', 'h3', 'h2', 'h2', 'h2', 'h2', 'h1', 'h2', 'h2', 'h2']"
weather.com,"[111, 31, 1, 4, 2, 1, 2, 16, 1, 3, 1, 1, 6, 1, 4, 6, 1, 1, 1, 2, 1, 1, 1, 1, 1, 1, 2, 2, 2, 3, 2, 1, 7, 1, 3, 8, 2, 2, 1, 1, 2, 4, 4, 1, 13, 4, 4, 1, 3, 4, 1, 1, 14, 3, 2, 3, 3, 2, 2, 15, 41, 2, 16, 8, 3, 2, 3, 3, 3, 1, 7, 2, 8, 1, 3, 1, 1, 1, 3, 16, 1, 4, 4, 2, 2, 2, 2, 1, 2, 1, 10, 5, 1, 2, 1, 9, 1, 9, 2, 1, 25, 3, 3, 2, 7, 1, 12, 1, 7, 20, 1, 12, 5, 1, 12, 6, 13, 14, 3, 1, 2, 3, 2, 2, 2, 1, 2, 2, 8, 1, 1, 5, 1, 5, 1, 1, 4, 4, 2, 1, 1, 2, 1, 2, 1, 1, 2, 2, 2, 1, 5, 1, 1, 1, 1]","['h2', 'h3', 'h3', 'h2', 'h2', 'h2', 'h3', 'h2', 'h2', 'h3', 'h2', 'h2', 'h2', 'h1', 'h2', 'h3', 'h2', 'h2', 'h2', 'h2', 'h2', 'h2', 'h2', 'h2', 'h2', 'h2', 'h2', 'h2', 'h2', 'h2', 'h2', 'h3', 'h2', 'h2', 'h2', 'h2', 'h1', 'h2', 'h2', 'h2', 'h2', 'h2', 'h2', 'h2', 'h2', 'h2', 'h2', 'h2', 'h2', 'h2', 'h2', 'h2', 'h2', 'h3', 'h2', 'h2', 'h1', 'h2', 'h2', 'h2', 'h3', 'h2', 'h3', 'h3', 'h2', 'h2', 'h1', 'h2', 'h3', 'h3', 'h2', 'h2', 'h3', 'h2', 'h2', 'h3', 'h2', 'h2', 'h2', 'h2', 'h1', 'h3', 'h2', 'h2', 'h2', 'h1', 'h2', 'h2', 'h2', 'h1', 'h2', 'h1', 'h2', 'h3', 'h1', 'h2', 'h3', 'h1', 'h2', 'h1', 'h2', 'h2', 'h2', 'h2', 'h2', 'h1', 'h1', 'h1', 'h1', 'h1', 'h1', 'h1', 'h2', 'h2', 'h2', 'h2', 'h1', 'h1', 'h2', 'h2', 'h1', 'h2', 'h1', 'h2', 'h1', 'h2', 'h3', 'h1', 'h2', 'h1', 'h1', 'h1', 'h2', 'h1', 'h1', 'h2', 'h2', 'h2', 'h2', 'h1', 'h2', 'h1', 'h1', 'h1', 'h2', 'h2', 'h2', 'h2', 'h2', 'h1', 'h2', 'h1', 'h2', 'h1', 'h3']"
lijit.com,[11],['h2']
mcafee.com,"[1, 13, 34, 1, 3, 3, 7, 1, 1, 2, 2, 1, 2, 11, 1, 1, 16, 1, 1, 3, 1, 1, 3, 1, 1, 1, 3, 1, 2, 1, 3, 1, 2, 2, 6, 4, 1, 2, 1, 1, 1, 3, 1, 4, 1, 1, 3, 1, 1, 1, 3, 1, 1, 1, 2, 1, 1, 1, 1, 2, 4, 1, 2, 1, 1]","['h2', 'h2', 'h2', 'h2', 'h2', 'h2', 'h2', 'h1', 'h2', 'h2', 'h2', 'h2', 'h2', 'h2', 'h1', 'h1', 'h2', 'h1', 'h1', 'h3', 'h2', 'h2', 'h2', 'h2', 'h1', 'h2', 'h1', 'h2', 'h1', 'h2', 'h2', 'h2', 'h2', 'h2', 'h2', 'h2', 'h2', 'h1', 'h2', 'h1', 'h2', 'h3', 'h3', 'h2', 'h3', 'h2', 'h2', 'h2', 'h2', 'h2', 'h2', 'h2', 'h2', 'h2', 'h2', 'h2', 'h2', 'h3', 'h3', 'h2', 'h2', 'h2', 'h2', 'h3', 'h2']"
doi.org,"[1, 15, 2, 2, 1, 1, 1, 1, 2, 2, 1]","['h3', 'h2', 'h2', 'h2', 'h2', 'h3', 'h2', 'h2', 'h2', 'h3', 'h2']"
grammarly.com,"[2, 3, 38, 3, 4, 1, 2, 3, 2, 8, 2, 1, 1, 1, 1, 3, 4, 1, 2, 5, 2, 1, 2, 1, 2, 1, 1, 1, 3, 1, 1, 1, 2, 2, 2, 2, 1, 1, 4, 1, 1, 1, 2, 3, 1, 1, 1, 1, 1, 5, 4, 3, 1, 1, 3, 1, 1, 2, 2]","['h2', 'h2', 'h2', 'h2', 'h2', 'h2', 'h2', 'h2', 'h2', 'h2', 'h2', 'h3', 'h3', 'h2', 'h2', 'h3', 'h2', 'h2', 'h2', 'h2', 'h1', 'h2', 'h1', 'h1', 'h2', 'h2', 'h2', 'h1', 'h2', 'h1', 'h2', 'h2', 'h1', 'h2', 'h2', 'h2', 'h2', 'h2', 'h2', 'h2', 'h2', 'h2', 'h2', 'h2', 'h2', 'h2', 'h2', 'h3', 'h2', 'h3', 'h2', 'h3', 'h2', 'h3', 'h2', 'h1', 'h2', 'h2', 'h1']"
g.page,"[1, 1, 4, 6, 2, 10, 11, 2, 1, 1, 1, 1, 1]","['h2', 'h2', 'h3', 'h2', 'h2', 'h2', 'h3', 'h2', 'h3', 'h3', 'h2', 'h2', 'h2']"
verisign.com,"[1, 4, 6, 2, 3, 2, 7, 2, 1]","['h1', 'h1', 'h1', 'h1', 'h1', 'h1', 'h1', 'h2', 'h2']"
att.net,"[1, 1, 1, 11, 4, 10, 49, 2, 16, 1, 23, 3, 1, 2, 1, 1, 3, 10, 3, 1, 11, 2, 3, 1, 1, 2, 2, 2, 4, 4, 2, 2, 2, 7, 3, 2, 1, 7, 2, 1, 2, 2, 2, 1, 15, 2, 5, 1, 1, 2, 3, 1, 1, 6, 8, 1, 4, 2, 3, 2, 2, 2, 1, 2, 3, 4, 5, 5, 5, 1, 1, 1, 1, 2, 4, 1, 1, 2, 4, 1, 2, 1, 2, 3, 1, 3, 4, 2, 3, 4, 1, 4, 1, 1, 1, 1, 1, 6, 2, 2, 3, 2, 1, 1, 1, 2, 4, 2, 1, 2, 2, 10, 1, 2, 1, 1, 1, 1, 2, 2, 1, 1, 1, 3, 2, 2, 2, 1, 1, 3, 2, 1]","['h1', 'h1', 'h1', 'h2', 'h2', 'h2', 'h2', 'h2', 'h2', 'h2', 'h2', 'h2', 'h2', 'h2', 'h2', 'h1', 'h3', 'h2', 'h2', 'h2', 'h2', 'h2', 'h2', 'h2', 'h2', 'h2', 'h2', 'h2', 'h2', 'h2', 'h2', 'h2', 'h2', 'h2', 'h3', 'h2', 'h2', 'h2', 'h1', 'h2', 'h2', 'h2', 'h2', 'h2', 'h3', 'h2', 'h2', 'h2', 'h2', 'h2', 'h2', 'h2', 'h2', 'h2', 'h2', 'h2', 'h2', 'h3', 'h1', 'h1', 'h1', 'h2', 'h2', 'h2', 'h2', 'h2', 'h2', 'h2', 'h3', 'h1', 'h2', 'h1', 'h3', 'h2', 'h3', 'h2', 'h2', 'h1', 'h2', 'h2', 'h2', 'h2', 'h2', 'h2', 'h2', 'h2', 'h2', 'h1', 'h2', 'h2', 'h2', 'h2', 'h2', 'h2', 'h2', 'h2', 'h1', 'h2', 'h2', 'h2', 'h2', 'h1', 'h1', 'h1', 'h1', 'h2', 'h1', 'h2', 'h2', 'h2', 'h2', 'h1', 'h2', 'h2', 'h1', 'h2', 'h1', 'h2', 'h1', 'h2', 'h1', 'h2', 'h2', 'h1', 'h2', 'h1', 'h1', 'h3', 'h1', 'h2', 'h2', 'h3']"
yahoo.co.jp,"[1, 5, 1, 31, 1, 1, 1, 12, 11, 4, 3, 2, 3, 1, 4, 1, 3, 2, 2, 1, 2]","['h2', 'h2', 'h2', 'h2', 'h2', 'h2', 'h2', 'h2', 'h2', 'h2', 'h2', 'h2', 'h3', 'h3', 'h2', 'h2', 'h3', 'h2', 'h2', 'h3', 'h3']"
inmobi.com,"[17, 30, 1, 1, 1, 1, 2, 3, 2, 1, 2, 2, 1, 1, 2, 1, 3, 1, 2, 1, 1, 1, 1, 2, 2, 6, 1, 1, 2, 2, 1, 2, 13, 3, 2, 1, 2, 1, 3, 1, 1, 1, 4, 1]","['h2', 'h2', 'h1', 'h1', 'h1', 'h1', 'h2', 'h2', 'h2', 'h3', 'h3', 'h2', 'h2', 'h2', 'h1', 'h2', 'h3', 'h2', 'h2', 'h2', 'h2', 'h2', 'h2', 'h2', 'h3', 'h2', 'h2', 'h2', 'h2', 'h2', 'h2', 'h2', 'h2', 'h2', 'h1', 'h1', 'h2', 'h2', 'h3', 'h3', 'h2', 'h2', 'h2', 'h2']"
stackoverflow.com,"[1, 1, 1, 26, 2, 1, 1, 4, 1, 1, 1, 1]","['h2', 'h2', 'h2', 'h2', 'h2', 'h2', 'h2', 'h2', 'h2', 'h2', 'h2', 'h2']"
sapo.pt,"[1, 9, 10, 5, 8, 6, 18, 1, 2, 4, 3, 2, 1, 3, 3, 3, 1, 1, 5, 3, 2, 1, 1, 1, 2, 2, 1, 1, 1, 2, 1, 1, 1, 2, 1, 1, 1, 7, 1, 2, 1, 1, 1, 1, 2, 2, 2, 1, 1, 1, 3, 2, 5, 2, 2, 4, 2, 2, 2, 1, 2, 2, 1, 1, 5, 3, 1, 1, 1, 2, 1, 3, 1, 2, 5, 7, 1, 4, 1, 1, 4, 4, 1, 2, 1, 6, 2, 4, 1, 4, 2, 2, 2, 2, 1, 12, 3, 4, 2, 1, 3, 11, 1, 3, 5, 1, 4, 2, 2, 1, 2, 1, 5, 1, 1, 1, 3, 4, 1, 2, 5, 1, 1, 15, 2, 1, 1, 1, 2, 2, 1, 5, 2, 2, 1, 2, 1, 1, 1, 1, 1, 1, 4, 2, 1, 2, 7, 1, 1, 1, 1, 1, 1]","['h1', 'h1', 'h1', 'h1', 'h1', 'h1', 'h2', 'h2', 'h2', 'h1', 'h1', 'h2', 'h2', 'h2', 'h2', 'h2', 'h1', 'h1', 'h3', 'h2', 'h2', 'h1', 'h1', 'h1', 'h2', 'h2', 'h1', 'h3', 'h2', 'h1', 'h1', 'h2', 'h2', 'h2', 'h2', 'h2', 'h2', 'h3', 'h3', 'h2', 'h2', 'h2', 'h2', 'h2', 'h2', 'h2', 'h2', 'h1', 'h1', 'h1', 'h2', 'h2', 'h2', 'h2', 'h2', 'h2', 'h2', 'h2', 'h3', 'h2', 'h2', 'h2', 'h3', 'h2', 'h2', 'h3', 'h2', 'h2', 'h2', 'h2', 'h3', 'h2', 'h2', 'h3', 'h2', 'h2', 'h1', 'h2', 'h2', 'h3', 'h1', 'h2', 'h1', 'h1', 'h2', 'h2', 'h1', 'h2', 'h1', 'h1', 'h2', 'h2', 'h2', 'h1', 'h2', 'h2', 'h2', 'h1', 'h2', 'h1', 'h2', 'h2', 'h2', 'h2', 'h2', 'h1', 'h1', 'h1', 'h1', 'h1', 'h1', 'h1', 'h3', 'h3', 'h1', 'h2', 'h2', 'h2', 'h2', 'h3', 'h2', 'h2', 'h1', 'h2', 'h2', 'h1', 'h2', 'h2', 'h2', 'h2', 'h2', 'h2', 'h2', 'h2', 'h1', 'h2', 'h2', 'h2', 'h2', 'h2', 'h2', 'h1', 'h2', 'h2', 'h2', 'h2', 'h2', 'h1', 'h1', 'h1', 'h2', 'h1', 'h1']"
unsplash.com,"[22, 1, 5, 6, 11, 1, 1, 1, 3, 1, 1, 1, 1, 1, 1, 1, 1, 1, 1, 1, 1, 2, 1, 6]","['h2', 'h2', 'h2', 'h2', 'h2', 'h1', 'h1', 'h1', 'h2', 'h2', 'h2', 'h2', 'h2', 'h2', 'h2', 'h1', 'h1', 'h1', 'h1', 'h1', 'h2', 'h3', 'h2', 'h2']"
stanford.edu,"[1, 32, 4, 1, 5, 1, 1, 2, 2, 1, 4, 1, 1, 2, 2, 1, 1, 2, 2, 1, 1, 1, 1, 1, 1, 2]","['h1', 'h2', 'h2', 'h3', 'h2', 'h2', 'h3', 'h2', 'h2', 'h1', 'h2', 'h1', 'h3', 'h2', 'h2', 'h2', 'h2', 'h2', 'h3', 'h2', 'h2', 'h2', 'h2', 'h2', 'h2', 'h1']"
surveymonkey.com,"[1, 3, 54, 3, 2, 3, 2, 2, 6, 4, 1, 7, 3, 2, 3, 2, 2, 2, 1, 1, 1, 1, 2]","['h1', 'h1', 'h2', 'h2', 'h2', 'h1', 'h1', 'h1', 'h2', 'h2', 'h1', 'h2', 'h2', 'h2', 'h3', 'h3', 'h2', 'h2', 'h3', 'h3', 'h2', 'h2', 'h2']"
autodesk.com,"[1, 10, 18, 3, 17, 10, 3, 1, 14, 4, 1, 1, 2, 1, 4, 1, 1, 1, 6, 1, 2, 7, 2, 2, 1, 1, 1, 1, 2, 4, 2, 2, 6, 2, 7, 1, 2, 1, 1, 1, 2, 1, 2, 4, 1, 1, 3, 1, 1, 2, 3, 2, 3, 4, 3, 2, 2, 4, 2, 2, 1, 1, 1, 1, 2, 1, 3, 2, 2, 1, 2, 2]","['h2', 'h2', 'h3', 'h2', 'h2', 'h2', 'h2', 'h2', 'h3', 'h2', 'h2', 'h2', 'h2', 'h2', 'h2', 'h1', 'h2', 'h2', 'h2', 'h1', 'h2', 'h2', 'h2', 'h2', 'h2', 'h2', 'h2', 'h2', 'h2', 'h2', 'h2', 'h1', 'h2', 'h2', 'h2', 'h2', 'h2', 'h1', 'h2', 'h1', 'h2', 'h2', 'h2', 'h2', 'h2', 'h3', 'h2', 'h2', 'h2', 'h2', 'h3', 'h2', 'h3', 'h3', 'h3', 'h2', 'h2', 'h3', 'h3', 'h2', 'h2', 'h2', 'h2', 'h1', 'h2', 'h1', 'h2', 'h2', 'h1', 'h2', 'h2', 'h2']"
addtoany.com,"[7, 1, 6, 1]","['h3', 'h2', 'h3', 'h2']"
npr.org,"[1, 10, 7, 1, 4, 10, 10, 1, 6, 3, 3, 1, 2, 1, 17, 2, 2, 2, 2, 4, 1, 6, 2, 4, 2, 1, 2, 1, 2, 1, 2, 4, 3, 1, 2, 1, 1, 2, 1, 1, 2, 1, 1, 1, 1, 1, 1, 1, 1, 3, 1, 1, 1, 1, 11, 1, 1, 1, 1, 1, 1, 2, 1, 3, 4, 2, 2, 2, 3, 2, 1, 1, 1, 7, 3, 2, 1, 2, 4, 2, 1, 1, 8, 2, 2, 1, 1, 2, 1, 1, 1, 1, 2, 2, 2, 1, 2, 1, 6, 5, 2, 2, 1, 2, 1, 3, 2, 2, 2, 1, 2, 1, 1, 1, 1, 2, 1, 2, 2]","['h2', 'h2', 'h2', 'h2', 'h2', 'h2', 'h2', 'h2', 'h2', 'h3', 'h2', 'h2', 'h2', 'h2', 'h2', 'h2', 'h2', 'h2', 'h2', 'h2', 'h1', 'h3', 'h2', 'h2', 'h2', 'h2', 'h2', 'h2', 'h1', 'h3', 'h2', 'h2', 'h2', 'h2', 'h2', 'h2', 'h3', 'h2', 'h3', 'h3', 'h3', 'h2', 'h2', 'h2', 'h2', 'h2', 'h2', 'h2', 'h3', 'h2', 'h2', 'h2', 'h2', 'h2', 'h3', 'h1', 'h2', 'h2', 'h2', 'h3', 'h2', 'h1', 'h3', 'h2', 'h2', 'h2', 'h3', 'h2', 'h2', 'h2', 'h2', 'h1', 'h2', 'h2', 'h2', 'h2', 'h2', 'h2', 'h2', 'h1', 'h2', 'h1', 'h3', 'h3', 'h2', 'h1', 'h2', 'h2', 'h3', 'h1', 'h2', 'h2', 'h2', 'h2', 'h2', 'h1', 'h2', 'h1', 'h2', 'h3', 'h3', 'h3', 'h3', 'h3', 'h2', 'h2', 'h2', 'h2', 'h2', 'h2', 'h2', 'h2', 'h2', 'h2', 'h2', 'h2', 'h2', 'h2', 'h2']"
forter.com,"[1, 6, 15, 1, 7, 5, 3, 3, 6, 3, 1, 5, 11, 6, 2, 2, 3, 2, 1, 2, 2, 1, 3, 1, 4, 1, 1, 6, 1, 1, 1, 1, 2, 1, 2, 1, 2, 1]","['h2', 'h2', 'h3', 'h3', 'h2', 'h2', 'h2', 'h2', 'h2', 'h3', 'h2', 'h2', 'h2', 'h2', 'h2', 'h2', 'h2', 'h2', 'h2', 'h2', 'h2', 'h2', 'h1', 'h2', 'h2', 'h3', 'h2', 'h2', 'h2', 'h2', 'h2', 'h3', 'h2', 'h3', 'h2', 'h2', 'h1', 'h2']"
walmart.com,"[1, 13, 3, 75, 6, 3, 5, 1, 8, 2, 4, 1, 1, 1, 2, 2, 1, 1, 2, 1, 1, 1, 1, 1, 1, 1, 1, 1, 1, 1, 1, 1, 1]","['h1', 'h2', 'h2', 'h2', 'h1', 'h2', 'h2', 'h2', 'h3', 'h2', 'h1', 'h1', 'h1', 'h1', 'h2', 'h3', 'h3', 'h2', 'h2', 'h2', 'h2', 'h2', 'h2', 'h2', 'h2', 'h2', 'h3', 'h3', 'h3', 'h2', 'h2', 'h2', 'h2']"
tp-link.com,"[3, 8, 54, 4, 2]","['h2', 'h2', 'h3', 'h3', 'h2']"
espn.com,"[1, 8, 2, 14, 1, 7, 7, 36, 1, 2, 2, 6, 6, 2, 1, 4, 1, 1, 1, 27, 1, 2, 2, 6, 2, 7, 1, 1, 2, 2, 1, 4, 11, 1, 2, 2, 1, 2, 2, 1, 1, 2, 2, 1, 1, 3, 3, 3, 5, 1, 1, 4, 1, 5, 2, 1, 2, 1, 1, 1, 7, 1, 1, 4, 2, 1, 1, 3, 2, 1, 2, 3, 5, 5, 2, 2, 1, 1, 2, 1, 2, 3, 1, 2, 2, 2, 2, 1, 4, 1, 1, 2, 2, 3, 1, 1, 2, 1, 1, 2, 2, 1, 1]","['h2', 'h2', 'h2', 'h2', 'h1', 'h2', 'h2', 'h2', 'h1', 'h1', 'h2', 'h2', 'h2', 'h2', 'h1', 'h2', 'h2', 'h2', 'h2', 'h2', 'h2', 'h2', 'h2', 'h2', 'h2', 'h3', 'h2', 'h2', 'h2', 'h2', 'h1', 'h3', 'h2', 'h2', 'h2', 'h2', 'h2', 'h3', 'h2', 'h2', 'h2', 'h2', 'h1', 'h2', 'h3', 'h2', 'h2', 'h1', 'h1', 'h2', 'h2', 'h2', 'h2', 'h3', 'h2', 'h2', 'h2', 'h3', 'h3', 'h3', 'h3', 'h2', 'h3', 'h3', 'h2', 'h2', 'h2', 'h1', 'h2', 'h2', 'h2', 'h2', 'h2', 'h2', 'h3', 'h1', 'h1', 'h2', 'h2', 'h1', 'h2', 'h2', 'h1', 'h2', 'h2', 'h2', 'h2', 'h2', 'h2', 'h2', 'h2', 'h2', 'h2', 'h2', 'h2', 'h2', 'h2', 'h2', 'h2', 'h2', 'h1', 'h2', 'h2']"
eventbrite.com,"[24, 29, 4, 1, 2, 3, 1, 2, 1, 1, 2, 2, 1, 1, 1, 1, 4, 2, 8, 6, 1, 2, 1, 6, 1, 1, 5, 1, 1, 1, 1, 4, 3, 1, 1, 3, 4, 1, 1, 1, 3, 1, 3, 2, 2, 1, 3, 2, 1, 2, 1, 1, 4, 6, 8, 2, 1, 1, 3]","['h2', 'h2', 'h3', 'h2', 'h2', 'h2', 'h2', 'h3', 'h2', 'h2', 'h2', 'h2', 'h2', 'h3', 'h2', 'h2', 'h2', 'h2', 'h2', 'h3', 'h2', 'h2', 'h2', 'h3', 'h2', 'h2', 'h2', 'h2', 'h2', 'h2', 'h3', 'h2', 'h2', 'h2', 'h2', 'h2', 'h2', 'h2', 'h2', 'h2', 'h3', 'h2', 'h2', 'h3', 'h3', 'h3', 'h2', 'h2', 'h2', 'h3', 'h2', 'h3', 'h2', 'h2', 'h2', 'h2', 'h2', 'h2', 'h2']"
checkpoint.com,"[64, 1, 2, 1, 3, 1, 1, 1, 1, 6, 5, 1, 2, 6, 2, 2, 4, 1, 2, 3, 1, 1, 4, 1, 1, 2, 2, 2, 1, 1, 1, 1, 1, 1, 2, 1, 1, 1, 1, 1, 7, 1, 1, 1, 1]","['h2', 'h3', 'h3', 'h2', 'h2', 'h2', 'h3', 'h3', 'h2', 'h2', 'h2', 'h2', 'h3', 'h2', 'h1', 'h3', 'h3', 'h2', 'h2', 'h2', 'h2', 'h1', 'h2', 'h2', 'h3', 'h2', 'h2', 'h1', 'h1', 'h1', 'h1', 'h2', 'h2', 'h1', 'h2', 'h2', 'h1', 'h2', 'h1', 'h1', 'h2', 'h2', 'h1', 'h1', 'h2']"
consultant.ru,"[1, 6, 4, 4, 1, 1, 1, 1, 1, 3, 2, 2, 12, 2, 1, 5, 7, 5, 1, 1, 1, 1, 1, 1, 1, 1, 1]","['h1', 'h1', 'h1', 'h1', 'h1', 'h1', 'h1', 'h1', 'h2', 'h1', 'h1', 'h1', 'h2', 'h1', 'h2', 'h2', 'h1', 'h1', 'h2', 'h1', 'h1', 'h1', 'h1', 'h1', 'h1', 'h1', 'h2']"
ok.ru,"[86, 2, 2, 12, 1, 2, 1, 2, 1, 1, 1, 1, 1, 3, 1, 2, 6, 3, 4, 1, 1, 2, 2, 2]","['h2', 'h2', 'h2', 'h2', 'h2', 'h2', 'h2', 'h2', 'h1', 'h3', 'h2', 'h2', 'h1', 'h1', 'h2', 'h2', 'h1', 'h2', 'h2', 'h1', 'h1', 'h2', 'h1', 'h2']"
time.com,"[12, 7, 2, 3, 1, 4, 6, 1, 2, 2, 1, 1, 1, 1, 18, 1, 7, 7, 2, 2, 3, 5, 4, 1, 2, 1, 1, 3, 1, 2, 1, 1, 2, 2, 1, 1, 4, 1, 1, 1, 2, 2, 2, 2, 1, 1, 7, 1, 1, 1, 1, 2, 2, 13, 1, 2, 2, 4, 4, 2, 2, 1, 2, 2, 2, 2, 3, 2, 3, 2, 3, 6, 2, 3, 1, 2, 2, 2, 2, 2, 1, 2, 3, 2, 2, 3, 2, 2, 1, 1, 1, 1, 1, 1, 1, 1, 1, 2, 1, 1, 2, 2, 1, 1, 1, 2, 2, 1, 3, 1, 1, 1, 1, 1, 1, 1, 2, 1, 1, 9, 3, 4, 2, 3, 2, 4, 1, 3, 1, 7, 1, 1, 2]","['h2', 'h3', 'h2', 'h2', 'h2', 'h2', 'h2', 'h2', 'h2', 'h2', 'h3', 'h3', 'h2', 'h2', 'h3', 'h1', 'h3', 'h2', 'h2', 'h2', 'h3', 'h2', 'h2', 'h3', 'h2', 'h2', 'h2', 'h2', 'h2', 'h2', 'h2', 'h2', 'h2', 'h2', 'h2', 'h2', 'h2', 'h2', 'h2', 'h2', 'h2', 'h2', 'h2', 'h2', 'h2', 'h2', 'h2', 'h2', 'h2', 'h2', 'h2', 'h2', 'h1', 'h1', 'h1', 'h2', 'h3', 'h2', 'h2', 'h2', 'h2', 'h2', 'h2', 'h1', 'h2', 'h2', 'h2', 'h1', 'h3', 'h2', 'h2', 'h3', 'h2', 'h2', 'h1', 'h2', 'h2', 'h2', 'h2', 'h2', 'h2', 'h2', 'h2', 'h2', 'h2', 'h2', 'h2', 'h2', 'h2', 'h3', 'h2', 'h1', 'h2', 'h2', 'h2', 'h2', 'h3', 'h2', 'h3', 'h1', 'h2', 'h2', 'h2', 'h2', 'h2', 'h2', 'h2', 'h2', 'h2', 'h2', 'h2', 'h2', 'h2', 'h2', 'h2', 'h2', 'h2', 'h2', 'h1', 'h3', 'h2', 'h3', 'h1', 'h3', 'h2', 'h3', 'h2', 'h2', 'h1', 'h2', 'h2', 'h1', 'h2']"
teamviewer.com,"[1, 2, 12, 4, 1, 4, 13, 3, 6, 1, 1, 6, 1, 3, 2, 3, 2]","['h2', 'h2', 'h3', 'h2', 'h3', 'h2', 'h2', 'h2', 'h2', 'h2', 'h2', 'h2', 'h2', 'h3', 'h2', 'h2', 'h2']"
hotjar.com,"[1, 21, 11, 2, 1, 2, 4, 1, 1, 2, 2, 1, 6, 2, 1, 2, 1, 1, 1, 2, 3, 2, 1, 2, 1, 8, 1, 2, 4, 2, 1, 3, 1, 1, 2, 10, 3, 1, 10, 2, 3, 1, 3, 1, 1, 1, 1, 1, 4, 1, 2, 1, 1, 2, 1, 7, 2]","['h2', 'h2', 'h2', 'h2', 'h2', 'h2', 'h2', 'h3', 'h2', 'h2', 'h2', 'h2', 'h2', 'h2', 'h2', 'h2', 'h2', 'h2', 'h2', 'h2', 'h1', 'h2', 'h2', 'h2', 'h2', 'h2', 'h2', 'h2', 'h2', 'h2', 'h2', 'h2', 'h2', 'h2', 'h2', 'h2', 'h2', 'h1', 'h1', 'h2', 'h2', 'h2', 'h2', 'h2', 'h2', 'h2', 'h2', 'h2', 'h2', 'h2', 'h2', 'h2', 'h3', 'h2', 'h3', 'h2', 'h2']"
dzen.ru,"[10, 1, 2, 7, 1, 12, 21, 17, 33, 3, 4, 3, 19, 1, 9, 1, 2, 2, 8, 1, 19, 2, 13, 1, 1, 1, 11, 4, 1, 4, 1, 15, 34, 2, 5, 6, 2, 6, 4, 1, 1, 1, 1, 1, 1, 1, 3, 1, 4, 2]","['h1', 'h1', 'h1', 'h1', 'h2', 'h1', 'h2', 'h2', 'h2', 'h2', 'h2', 'h2', 'h2', 'h2', 'h2', 'h1', 'h1', 'h1', 'h2', 'h1', 'h2', 'h2', 'h2', 'h2', 'h1', 'h2', 'h1', 'h1', 'h1', 'h1', 'h2', 'h2', 'h2', 'h2', 'h1', 'h1', 'h2', 'h1', 'h1', 'h1', 'h1', 'h1', 'h1', 'h1', 'h1', 'h1', 'h2', 'h1', 'h2', 'h2']"
quora.com,"[1, 12, 8, 7, 1, 1, 1, 1, 1, 1]","['h1', 'h3', 'h2', 'h3', 'h2', 'h2', 'h2', 'h3', 'h2', 'h1']"
dotomi.com,"[1, 48, 4, 1, 6, 2, 1, 1, 1, 1, 1, 1, 1, 3, 1, 2, 7, 3, 2, 1, 3, 1, 1, 1, 1, 1, 1, 1, 1, 2, 6, 2, 9, 4, 2, 1, 1, 4, 1, 6, 3, 1, 2, 2, 2, 2, 2, 1, 1, 1, 1, 1, 1, 1, 1, 1, 2, 2, 1, 1, 1, 2, 1, 1, 1, 3, 1, 1, 1, 32, 1, 3, 4, 1, 5, 4, 16, 3, 3, 1]","['h1', 'h3', 'h2', 'h2', 'h2', 'h3', 'h2', 'h2', 'h2', 'h2', 'h2', 'h2', 'h2', 'h2', 'h2', 'h2', 'h2', 'h3', 'h2', 'h3', 'h2', 'h1', 'h2', 'h2', 'h2', 'h3', 'h2', 'h2', 'h3', 'h2', 'h1', 'h2', 'h2', 'h3', 'h2', 'h2', 'h1', 'h2', 'h2', 'h2', 'h2', 'h2', 'h3', 'h2', 'h2', 'h2', 'h2', 'h3', 'h3', 'h3', 'h2', 'h3', 'h2', 'h2', 'h1', 'h2', 'h2', 'h2', 'h2', 'h2', 'h1', 'h2', 'h1', 'h1', 'h2', 'h2', 'h2', 'h2', 'h2', 'h2', 'h2', 'h3', 'h2', 'h2', 'h3', 'h2', 'h2', 'h1', 'h1', 'h2']"
rambler.ru,"[18, 6, 2, 1, 15, 10, 11, 5, 34, 3, 1, 5, 2, 19, 1, 13, 5, 1, 18, 2, 6, 4, 14, 6, 2, 6, 2, 1, 17, 26, 2, 5, 1, 4, 2, 1, 2, 4, 6, 4, 2, 2, 2, 1, 3, 2, 2, 4, 2, 1, 1, 1, 1, 1, 1, 1, 1, 2, 2, 2, 1, 2, 3, 4, 1, 1, 1, 1, 1, 3, 2, 1, 1, 1, 3, 1, 1, 2, 2]","['h2', 'h2', 'h2', 'h2', 'h2', 'h2', 'h2', 'h2', 'h2', 'h2', 'h2', 'h2', 'h1', 'h2', 'h2', 'h2', 'h2', 'h2', 'h2', 'h2', 'h2', 'h2', 'h2', 'h1', 'h2', 'h2', 'h3', 'h2', 'h2', 'h2', 'h2', 'h2', 'h1', 'h1', 'h2', 'h1', 'h2', 'h2', 'h2', 'h2', 'h2', 'h2', 'h2', 'h1', 'h2', 'h2', 'h2', 'h2', 'h1', 'h2', 'h2', 'h2', 'h2', 'h1', 'h1', 'h1', 'h2', 'h2', 'h2', 'h3', 'h2', 'h1', 'h1', 'h2', 'h2', 'h1', 'h1', 'h2', 'h1', 'h2', 'h2', 'h1', 'h1', 'h1', 'h2', 'h1', 'h2', 'h2', 'h2']"
bilibili.com,"[1, 17, 17, 4, 37, 3, 9, 24, 1, 1, 28]","['h2', 'h2', 'h2', 'h2', 'h2', 'h2', 'h2', 'h2', 'h2', 'h2', 'h2']"
tradingview.com,"[3, 268, 7, 18, 14, 1, 1, 1, 2, 1, 1]","['h2', 'h2', 'h2', 'h2', 'h2', 'h2', 'h1', 'h2', 'h2', 'h2', 'h2']"
cpanel.net,"[33, 3, 1, 2, 2, 2, 2, 2, 3, 1, 1, 4, 1, 1, 2, 1, 1, 1, 1, 1, 1, 1]","['h2', 'h2', 'h2', 'h2', 'h2', 'h3', 'h2', 'h2', 'h2', 'h2', 'h2', 'h2', 'h2', 'h3', 'h2', 'h2', 'h2', 'h2', 'h2', 'h3', 'h2', 'h3']"
sophos.com,"[86, 4, 6, 1, 1, 1, 2, 1, 2, 2, 2, 1, 2, 1, 1, 1, 1, 2, 1, 1, 2, 1, 1, 1, 2, 2, 2, 2, 1, 10, 1, 2, 1, 4, 1, 1, 1, 3, 1, 1, 1, 1, 4, 58, 1, 1, 1, 1, 1, 2, 2, 1, 1, 1, 1, 1, 2, 1, 1, 39, 4, 1, 13, 1, 3, 1, 3, 1]","['h2', 'h2', 'h2', 'h2', 'h2', 'h2', 'h2', 'h1', 'h2', 'h2', 'h2', 'h2', 'h3', 'h2', 'h1', 'h2', 'h2', 'h1', 'h2', 'h3', 'h1', 'h1', 'h3', 'h3', 'h2', 'h2', 'h3', 'h3', 'h2', 'h2', 'h2', 'h2', 'h1', 'h2', 'h3', 'h2', 'h3', 'h2', 'h2', 'h2', 'h2', 'h2', 'h2', 'h3', 'h1', 'h1', 'h1', 'h1', 'h2', 'h2', 'h2', 'h3', 'h2', 'h2', 'h2', 'h3', 'h2', 'h2', 'h2', 'h1', 'h2', 'h2', 'h2', 'h2', 'h1', 'h2', 'h1', 'h2']"
t-online.de,"[1, 3, 216, 8, 13, 5, 5, 2, 2, 34, 1, 2, 9, 1, 4, 1, 1, 1, 2, 1, 1, 1, 3]","['h2', 'h2', 'h3', 'h2', 'h2', 'h2', 'h2', 'h2', 'h2', 'h3', 'h2', 'h2', 'h2', 'h2', 'h2', 'h2', 'h2', 'h2', 'h2', 'h1', 'h1', 'h1', 'h1']"
cnbc.com,"[1, 7, 19, 1, 2, 14, 2, 2, 9, 3, 3, 1, 2, 1, 1, 1, 4, 1, 1, 2, 5, 1, 3, 1, 1, 3, 12, 1, 22, 1, 3, 2, 1, 1, 1, 1, 2, 2, 2, 1, 1, 1, 3, 1, 2, 1, 4, 4, 2, 5, 1, 1, 1, 1, 2, 1, 3, 3, 2, 3, 2, 3, 4, 1, 2, 2, 3, 1, 1, 2, 4, 1, 1, 1, 1, 2, 1, 1, 4, 2, 2, 2, 4, 4, 4, 4, 4, 4, 1, 1, 2, 2, 1, 1, 1, 1, 1, 5, 1, 3, 1, 1, 2, 1, 2, 4, 2, 7, 2, 3, 1, 1, 1, 1, 2, 1, 4, 2, 1, 1, 2, 1, 2, 1, 2, 2, 2, 1, 2, 1, 1, 2, 1, 1, 6, 2, 2, 1, 2, 1, 4, 2, 2, 2, 6, 1, 4, 2, 2, 2, 2, 1, 1, 1, 1, 1, 1, 4, 1, 1, 1, 2]","['h1', 'h2', 'h2', 'h2', 'h2', 'h2', 'h2', 'h2', 'h2', 'h2', 'h2', 'h2', 'h2', 'h2', 'h2', 'h1', 'h1', 'h1', 'h1', 'h2', 'h3', 'h1', 'h3', 'h1', 'h1', 'h2', 'h2', 'h1', 'h3', 'h1', 'h2', 'h2', 'h2', 'h2', 'h2', 'h1', 'h3', 'h2', 'h2', 'h3', 'h2', 'h2', 'h2', 'h2', 'h1', 'h2', 'h2', 'h2', 'h1', 'h2', 'h2', 'h2', 'h2', 'h2', 'h2', 'h2', 'h3', 'h2', 'h1', 'h3', 'h2', 'h1', 'h1', 'h3', 'h2', 'h2', 'h2', 'h1', 'h3', 'h2', 'h2', 'h3', 'h3', 'h3', 'h2', 'h3', 'h3', 'h2', 'h2', 'h2', 'h2', 'h2', 'h2', 'h2', 'h2', 'h2', 'h2', 'h2', 'h2', 'h2', 'h2', 'h1', 'h2', 'h1', 'h1', 'h2', 'h1', 'h3', 'h2', 'h2', 'h2', 'h2', 'h1', 'h3', 'h3', 'h2', 'h3', 'h2', 'h2', 'h2', 'h2', 'h1', 'h1', 'h2', 'h3', 'h2', 'h2', 'h1', 'h2', 'h2', 'h2', 'h2', 'h2', 'h2', 'h2', 'h3', 'h2', 'h2', 'h2', 'h2', 'h2', 'h2', 'h2', 'h2', 'h2', 'h2', 'h2', 'h2', 'h2', 'h2', 'h2', 'h2', 'h2', 'h2', 'h1', 'h1', 'h1', 'h2', 'h2', 'h2', 'h2', 'h2', 'h2', 'h1', 'h2', 'h1', 'h1', 'h1', 'h2', 'h2', 'h2', 'h1']"
wix.com,"[1, 2, 10, 3, 6, 3, 4, 52, 3, 54, 9, 1, 1, 1, 1, 57, 3, 4, 1, 7, 4, 1, 1, 4, 1, 1, 3, 1, 1, 2, 3, 2, 2, 1, 1, 1, 1, 1, 2, 1, 1, 2, 2]","['h1', 'h2', 'h2', 'h2', 'h2', 'h2', 'h2', 'h2', 'h3', 'h3', 'h3', 'h2', 'h2', 'h2', 'h2', 'h3', 'h2', 'h3', 'h3', 'h2', 'h2', 'h2', 'h2', 'h3', 'h2', 'h2', 'h2', 'h1', 'h2', 'h3', 'h2', 'h2', 'h3', 'h3', 'h3', 'h2', 'h2', 'h2', 'h2', 'h2', 'h2', 'h2', 'h2']"
telegraph.co.uk,"[1, 37, 8, 1, 3, 16, 3, 2, 3, 6, 1, 1, 4, 1, 15, 3, 3, 2, 2, 1, 1, 3, 1, 1, 2, 2, 3, 2, 6, 1, 1, 2, 1, 3, 1, 1, 1, 1, 2, 3, 1, 3, 2, 1, 5, 4, 3, 4, 1, 2, 1, 1, 1, 1, 4, 1, 8, 1, 1, 3]","['h2', 'h2', 'h2', 'h2', 'h2', 'h2', 'h2', 'h1', 'h3', 'h2', 'h2', 'h2', 'h2', 'h3', 'h2', 'h3', 'h2', 'h2', 'h3', 'h2', 'h3', 'h2', 'h2', 'h2', 'h1', 'h3', 'h2', 'h1', 'h2', 'h1', 'h1', 'h2', 'h3', 'h2', 'h2', 'h1', 'h2', 'h2', 'h3', 'h2', 'h2', 'h2', 'h2', 'h2', 'h3', 'h2', 'h2', 'h3', 'h2', 'h2', 'h2', 'h2', 'h2', 'h2', 'h3', 'h2', 'h2', 'h2', 'h2', 'h2']"
usatoday.com,"[57, 1, 2, 5, 2, 4, 2, 4, 6, 1, 1, 1, 2, 4, 2, 3, 1, 1, 1, 1, 1, 61, 4, 3, 1, 1, 29, 1, 1, 1, 1, 1, 1, 1, 1, 2, 2, 2, 1, 70, 3, 4, 1, 8, 3, 4, 2, 2, 3, 4, 2, 2, 1, 1, 3, 2, 1, 1, 1, 2, 2, 3, 1, 10, 1, 1, 1, 2, 1, 2, 5, 8, 2, 4, 2, 3, 2, 1, 4, 2, 2, 2, 4, 2, 1, 1, 1, 1, 1, 2, 3, 2, 2, 1, 2, 2, 5, 1, 10, 1, 4, 2, 2, 2, 1, 1, 1, 1, 1, 1, 1, 2, 2, 3, 2, 2, 1, 1, 1, 2, 2, 1]","['h2', 'h2', 'h2', 'h3', 'h3', 'h2', 'h2', 'h2', 'h2', 'h1', 'h2', 'h2', 'h2', 'h2', 'h2', 'h2', 'h2', 'h2', 'h2', 'h2', 'h1', 'h2', 'h2', 'h2', 'h2', 'h2', 'h2', 'h2', 'h3', 'h2', 'h2', 'h3', 'h2', 'h2', 'h2', 'h2', 'h1', 'h2', 'h2', 'h2', 'h2', 'h3', 'h2', 'h3', 'h2', 'h3', 'h1', 'h1', 'h3', 'h3', 'h1', 'h2', 'h2', 'h2', 'h2', 'h1', 'h1', 'h1', 'h1', 'h2', 'h2', 'h1', 'h2', 'h1', 'h1', 'h3', 'h2', 'h2', 'h2', 'h2', 'h2', 'h2', 'h1', 'h2', 'h2', 'h2', 'h2', 'h2', 'h2', 'h3', 'h2', 'h2', 'h2', 'h2', 'h1', 'h1', 'h2', 'h2', 'h3', 'h3', 'h1', 'h1', 'h2', 'h2', 'h2', 'h2', 'h2', 'h1', 'h1', 'h2', 'h2', 'h2', 'h1', 'h2', 'h2', 'h2', 'h2', 'h1', 'h1', 'h2', 'h1', 'h1', 'h2', 'h2', 'h2', 'h2', 'h2', 'h2', 'h1', 'h2', 'h2', 'h3']"
