fastly.net,"[1, 4, 38, 2, 2, 1, 2, 1, 39, 18, 1, 2, 1, 9, 4, 1, 3, 1, 2, 3, 3, 1, 2, 2, 1, 1, 1, 1, 2, 1, 2, 1, 1, 3, 1, 1, 1, 1, 4, 1, 1, 1, 1, 3, 1, 1, 2]","['h1', 'h2', 'h3', 'h2', 'h1', 'h2', 'h2', 'h1', 'h2', 'h2', 'h2', 'h2', 'h2', 'h2', 'h2', 'h2', 'h2', 'h2', 'h2', 'h1', 'h1', 'h2', 'h2', 'h2', 'h2', 'h3', 'h2', 'h2', 'h2', 'h2', 'h2', 'h2', 'h1', 'h2', 'h2', 'h1', 'h2', 'h3', 'h2', 'h2', 'h2', 'h2', 'h2', 'h2', 'h2', 'h2', 'h2']"
windows.net,"[1, 3, 37, 2, 1, 1, 2, 3, 7, 2, 1, 3, 1, 4, 1, 2]","['h1', 'h2', 'h2', 'h2', 'h1', 'h2', 'h2', 'h2', 'h2', 'h2', 'h2', 'h2', 'h2', 'h2', 'h1', 'h2']"
office.com,"[4, 5, 2, 919, 1, 1, 2, 1, 1, 2, 2, 1, 1, 1, 2, 2, 3, 4, 13, 2, 1, 2, 11]","['h2', 'h2', 'h2', 'h3', 'h2', 'h2', 'h2', 'h1', 'h1', 'h2', 'h2', 'h1', 'h1', 'h2', 'h2', 'h2', 'h2', 'h2', 'h2', 'h2', 'h1', 'h2', 'h3']"
instagram.com,"[3, 26, 15, 3, 1, 1]","['h2', 'h3', 'h2', 'h3', 'h2', 'h2']"
netflix.com,"[1, 1, 4, 3, 1, 2, 5, 4, 3, 3, 6, 1, 1, 1, 1, 1, 2, 2, 1, 1, 2, 6, 2, 1, 1, 2, 2, 1, 2, 1, 1]","['h2', 'h2', 'h2', 'h1', 'h1', 'h1', 'h1', 'h1', 'h1', 'h1', 'h2', 'h1', 'h1', 'h1', 'h2', 'h1', 'h2', 'h1', 'h1', 'h2', 'h2', 'h2', 'h2', 'h1', 'h1', 'h3', 'h2', 'h3', 'h3', 'h2', 'h2']"
github.com,"[2, 56, 15, 1, 6, 1, 2]","['h2', 'h2', 'h2', 'h2', 'h2', 'h2', 'h2']"
wordpress.org,"[11, 7, 3, 7, 2, 2, 2, 1]","['h2', 'h3', 'h2', 'h3', 'h2', 'h2', 'h2', 'h2']"
youtube.com,"[1, 6, 1, 29, 3, 3, 1, 4, 30, 1, 3, 12, 1, 5, 3, 1, 1, 2, 1]","['h2', 'h2', 'h2', 'h3', 'h2', 'h2', 'h3', 'h2', 'h3', 'h3', 'h2', 'h3', 'h2', 'h3', 'h3', 'h2', 'h3', 'h2', 'h3']"
spotify.com,"[6, 2, 1, 4, 1, 1, 4, 2, 1, 3, 4, 95, 2, 1, 2, 1, 4, 3, 2, 2, 6, 5, 2, 1, 1, 1, 3, 4, 1, 2, 4, 1, 3, 4, 2, 1, 2, 1, 2, 1, 1, 1, 1, 1, 1, 1, 1]","['h2', 'h2', 'h3', 'h2', 'h2', 'h2', 'h2', 'h2', 'h2', 'h2', 'h2', 'h3', 'h2', 'h2', 'h2', 'h3', 'h2', 'h3', 'h2', 'h2', 'h3', 'h2', 'h2', 'h2', 'h3', 'h3', 'h2', 'h2', 'h3', 'h2', 'h2', 'h2', 'h1', 'h2', 'h2', 'h1', 'h2', 'h2', 'h2', 'h2', 'h1', 'h2', 'h1', 'h2', 'h2', 'h2', 'h2']"
roblox.com,"[2, 6, 16, 11, 1, 119, 2, 4, 2, 14, 1, 4, 2]","['h2', 'h2', 'h2', 'h3', 'h2', 'h2', 'h2', 'h3', 'h2', 'h2', 'h2', 'h2', 'h2']"
zoom.us,"[3, 3, 7, 1, 4, 20, 12, 3, 1, 12, 2, 2, 3, 3, 2, 1, 2, 5, 1, 3, 1, 3, 5, 1, 1, 3, 2, 1, 1, 1, 4, 1, 2, 2, 2, 2, 1, 2, 1, 2, 2, 1, 2, 2, 1, 1, 2, 2, 2, 2, 4, 1, 2, 1, 1, 1, 1, 14, 2, 3, 2, 2, 1, 1, 1, 1, 2, 3, 2, 2, 1, 2, 2, 1, 4, 5, 1, 1, 2, 1, 2, 3, 5, 1, 2]","['h2', 'h2', 'h2', 'h2', 'h2', 'h3', 'h3', 'h2', 'h2', 'h2', 'h2', 'h2', 'h3', 'h3', 'h2', 'h2', 'h2', 'h2', 'h2', 'h2', 'h3', 'h2', 'h1', 'h2', 'h2', 'h2', 'h2', 'h2', 'h2', 'h2', 'h2', 'h2', 'h2', 'h2', 'h2', 'h2', 'h2', 'h1', 'h2', 'h2', 'h2', 'h2', 'h2', 'h2', 'h2', 'h1', 'h3', 'h1', 'h1', 'h1', 'h2', 'h2', 'h2', 'h1', 'h2', 'h2', 'h2', 'h2', 'h2', 'h2', 'h2', 'h1', 'h3', 'h2', 'h2', 'h2', 'h2', 'h2', 'h3', 'h3', 'h2', 'h3', 'h2', 'h3', 'h2', 'h2', 'h2', 'h2', 'h2', 'h3', 'h2', 'h3', 'h3', 'h1', 'h2']"
vimeo.com,"[2, 1, 14, 4, 44, 1, 6, 4, 2, 2, 5, 1, 4, 2, 6, 2, 1, 2, 2, 1, 8, 2, 1, 1, 2, 4, 1, 1, 1, 3, 1, 10, 1, 3]","['h1', 'h2', 'h2', 'h2', 'h2', 'h2', 'h2', 'h1', 'h2', 'h2', 'h2', 'h2', 'h2', 'h3', 'h2', 'h2', 'h2', 'h2', 'h2', 'h2', 'h2', 'h2', 'h2', 'h2', 'h2', 'h2', 'h2', 'h2', 'h2', 'h2', 'h2', 'h2', 'h1', 'h1']"
skype.com,"[1, 3, 2, 19, 1, 1, 3, 1, 2, 1, 3, 3, 9, 2, 4, 2]","['h2', 'h2', 'h2', 'h2', 'h2', 'h1', 'h2', 'h1', 'h2', 'h1', 'h2', 'h2', 'h2', 'h2', 'h3', 'h2']"
qq.com,"[1, 1, 76, 5, 2, 3, 1, 2, 3, 16, 23, 1, 2, 1, 1, 1, 1, 2, 2, 2, 2, 1, 17, 30, 1, 3, 1, 2, 4, 2, 1, 1, 2, 1, 2, 1, 10, 1, 2, 2, 1, 17, 2, 5, 1, 5, 1, 2]","['h2', 'h1', 'h2', 'h1', 'h1', 'h1', 'h1', 'h2', 'h1', 'h2', 'h2', 'h1', 'h1', 'h1', 'h1', 'h1', 'h1', 'h2', 'h1', 'h1', 'h1', 'h2', 'h2', 'h3', 'h2', 'h1', 'h1', 'h1', 'h1', 'h1', 'h2', 'h1', 'h2', 'h3', 'h2', 'h2', 'h2', 'h2', 'h3', 'h2', 'h1', 'h2', 'h2', 'h2', 'h1', 'h1', 'h1', 'h2']"
cloudflare.com,"[1, 28, 28, 1, 1, 2, 1, 1, 1, 1, 2]","['h2', 'h3', 'h3', 'h2', 'h3', 'h2', 'h3', 'h1', 'h2', 'h2', 'h2']"
gandi.net,"[1, 13, 1, 1, 1, 1, 1]","['h1', 'h2', 'h2', 'h1', 'h2', 'h2', 'h2']"
msn.com,"[1, 1, 2, 19, 267, 1, 19, 1, 2, 1, 2, 21, 32, 1, 2, 1, 2, 1, 1, 1, 2, 1, 1, 18, 1, 48, 3, 1, 1, 1, 1, 1, 2, 3, 1, 3, 1, 1, 4, 1, 2, 2, 1, 2, 3, 1, 4, 2, 2, 2, 4, 1, 2, 1, 1, 2, 5, 1, 3, 4, 3, 2, 2, 1, 5, 1, 2]","['h1', 'h1', 'h2', 'h2', 'h2', 'h1', 'h2', 'h1', 'h2', 'h1', 'h2', 'h2', 'h2', 'h2', 'h2', 'h2', 'h2', 'h1', 'h2', 'h3', 'h2', 'h2', 'h2', 'h2', 'h2', 'h2', 'h2', 'h1', 'h1', 'h1', 'h1', 'h2', 'h2', 'h1', 'h2', 'h2', 'h2', 'h1', 'h1', 'h1', 'h1', 'h2', 'h1', 'h2', 'h2', 'h3', 'h2', 'h2', 'h2', 'h2', 'h3', 'h1', 'h2', 'h2', 'h1', 'h1', 'h2', 'h3', 'h2', 'h3', 'h2', 'h2', 'h2', 'h1', 'h2', 'h3', 'h3']"
tds.net,"[1, 1, 64, 1, 27, 12, 1, 2, 1, 1, 1, 3, 1, 1, 2, 2, 1, 1, 2, 2, 2, 2, 2, 5, 4, 2, 4, 2, 2, 28, 1, 2, 1, 1, 7, 1, 1, 2, 1, 2, 1, 3, 48, 2, 2, 10, 1, 4, 1, 9, 2, 7, 3, 2, 1, 1, 1, 2, 2, 1, 2, 1, 1, 2, 1, 1, 2, 1, 3, 2, 4, 1, 1, 1, 7, 1, 3, 3, 2, 2, 1, 2, 1, 2, 2, 1, 1, 1, 1, 2, 1, 3, 7, 1, 1, 1, 2, 2, 4, 2, 1, 2, 1, 1, 2, 2, 2, 1, 2, 2, 1, 3, 4, 1, 2, 2, 1, 2, 2, 1, 2, 1, 1]","['h1', 'h2', 'h2', 'h1', 'h2', 'h3', 'h2', 'h2', 'h3', 'h2', 'h3', 'h2', 'h2', 'h2', 'h2', 'h2', 'h2', 'h2', 'h2', 'h2', 'h2', 'h2', 'h2', 'h2', 'h2', 'h2', 'h2', 'h2', 'h2', 'h2', 'h2', 'h2', 'h2', 'h1', 'h2', 'h1', 'h2', 'h2', 'h3', 'h1', 'h2', 'h2', 'h2', 'h2', 'h2', 'h3', 'h2', 'h2', 'h3', 'h2', 'h2', 'h2', 'h2', 'h3', 'h2', 'h2', 'h1', 'h2', 'h2', 'h1', 'h2', 'h2', 'h1', 'h2', 'h2', 'h1', 'h2', 'h2', 'h2', 'h2', 'h2', 'h2', 'h2', 'h2', 'h2', 'h2', 'h2', 'h3', 'h2', 'h2', 'h2', 'h2', 'h2', 'h2', 'h2', 'h2', 'h2', 'h2', 'h2', 'h2', 'h2', 'h2', 'h2', 'h2', 'h1', 'h2', 'h2', 'h2', 'h2', 'h1', 'h1', 'h2', 'h2', 'h2', 'h2', 'h2', 'h2', 'h2', 'h2', 'h2', 'h3', 'h2', 'h2', 'h2', 'h2', 'h2', 'h1', 'h2', 'h2', 'h2', 'h2', 'h1', 'h2']"
bing.com,"[1, 1, 2, 3, 3, 14, 80, 4, 13, 5, 1, 2, 1, 2]","['h1', 'h1', 'h2', 'h2', 'h2', 'h2', 'h3', 'h3', 'h3', 'h2', 'h1', 'h2', 'h1', 'h2']"
ntp.org,"[1, 1, 1, 1, 1, 3, 1, 1, 1, 1, 1, 2, 3, 2, 1, 1, 1, 4, 2, 2]","['h1', 'h2', 'h2', 'h2', 'h1', 'h1', 'h1', 'h1', 'h1', 'h1', 'h1', 'h2', 'h2', 'h3', 'h2', 'h2', 'h2', 'h1', 'h2', 'h2']"
wikipedia.org,"[8, 1]","['h2', 'h2']"
bit.ly,"[1, 1, 1, 77, 5, 2, 2, 5, 5, 6, 1, 1, 1, 1, 6, 2, 2, 1, 1, 1, 1, 1, 2, 3, 3, 3, 1, 1, 1, 1, 1, 2, 3, 1, 1, 1, 1, 1, 2]","['h2', 'h2', 'h2', 'h2', 'h2', 'h2', 'h2', 'h2', 'h2', 'h2', 'h2', 'h2', 'h3', 'h2', 'h3', 'h2', 'h2', 'h2', 'h2', 'h2', 'h2', 'h3', 'h2', 'h3', 'h3', 'h2', 'h2', 'h3', 'h2', 'h2', 'h3', 'h2', 'h2', 'h2', 'h2', 'h2', 'h2', 'h2', 'h2']"
linkedin.com,"[2, 16, 1, 8, 1, 8, 2, 1, 1, 3, 1]","['h2', 'h2', 'h1', 'h2', 'h1', 'h2', 'h2', 'h2', 'h2', 'h2', 'h2']"
microsoft.com,"[1, 53, 4, 23, 1, 1, 4, 2, 1, 1, 1, 2, 2, 1, 2, 3, 2, 3, 14, 6, 1, 1, 2, 1, 1, 2, 4, 1, 7, 4, 2, 1, 1, 1, 1, 3, 1, 2, 1, 3, 4, 2, 2, 2, 2, 2]","['h2', 'h2', 'h2', 'h2', 'h2', 'h1', 'h2', 'h2', 'h1', 'h1', 'h1', 'h2', 'h2', 'h1', 'h1', 'h2', 'h2', 'h2', 'h2', 'h2', 'h2', 'h1', 'h2', 'h1', 'h1', 'h2', 'h2', 'h2', 'h2', 'h2', 'h2', 'h2', 'h2', 'h2', 'h3', 'h2', 'h1', 'h2', 'h3', 'h2', 'h2', 'h2', 'h1', 'h2', 'h2', 'h2']"
icloud.com,"[1, 19, 1, 5, 1, 1, 1]","['h2', 'h2', 'h2', 'h2', 'h1', 'h1', 'h1']"
facebook.com,"[3, 10, 5, 1, 4, 1]","['h2', 'h3', 'h2', 'h2', 'h3', 'h2']"
digicert.com,"[62, 19, 1, 1, 3, 1, 5, 4, 1, 6, 1, 2, 1, 2, 1, 1, 2, 2, 2, 1, 1, 2, 4, 2, 2, 1, 2, 2, 1, 1, 2, 1, 1, 4, 1, 1, 1, 1, 1, 1, 3, 1, 1, 15]","['h2', 'h2', 'h1', 'h1', 'h2', 'h2', 'h2', 'h3', 'h1', 'h2', 'h2', 'h2', 'h1', 'h2', 'h2', 'h1', 'h2', 'h3', 'h3', 'h2', 'h3', 'h2', 'h2', 'h2', 'h3', 'h3', 'h3', 'h2', 'h1', 'h3', 'h1', 'h2', 'h2', 'h2', 'h2', 'h2', 'h2', 'h2', 'h3', 'h2', 'h2', 'h2', 'h2', 'h2']"
mail.ru,"[22, 7, 16, 26, 2, 2, 10, 2, 13, 2, 1, 6, 2, 1, 1, 6, 2, 8, 1, 5, 2, 5, 1, 2, 1, 4, 1, 1, 5, 5, 1, 4, 8, 1, 1, 1, 6, 2, 2, 2, 2, 13, 2, 1, 1]","['h2', 'h2', 'h2', 'h2', 'h2', 'h2', 'h2', 'h2', 'h2', 'h2', 'h1', 'h2', 'h2', 'h2', 'h2', 'h2', 'h1', 'h2', 'h2', 'h2', 'h2', 'h1', 'h2', 'h1', 'h2', 'h2', 'h1', 'h1', 'h1', 'h2', 'h2', 'h2', 'h2', 'h2', 'h1', 'h2', 'h2', 'h2', 'h2', 'h2', 'h1', 'h2', 'h2', 'h2', 'h2']"
wordpress.com,"[2, 3, 1, 1, 1, 1, 3, 8, 1, 2, 1, 1, 1, 2, 1, 2, 2, 1, 4, 1, 1, 1, 1, 1, 1, 2, 2, 2, 1, 1, 1, 1]","['h2', 'h2', 'h2', 'h2', 'h2', 'h3', 'h3', 'h2', 'h2', 'h2', 'h2', 'h2', 'h3', 'h3', 'h2', 'h2', 'h2', 'h2', 'h2', 'h2', 'h2', 'h2', 'h2', 'h1', 'h2', 'h2', 'h3', 'h3', 'h2', 'h2', 'h2', 'h3']"
yandex.net,"[1, 15, 1, 2, 5, 9, 2, 4]","['h1', 'h2', 'h1', 'h1', 'h2', 'h2', 'h2', 'h2']"
office365.com,"[2, 81, 1, 13, 2, 1, 2, 3, 13, 3, 2, 9, 1, 2, 2, 4, 3, 2, 1, 2, 1, 1, 1, 2, 4, 1, 1, 1, 2, 2]","['h1', 'h2', 'h2', 'h2', 'h2', 'h2', 'h2', 'h2', 'h2', 'h2', 'h2', 'h2', 'h2', 'h2', 'h2', 'h1', 'h2', 'h1', 'h1', 'h2', 'h1', 'h1', 'h1', 'h2', 'h2', 'h2', 'h2', 'h1', 'h2', 'h2']"
amazon.com,"[1, 2, 3, 3, 50, 41, 19, 1, 2, 7, 1, 6, 1, 4, 1, 2, 2]","['h1', 'h2', 'h2', 'h2', 'h3', 'h3', 'h2', 'h2', 'h1', 'h3', 'h1', 'h1', 'h2', 'h1', 'h1', 'h1', 'h2']"
google-analytics.com,"[1, 1, 1, 3, 1, 2, 1, 5, 5, 5, 2, 2, 8, 2, 2, 1, 2, 2, 1, 1]","['h2', 'h3', 'h2', 'h2', 'h2', 'h2', 'h3', 'h2', 'h2', 'h3', 'h2', 'h3', 'h2', 'h3', 'h2', 'h3', 'h2', 'h3', 'h3', 'h2']"
pinterest.com,"[1, 3, 11, 121, 43, 1, 1, 2, 8, 1]","['h2', 'h2', 'h2', 'h3', 'h3', 'h2', 'h2', 'h3', 'h2', 'h2']"
whatsapp.net,"[1, 3, 4, 3, 49, 6, 2, 1, 1, 1]","['h2', 'h2', 'h2', 'h2', 'h3', 'h3', 'h2', 'h1', 'h1', 'h1']"
googlevideo.com,"[1, 1, 15, 1, 3, 2, 3, 4, 2, 4, 1]","['h1', 'h2', 'h3', 'h2', 'h2', 'h2', 'h2', 'h3', 'h2', 'h2', 'h3']"
amazonaws.com,"[1, 60, 4, 4, 1, 3, 3, 3, 2, 31, 25, 1, 10, 1, 2, 10, 22, 2, 6, 91, 1, 1, 1, 1, 2, 1, 1, 5, 1, 5, 2, 1, 4, 12, 2, 3, 3, 1, 1, 2, 4, 2]","['h1', 'h2', 'h2', 'h2', 'h2', 'h2', 'h2', 'h2', 'h2', 'h3', 'h3', 'h2', 'h2', 'h2', 'h2', 'h2', 'h2', 'h2', 'h3', 'h2', 'h2', 'h2', 'h1', 'h2', 'h2', 'h2', 'h2', 'h2', 'h2', 'h2', 'h2', 'h2', 'h2', 'h3', 'h2', 'h2', 'h3', 'h3', 'h2', 'h2', 'h3', 'h2']"
theguardian.com,"[1, 8, 5, 23, 76, 4, 5, 15, 3, 1, 1, 2, 2, 4, 1, 1, 1, 1, 2, 4, 3, 2, 1, 4, 1, 2, 1, 2, 1, 1, 3, 19, 1, 10, 1, 1, 2, 1, 2, 2, 2, 2, 1, 2, 2, 1, 2, 1, 3, 1, 1, 2, 1, 3, 3, 1, 1, 2, 5, 5, 1, 1, 1, 2, 1, 4, 2, 1, 1, 1, 1, 1, 1, 1, 1, 1, 1, 1, 2, 1, 1, 1]","['h2', 'h2', 'h3', 'h2', 'h2', 'h2', 'h2', 'h2', 'h2', 'h2', 'h2', 'h3', 'h2', 'h2', 'h3', 'h2', 'h2', 'h1', 'h2', 'h3', 'h2', 'h2', 'h2', 'h3', 'h2', 'h2', 'h3', 'h1', 'h2', 'h2', 'h2', 'h3', 'h2', 'h2', 'h3', 'h2', 'h2', 'h2', 'h2', 'h2', 'h2', 'h2', 'h2', 'h2', 'h2', 'h3', 'h1', 'h2', 'h2', 'h2', 'h2', 'h2', 'h3', 'h2', 'h3', 'h2', 'h3', 'h1', 'h2', 'h3', 'h2', 'h2', 'h2', 'h2', 'h1', 'h2', 'h2', 'h1', 'h2', 'h3', 'h1', 'h2', 'h2', 'h1', 'h1', 'h2', 'h1', 'h2', 'h2', 'h2', 'h2', 'h1']"
vk.com,"[1, 25, 8, 20, 27, 1, 1, 3, 2, 1, 1, 5, 4, 1, 5, 2, 2, 1, 1, 2]","['h2', 'h2', 'h2', 'h2', 'h2', 'h2', 'h2', 'h2', 'h2', 'h2', 'h2', 'h2', 'h2', 'h2', 'h1', 'h2', 'h2', 'h1', 'h2', 'h2']"
wa.me,"[1, 1, 3, 4, 2, 3, 1]","['h2', 'h2', 'h2', 'h2', 'h2', 'h3', 'h2']"
samsung.com,"[1, 49, 27, 26, 13, 4, 1, 6, 2, 2, 2, 6, 1, 1, 1, 1, 1, 1, 2, 3, 2, 3, 11, 2, 5, 1, 1, 5, 1, 2, 4, 2, 2, 2, 1]","['h1', 'h2', 'h2', 'h2', 'h2', 'h2', 'h2', 'h2', 'h2', 'h2', 'h2', 'h2', 'h1', 'h1', 'h1', 'h1', 'h1', 'h2', 'h2', 'h1', 'h2', 'h2', 'h2', 'h1', 'h2', 'h2', 'h2', 'h1', 'h2', 'h2', 'h2', 'h2', 'h2', 'h2', 'h2']"
github.io,"[1, 1, 17]","['h2', 'h2', 'h2']"
nih.gov,"[1, 1, 36, 2, 1, 2, 2, 4, 4, 2, 3, 1, 2, 1, 5]","['h2', 'h1', 'h2', 'h2', 'h2', 'h2', 'h2', 'h3', 'h2', 'h2', 'h2', 'h3', 'h2', 'h2', 'h3']"
gravatar.com,"[1, 7, 2, 2, 1, 2, 3, 5, 2, 2, 2, 1]","['h2', 'h2', 'h3', 'h2', 'h2', 'h3', 'h2', 'h2', 'h2', 'h2', 'h2', 'h2']"
intuit.com,"[1, 54, 8, 9, 11, 2, 1, 5, 13, 1, 1, 2, 1, 1, 1, 2, 1, 2, 2, 2, 1, 20, 1, 2, 1, 6, 1, 1, 2, 2, 1, 2, 1, 2, 2, 3, 2, 4, 1, 2, 2]","['h1', 'h2', 'h2', 'h2', 'h2', 'h1', 'h2', 'h2', 'h2', 'h2', 'h2', 'h2', 'h2', 'h3', 'h2', 'h2', 'h2', 'h2', 'h2', 'h3', 'h2', 'h2', 'h3', 'h3', 'h2', 'h2', 'h1', 'h1', 'h2', 'h2', 'h3', 'h3', 'h3', 'h3', 'h3', 'h2', 'h2', 'h2', 'h2', 'h2', 'h2']"
europa.eu,"[1, 29, 5, 2, 12, 1, 7, 3]","['h1', 'h2', 'h1', 'h1', 'h3', 'h2', 'h3', 'h2']"
paypal.com,"[1, 9, 17, 1, 19, 1, 3, 1, 2, 1, 2, 1, 12, 2]","['h2', 'h2', 'h2', 'h1', 'h2', 'h2', 'h2', 'h2', 'h2', 'h2', 'h2', 'h3', 'h3', 'h2']"
yandex.ru,"[1, 1, 10, 1, 2, 7, 1, 21, 12, 4, 34, 1, 2, 35, 3, 4, 1, 13, 3, 16, 10, 1, 2, 1, 2, 9, 21, 1, 2, 5, 1, 1, 2, 2, 6, 4, 8, 2, 3, 5, 3, 1, 2, 2, 1, 4, 1, 2, 1, 1, 21, 1, 1, 1, 1]","['h2', 'h2', 'h1', 'h1', 'h1', 'h1', 'h2', 'h2', 'h1', 'h2', 'h2', 'h2', 'h1', 'h2', 'h1', 'h1', 'h1', 'h2', 'h2', 'h1', 'h2', 'h1', 'h1', 'h1', 'h2', 'h2', 'h2', 'h2', 'h2', 'h2', 'h2', 'h2', 'h1', 'h2', 'h1', 'h1', 'h2', 'h2', 'h1', 'h1', 'h2', 'h1', 'h1', 'h1', 'h1', 'h2', 'h1', 'h1', 'h1', 'h1', 'h2', 'h1', 'h1', 'h1', 'h1']"
dropbox.com,"[1, 86, 161, 8, 3, 5, 4, 1, 7, 1, 10, 2, 1, 3, 2, 1, 1, 1]","['h2', 'h2', 'h3', 'h2', 'h3', 'h2', 'h2', 'h1', 'h2', 'h2', 'h2', 'h2', 'h2', 'h2', 'h2', 'h2', 'h1', 'h2']"
nytimes.com,"[1, 1, 48, 18, 11, 12, 1, 6, 1, 2, 2, 2, 1, 4, 1, 1, 1, 6, 3, 2, 3, 1, 5, 2, 2, 2, 2, 2, 3, 2, 3, 4, 5, 1, 4, 1, 1, 2, 1, 1, 1, 2, 3, 2, 2, 2, 2, 1, 1, 2, 2, 1, 2, 2, 2, 2, 2, 2, 1, 2, 1, 2, 1, 1, 1, 2, 2, 1, 1, 5]","['h2', 'h2', 'h2', 'h2', 'h2', 'h2', 'h2', 'h2', 'h2', 'h2', 'h2', 'h2', 'h2', 'h3', 'h2', 'h2', 'h2', 'h2', 'h2', 'h1', 'h3', 'h2', 'h2', 'h2', 'h2', 'h2', 'h2', 'h2', 'h3', 'h2', 'h2', 'h2', 'h3', 'h3', 'h2', 'h2', 'h2', 'h3', 'h2', 'h2', 'h2', 'h2', 'h2', 'h2', 'h2', 'h2', 'h2', 'h2', 'h2', 'h1', 'h2', 'h2', 'h2', 'h1', 'h2', 'h2', 'h2', 'h2', 'h2', 'h2', 'h3', 'h2', 'h2', 'h3', 'h1', 'h3', 'h2', 'h2', 'h3', 'h2']"
x.com,"[6, 1, 1, 1, 1, 12, 4, 48, 1, 6, 1, 1, 1, 1, 3, 3, 2]","['h2', 'h2', 'h2', 'h1', 'h1', 'h2', 'h2', 'h2', 'h2', 'h2', 'h2', 'h1', 'h2', 'h1', 'h2', 'h2', 'h2']"
googledomains.com,"[1, 1, 4, 3, 1, 2, 2, 2, 1, 3, 3, 2, 1, 1, 1, 1, 1]","['h2', 'h2', 'h2', 'h3', 'h2', 'h2', 'h2', 'h2', 'h3', 'h2', 'h2', 'h2', 'h1', 'h1', 'h1', 'h1', 'h2']"
registrar-servers.com,"[1, 1, 1, 1]","['h2', 'h1', 'h1', 'h1']"
forbes.com,"[1, 3, 2, 1, 2, 10, 16, 3, 1, 12, 1, 1, 2, 1, 1, 2, 3, 1, 2, 5, 1, 4, 3, 2, 2, 1, 10, 2, 2, 3, 2, 2, 2, 1, 1, 1, 2, 1, 1, 4, 2, 2, 1, 4, 1, 1, 1, 4, 3, 2, 1, 1, 1, 1, 4, 2, 7, 1, 3, 1, 2, 6, 1, 2, 1, 1, 4, 10, 3, 1, 1, 2, 1, 5, 5, 2, 3, 1, 4, 4, 2, 2, 9, 1, 1, 2, 2, 2, 2, 2, 1, 1, 1, 3, 2, 13, 4, 1, 4, 4, 14, 3, 1, 11, 1, 1, 4, 1, 2, 2, 2, 1, 3, 2, 2, 2, 1, 2, 1, 4, 4, 1, 1, 1, 1, 1, 1, 1, 2, 2, 1, 2, 1, 2, 1, 2, 1, 1, 1, 4, 2, 2, 1, 2, 1, 1]","['h2', 'h2', 'h2', 'h2', 'h2', 'h3', 'h3', 'h2', 'h2', 'h3', 'h2', 'h2', 'h2', 'h2', 'h2', 'h2', 'h2', 'h1', 'h2', 'h3', 'h3', 'h3', 'h2', 'h2', 'h2', 'h2', 'h3', 'h2', 'h2', 'h3', 'h2', 'h2', 'h3', 'h2', 'h2', 'h2', 'h2', 'h3', 'h2', 'h2', 'h2', 'h2', 'h2', 'h2', 'h2', 'h2', 'h2', 'h2', 'h3', 'h2', 'h2', 'h2', 'h2', 'h2', 'h2', 'h1', 'h2', 'h2', 'h3', 'h2', 'h2', 'h2', 'h2', 'h2', 'h2', 'h3', 'h2', 'h3', 'h2', 'h2', 'h2', 'h1', 'h2', 'h2', 'h3', 'h2', 'h2', 'h2', 'h2', 'h2', 'h2', 'h2', 'h2', 'h1', 'h3', 'h2', 'h2', 'h2', 'h2', 'h2', 'h1', 'h2', 'h2', 'h2', 'h2', 'h2', 'h2', 'h2', 'h3', 'h3', 'h3', 'h2', 'h2', 'h1', 'h3', 'h3', 'h2', 'h2', 'h2', 'h2', 'h1', 'h2', 'h2', 'h1', 'h2', 'h2', 'h2', 'h2', 'h2', 'h3', 'h3', 'h2', 'h2', 'h3', 'h2', 'h1', 'h2', 'h2', 'h2', 'h2', 'h2', 'h2', 'h2', 'h3', 'h1', 'h2', 'h2', 'h1', 'h2', 'h2', 'h3', 'h2', 'h2', 'h1', 'h2', 'h2']"
casalemedia.com,"[1, 3, 1, 1, 26, 4, 5, 1, 1, 2, 2]","['h3', 'h2', 'h2', 'h1', 'h2', 'h3', 'h2', 'h2', 'h2', 'h2', 'h2']"
tumblr.com,"[1, 14, 6, 9, 5, 1, 16, 1, 2, 5]","['h2', 'h2', 'h2', 'h2', 'h3', 'h2', 'h3', 'h2', 'h2', 'h3']"
dns.google,"[1, 4, 1, 1, 1, 1, 1]","['h2', 'h2', 'h3', 'h2', 'h2', 'h3', 'h2']"
medium.com,"[11, 1, 4, 15, 1, 1, 1, 1, 1, 1, 6, 3, 1, 3, 2]","['h2', 'h2', 'h3', 'h3', 'h2', 'h2', 'h3', 'h2', 'h2', 'h2', 'h2', 'h3', 'h2', 'h2', 'h2']"
gmail.com,"[1, 1, 2, 1, 11, 1, 1, 1, 3, 1]","['h2', 'h2', 'h2', 'h2', 'h3', 'h2', 'h2', 'h2', 'h3', 'h3']"
applovin.com,"[1, 11, 87, 1, 1, 1, 6, 1, 1, 1, 5, 6, 1, 2, 1]","['h2', 'h2', 'h3', 'h2', 'h2', 'h2', 'h3', 'h2', 'h2', 'h2', 'h2', 'h2', 'h2', 'h2', 'h2']"
opera.com,"[1, 1, 1, 54, 2, 10, 2, 1, 1, 2, 1, 1, 1, 1, 1, 4, 1, 1, 1, 2, 5, 3, 2, 2]","['h2', 'h1', 'h2', 'h2', 'h2', 'h2', 'h2', 'h2', 'h2', 'h2', 'h2', 'h2', 'h2', 'h2', 'h2', 'h2', 'h3', 'h2', 'h3', 'h2', 'h2', 'h2', 'h2', 'h1']"
ui.com,"[1, 2, 25, 2, 2, 5, 2, 2, 1, 1, 1, 1, 4, 1, 1, 1, 2, 2, 4, 4, 1, 1, 1, 6, 10, 2, 3, 2, 3, 1, 2, 2]","['h2', 'h2', 'h3', 'h3', 'h2', 'h2', 'h2', 'h2', 'h2', 'h2', 'h2', 'h2', 'h3', 'h2', 'h2', 'h2', 'h2', 'h2', 'h3', 'h2', 'h2', 'h2', 'h2', 'h2', 'h1', 'h2', 'h3', 'h2', 'h2', 'h2', 'h2', 'h2']"
windows.com,"[1, 1, 1, 1, 11, 3, 17, 2, 1, 13, 2, 2, 2, 2, 2, 1, 3, 3, 2, 1, 1, 2, 1, 4, 1, 6, 2, 1, 3, 2, 1, 1, 4, 4, 4, 11, 4, 1, 2, 2, 2, 2, 1, 1, 1, 2]","['h2', 'h2', 'h1', 'h1', 'h2', 'h2', 'h2', 'h2', 'h2', 'h2', 'h2', 'h2', 'h2', 'h2', 'h2', 'h2', 'h2', 'h2', 'h2', 'h2', 'h2', 'h2', 'h2', 'h2', 'h1', 'h2', 'h2', 'h2', 'h2', 'h2', 'h2', 'h2', 'h2', 'h2', 'h1', 'h2', 'h2', 'h1', 'h2', 'h2', 'h2', 'h2', 'h1', 'h1', 'h1', 'h2']"
sberdevices.ru,"[14, 52, 6, 4, 2, 1, 1, 4, 1, 1, 1, 1, 1, 3, 1, 1, 1, 1, 1, 1, 1, 1, 1, 1]","['h2', 'h2', 'h2', 'h1', 'h2', 'h3', 'h1', 'h2', 'h2', 'h2', 'h1', 'h1', 'h2', 'h2', 'h1', 'h2', 'h1', 'h2', 'h2', 'h1', 'h1', 'h1', 'h1', 'h1']"
t-mobile.com,"[1, 53, 9, 8, 20, 1, 1, 2, 4, 2, 3, 1, 5, 1, 2, 2, 1, 1, 2, 2, 1, 4, 2, 1, 1, 1, 2, 1, 1, 1, 1, 1, 1, 2, 1]","['h2', 'h2', 'h2', 'h2', 'h2', 'h2', 'h2', 'h2', 'h2', 'h2', 'h2', 'h2', 'h2', 'h2', 'h1', 'h1', 'h2', 'h2', 'h2', 'h2', 'h1', 'h2', 'h3', 'h2', 'h2', 'h2', 'h2', 'h1', 'h2', 'h2', 'h2', 'h2', 'h1', 'h2', 'h3']"
apache.org,"[33, 1, 2, 1]","['h2', 'h2', 'h1', 'h2']"
xiaomi.com,"[1, 1, 22, 37, 9, 1, 3, 1, 1, 1, 1, 4, 2, 3, 5, 1, 2, 2, 2, 1, 2, 1, 1, 1, 1, 2, 2, 2, 2]","['h2', 'h1', 'h2', 'h2', 'h2', 'h1', 'h2', 'h2', 'h2', 'h2', 'h2', 'h2', 'h2', 'h2', 'h2', 'h3', 'h3', 'h2', 'h2', 'h3', 'h3', 'h3', 'h2', 'h2', 'h1', 'h3', 'h2', 'h2', 'h2']"
webex.com,"[1, 2, 67, 1, 3, 2, 4, 1, 1, 2, 4, 1, 2, 1, 6, 6, 1, 4, 1, 1, 1, 1, 1, 42, 2, 1, 2, 1, 1, 1, 1, 1]","['h2', 'h1', 'h2', 'h2', 'h2', 'h2', 'h2', 'h2', 'h1', 'h1', 'h2', 'h2', 'h2', 'h2', 'h3', 'h2', 'h2', 'h2', 'h2', 'h2', 'h1', 'h1', 'h1', 'h2', 'h2', 'h2', 'h2', 'h2', 'h2', 'h2', 'h2', 'h2']"
sentry.io,"[1, 2, 2, 1, 1, 15, 22, 2, 2, 4, 4, 4, 4, 4, 4, 1, 3, 1, 1]","['h2', 'h2', 'h3', 'h2', 'h2', 'h2', 'h2', 'h2', 'h2', 'h1', 'h1', 'h1', 'h1', 'h1', 'h1', 'h3', 'h2', 'h2', 'h3']"
baidu.com,"[1, 1, 1, 1, 3, 49, 1, 3, 2, 1, 1, 1, 1, 1, 2, 1, 1, 1, 1, 2]","['h2', 'h1', 'h1', 'h1', 'h1', 'h2', 'h2', 'h1', 'h1', 'h1', 'h1', 'h1', 'h2', 'h2', 'h1', 'h1', 'h1', 'h1', 'h1', 'h2']"
tiktok.com,"[1, 1, 11, 1, 3, 12, 2, 69, 2, 1, 5, 16, 12, 1, 3, 4, 12, 1, 1, 2, 1, 11, 1, 1, 1, 2, 1]","['h2', 'h2', 'h2', 'h2', 'h2', 'h2', 'h3', 'h3', 'h2', 'h3', 'h2', 'h2', 'h2', 'h2', 'h2', 'h2', 'h2', 'h2', 'h2', 'h2', 'h2', 'h2', 'h2', 'h2', 'h2', 'h2', 'h2']"
cloudflare-dns.com,"[1, 1, 7, 1, 1, 2, 9, 8]","['h2', 'h2', 'h3', 'h2', 'h2', 'h2', 'h2', 'h2']"
t.me,"[1, 1, 38]","['h2', 'h2', 'h2']"
one.one,"[1, 1, 15, 6, 11, 11, 1, 1, 4, 1, 8, 1, 3, 2, 1, 2, 1, 1, 1, 1]","['h2', 'h2', 'h2', 'h2', 'h2', 'h2', 'h2', 'h2', 'h3', 'h2', 'h2', 'h2', 'h2', 'h2', 'h3', 'h2', 'h2', 'h2', 'h1', 'h1']"
nist.gov,"[1, 10, 3, 9, 9, 9, 8, 10, 1, 1, 1, 1, 1, 1, 1, 1, 2, 1, 4, 1, 1]","['h1', 'h1', 'h2', 'h1', 'h1', 'h1', 'h1', 'h1', 'h3', 'h1', 'h1', 'h1', 'h1', 'h1', 'h1', 'h1', 'h2', 'h2', 'h3', 'h2', 'h1']"
w3.org,[23],['h3']
pki.goog,"[3, 1, 2, 1, 2, 3, 2, 2, 2, 4, 1, 2, 1]","['h2', 'h3', 'h3', 'h2', 'h2', 'h2', 'h2', 'h2', 'h3', 'h2', 'h3', 'h2', 'h3']"
criteo.com,"[1, 78, 2, 2, 5, 1, 1, 1, 2, 2, 2, 4, 1, 2, 1, 1, 1, 2, 1, 1, 1, 2, 1, 1, 3, 1, 1, 1, 4, 1, 2, 2, 1, 1, 1, 2, 3, 4, 2, 1, 1, 2, 1, 2, 2]","['h2', 'h2', 'h2', 'h2', 'h2', 'h2', 'h2', 'h3', 'h2', 'h2', 'h2', 'h2', 'h2', 'h1', 'h3', 'h2', 'h1', 'h2', 'h2', 'h2', 'h2', 'h2', 'h2', 'h2', 'h2', 'h3', 'h3', 'h2', 'h2', 'h1', 'h2', 'h2', 'h2', 'h2', 'h1', 'h2', 'h2', 'h2', 'h2', 'h2', 'h2', 'h2', 'h1', 'h1', 'h2']"
mozilla.org,"[1, 1, 45, 2, 1, 1, 1]","['h2', 'h2', 'h2', 'h2', 'h2', 'h3', 'h2']"
lencr.org,"[1, 1, 14, 1, 2, 1, 1, 2, 1, 1, 1]","['h2', 'h2', 'h2', 'h2', 'h1', 'h2', 'h1', 'h1', 'h2', 'h2', 'h2']"
bbc.com,"[1, 3, 13, 1, 3, 5, 1, 2, 6, 5, 3, 1, 1, 1, 4, 2, 1, 1, 2, 3, 1, 2, 6, 1, 1, 2, 1, 6, 1, 1, 1, 5, 1, 1, 3, 1, 19, 8, 1, 1, 1, 2, 3, 1, 1, 1, 1, 4, 1, 1, 1, 1, 2]","['h2', 'h2', 'h3', 'h2', 'h1', 'h3', 'h2', 'h2', 'h2', 'h2', 'h2', 'h2', 'h2', 'h2', 'h2', 'h2', 'h2', 'h2', 'h2', 'h2', 'h2', 'h2', 'h2', 'h2', 'h2', 'h2', 'h3', 'h2', 'h2', 'h2', 'h1', 'h3', 'h2', 'h2', 'h2', 'h3', 'h3', 'h2', 'h2', 'h2', 'h1', 'h2', 'h2', 'h2', 'h2', 'h2', 'h2', 'h2', 'h2', 'h2', 'h2', 'h3', 'h3']"
rubiconproject.com,"[1, 1, 56, 2, 3, 1, 2, 2, 1, 1, 1, 1, 1, 4, 1, 1, 11, 1, 1, 2]","['h1', 'h2', 'h2', 'h2', 'h2', 'h2', 'h2', 'h1', 'h2', 'h2', 'h3', 'h2', 'h2', 'h2', 'h1', 'h2', 'h2', 'h2', 'h2', 'h2']"
ebay.com,"[1, 1, 1, 12, 5, 16, 1, 44, 1, 1, 38, 1, 1, 1, 2, 2, 1, 2, 2, 1, 1, 2, 1, 7, 1, 1, 2]","['h1', 'h1', 'h2', 'h2', 'h2', 'h2', 'h2', 'h2', 'h2', 'h1', 'h2', 'h3', 'h2', 'h2', 'h2', 'h2', 'h2', 'h2', 'h2', 'h1', 'h2', 'h1', 'h1', 'h2', 'h1', 'h1', 'h2']"
launchdarkly.com,"[36, 3, 8, 1, 68, 1, 1, 1, 3, 1, 1, 2, 2, 11, 8, 4, 1, 3, 1, 1, 1, 4, 1, 1, 2, 1, 1, 1, 1, 1, 1, 7, 1, 2, 3, 4, 1, 1, 2, 1, 2, 1, 1, 2, 2, 2, 12, 1, 2, 1, 2, 1]","['h2', 'h2', 'h2', 'h1', 'h2', 'h3', 'h2', 'h2', 'h2', 'h2', 'h2', 'h2', 'h2', 'h2', 'h2', 'h2', 'h2', 'h2', 'h2', 'h2', 'h2', 'h2', 'h2', 'h2', 'h1', 'h2', 'h2', 'h2', 'h2', 'h2', 'h2', 'h2', 'h2', 'h1', 'h2', 'h2', 'h1', 'h2', 'h3', 'h2', 'h2', 'h2', 'h2', 'h2', 'h1', 'h2', 'h2', 'h1', 'h3', 'h3', 'h2', 'h1']"
ubuntu.com,"[12, 49, 6, 2, 4, 2, 2, 5, 1, 3, 2, 2, 1, 4]","['h2', 'h2', 'h2', 'h2', 'h2', 'h2', 'h2', 'h3', 'h3', 'h3', 'h2', 'h2', 'h2', 'h3']"
android.com,"[1, 7, 3, 3, 3, 2, 1, 1, 2, 10, 2, 8, 1, 3, 1, 2]","['h2', 'h2', 'h3', 'h2', 'h2', 'h3', 'h3', 'h2', 'h3', 'h2', 'h2', 'h3', 'h3', 'h2', 'h3', 'h3']"
discord.com,"[42, 50, 1, 2, 7, 1, 3, 2, 1, 1, 2, 2, 3]","['h3', 'h3', 'h3', 'h2', 'h3', 'h2', 'h2', 'h2', 'h2', 'h2', 'h2', 'h2', 'h2']"
taobao.com,"[1, 1, 1, 3, 20, 26, 1, 10, 1, 4, 2, 10, 1, 1, 2, 6, 4, 2, 1, 1, 1, 2, 3, 2, 1, 1, 1, 2]","['h2', 'h2', 'h2', 'h2', 'h2', 'h2', 'h2', 'h2', 'h2', 'h2', 'h2', 'h2', 'h2', 'h1', 'h2', 'h2', 'h2', 'h1', 'h2', 'h1', 'h2', 'h2', 'h2', 'h2', 'h1', 'h2', 'h1', 'h2']"
mit.edu,"[1, 4, 4, 6, 5, 1, 1, 1, 3, 2, 2, 1, 3, 2, 4, 2, 1]","['h1', 'h1', 'h2', 'h1', 'h1', 'h2', 'h2', 'h3', 'h2', 'h1', 'h1', 'h1', 'h2', 'h2', 'h3', 'h2', 'h1']"
appsflyer.com,"[1, 44, 3, 2, 7, 1, 1, 2, 1, 1, 1, 2, 1, 1, 2, 1, 1, 1, 1, 1, 2, 2]","['h2', 'h2', 'h2', 'h2', 'h2', 'h2', 'h3', 'h2', 'h2', 'h2', 'h2', 'h2', 'h2', 'h2', 'h2', 'h2', 'h2', 'h2', 'h2', 'h2', 'h2', 'h2']"
slack.com,"[2, 16, 1, 4, 1, 29, 6, 1, 3, 1, 4, 2, 1, 1, 2, 1, 4, 8, 2, 2, 1, 1, 3, 2, 4, 1, 2, 1, 1, 2, 1, 3, 4, 3, 1, 1, 1, 1, 1, 1, 1, 2, 5, 1, 1, 6, 1, 2, 2, 1, 2, 1, 3, 11, 1, 3, 1, 2, 3, 1, 1, 1, 2, 2, 3, 2, 1, 2, 4, 2, 2, 1, 1, 7, 2, 1, 2, 1, 2, 2, 6, 3, 1, 4, 3, 2, 2, 1, 1, 1, 2, 2, 2, 1]","['h2', 'h2', 'h2', 'h2', 'h2', 'h2', 'h2', 'h2', 'h2', 'h2', 'h2', 'h2', 'h2', 'h1', 'h2', 'h3', 'h2', 'h3', 'h2', 'h2', 'h2', 'h2', 'h2', 'h3', 'h1', 'h2', 'h2', 'h2', 'h2', 'h2', 'h2', 'h3', 'h2', 'h2', 'h2', 'h3', 'h2', 'h2', 'h2', 'h2', 'h1', 'h2', 'h3', 'h2', 'h2', 'h2', 'h2', 'h2', 'h2', 'h2', 'h2', 'h1', 'h2', 'h3', 'h2', 'h2', 'h1', 'h2', 'h3', 'h2', 'h2', 'h2', 'h2', 'h2', 'h2', 'h1', 'h2', 'h2', 'h2', 'h2', 'h1', 'h2', 'h2', 'h1', 'h2', 'h2', 'h2', 'h2', 'h1', 'h2', 'h3', 'h2', 'h1', 'h2', 'h3', 'h3', 'h2', 'h2', 'h2', 'h2', 'h3', 'h1', 'h2', 'h1']"
smartadserver.com,"[1, 36, 1, 2, 1, 1, 1, 1, 1, 2, 1]","['h2', 'h2', 'h2', 'h2', 'h2', 'h3', 'h2', 'h3', 'h2', 'h1', 'h1']"
twitch.tv,"[1, 2, 3, 3, 1, 5, 5, 25, 1, 54, 5, 1, 11, 3, 21, 3, 23, 9, 2, 5, 1, 2, 1, 7, 12, 2, 7, 1, 1, 1, 1, 1, 2]","['h1', 'h1', 'h2', 'h2', 'h1', 'h2', 'h3', 'h2', 'h1', 'h3', 'h1', 'h2', 'h3', 'h1', 'h3', 'h2', 'h2', 'h2', 'h1', 'h2', 'h2', 'h1', 'h2', 'h1', 'h1', 'h1', 'h1', 'h1', 'h2', 'h2', 'h2', 'h1', 'h2']"
wildberries.ru,"[14, 8, 1, 27, 5, 1, 6, 2, 4, 6, 2, 1, 2, 2, 4, 5, 2, 2, 2, 2, 3, 1]","['h2', 'h2', 'h1', 'h3', 'h1', 'h2', 'h2', 'h1', 'h1', 'h1', 'h1', 'h1', 'h2', 'h2', 'h2', 'h2', 'h2', 'h2', 'h2', 'h2', 'h2', 'h2']"
hp.com,"[1, 44, 1, 5, 14, 3, 1, 1, 2, 2, 5, 6, 1]","['h1', 'h2', 'h1', 'h2', 'h2', 'h2', 'h2', 'h2', 'h2', 'h2', 'h2', 'h2', 'h2']"
wikimedia.org,"[15, 3]","['h2', 'h2']"
myfritz.net,"[1, 1, 1, 9, 4, 2, 2, 20, 1]","['h1', 'h2', 'h1', 'h2', 'h2', 'h2', 'h1', 'h2', 'h2']"
who.int,"[1, 6, 5, 1, 43, 1, 2, 1, 2, 3, 14, 2, 1, 2, 3, 1, 1, 2, 7, 1, 1, 1, 1, 1, 2]","['h2', 'h2', 'h2', 'h2', 'h3', 'h2', 'h2', 'h3', 'h2', 'h3', 'h3', 'h2', 'h2', 'h2', 'h2', 'h2', 'h3', 'h1', 'h1', 'h2', 'h2', 'h2', 'h2', 'h3', 'h2']"
ring.com,"[5, 14, 1, 48, 2, 1, 1, 1, 7, 6, 1, 5, 1, 4, 1, 1, 3, 2, 2, 1, 1, 2, 1]","['h1', 'h2', 'h1', 'h2', 'h2', 'h1', 'h1', 'h1', 'h2', 'h2', 'h2', 'h2', 'h2', 'h2', 'h1', 'h1', 'h2', 'h2', 'h2', 'h1', 'h2', 'h2', 'h2']"
adriver.ru,"[1, 12, 3, 9, 11, 9, 11, 1, 2, 5, 1, 1, 5, 1, 1, 2, 6, 1, 1, 1, 1, 2, 1, 2, 3]","['h1', 'h1', 'h1', 'h1', 'h1', 'h1', 'h1', 'h3', 'h3', 'h1', 'h2', 'h2', 'h1', 'h2', 'h2', 'h1', 'h2', 'h1', 'h1', 'h1', 'h1', 'h1', 'h1', 'h2', 'h3']"
mzstatic.com,"[1, 41, 2, 1, 10, 2]","['h1', 'h2', 'h2', 'h2', 'h2', 'h2']"
taboola.com,"[1, 38, 1, 4, 6, 1, 4, 2, 1, 2, 2, 4, 2, 1]","['h2', 'h2', 'h2', 'h3', 'h1', 'h3', 'h2', 'h2', 'h2', 'h3', 'h2', 'h2', 'h3', 'h2']"
issuu.com,"[6, 33, 3, 5, 4, 1, 2, 2, 3, 1, 2, 1, 1, 1, 1, 3, 3, 2, 2, 1]","['h2', 'h2', 'h2', 'h2', 'h3', 'h2', 'h2', 'h2', 'h2', 'h3', 'h2', 'h2', 'h2', 'h2', 'h2', 'h3', 'h2', 'h2', 'h2', 'h1']"
doubleverify.com,"[1, 1, 48, 1, 2, 2, 1, 1, 1, 1, 1]","['h1', 'h1', 'h2', 'h2', 'h2', 'h2', 'h2', 'h2', 'h2', 'h2', 'h2']"
scorecardresearch.com,"[1, 2, 1, 3, 3, 3, 4, 4, 2, 1]","['h1', 'h1', 'h1', 'h2', 'h1', 'h1', 'h2', 'h3', 'h2', 'h3']"
cisco.com,"[1, 54, 1, 3, 1, 4, 6, 2, 1, 1, 1, 1, 1, 1, 2, 1, 2, 2, 2, 2]","['h1', 'h2', 'h2', 'h2', 'h2', 'h2', 'h2', 'h2', 'h2', 'h1', 'h1', 'h2', 'h1', 'h1', 'h1', 'h2', 'h1', 'h2', 'h2', 'h2']"
booking.com,"[163, 89, 67, 2, 3, 1, 2, 3, 1, 2, 1, 1, 1, 1, 2, 2, 2, 5, 2, 1, 1, 2, 1, 1, 2, 1, 7, 2, 6, 9, 1, 2, 1, 3, 7, 2, 2, 3, 6, 1, 1, 1, 1]","['h2', 'h2', 'h2', 'h2', 'h3', 'h2', 'h2', 'h2', 'h2', 'h2', 'h2', 'h2', 'h3', 'h2', 'h2', 'h2', 'h3', 'h2', 'h2', 'h2', 'h2', 'h2', 'h3', 'h2', 'h3', 'h3', 'h3', 'h2', 'h2', 'h3', 'h2', 'h2', 'h2', 'h2', 'h3', 'h3', 'h2', 'h3', 'h3', 'h3', 'h2', 'h2', 'h2']"
elisa.fi,"[13, 6, 4, 8, 15, 1, 2, 1, 1, 2, 1, 1, 1, 1, 1, 1, 1, 1, 3, 1]","['h2', 'h2', 'h2', 'h2', 'h2', 'h2', 'h2', 'h2', 'h2', 'h2', 'h2', 'h2', 'h2', 'h2', 'h2', 'h2', 'h1', 'h3', 'h1', 'h2']"
creativecommons.org,"[30, 1, 1, 1, 73, 1, 1, 2, 3]","['h2', 'h2', 'h2', 'h1', 'h3', 'h2', 'h2', 'h2', 'h3']"
salesforce.com,"[1, 20, 25, 13, 2, 8, 1, 1, 2, 1, 1, 1, 1, 20, 2, 3, 1, 1, 3, 3, 2, 1, 4, 2, 3, 3, 3, 2, 4, 1, 1, 2, 1, 6, 1, 1, 4, 2, 5, 4, 2, 2, 1, 1, 1, 1, 13, 2, 4, 4, 3, 1, 2, 1, 3, 4, 10, 2, 6, 2, 5, 1, 1, 1, 1, 4, 1, 1, 1]","['h1', 'h2', 'h2', 'h2', 'h2', 'h2', 'h2', 'h2', 'h1', 'h2', 'h2', 'h2', 'h2', 'h2', 'h2', 'h2', 'h2', 'h2', 'h1', 'h1', 'h2', 'h3', 'h2', 'h2', 'h2', 'h2', 'h2', 'h2', 'h1', 'h2', 'h2', 'h2', 'h1', 'h2', 'h2', 'h1', 'h2', 'h2', 'h2', 'h2', 'h2', 'h2', 'h2', 'h2', 'h2', 'h2', 'h3', 'h3', 'h2', 'h2', 'h3', 'h3', 'h2', 'h2', 'h3', 'h2', 'h2', 'h2', 'h2', 'h2', 'h2', 'h2', 'h1', 'h1', 'h1', 'h2', 'h1', 'h1', 'h1']"
kaspersky.com,"[1, 54, 18, 4, 2, 1, 3, 2, 1, 2, 1, 1, 8, 3, 2, 1, 5, 1, 1, 5, 2, 1, 1, 1, 2, 2, 1, 3, 1, 1, 2, 2, 3, 2, 1, 1, 2, 4, 1, 1, 1, 1, 1, 1, 2, 3, 2, 2, 1, 2, 4]","['h2', 'h2', 'h2', 'h2', 'h2', 'h2', 'h2', 'h1', 'h2', 'h2', 'h2', 'h1', 'h2', 'h1', 'h2', 'h2', 'h2', 'h2', 'h2', 'h2', 'h2', 'h2', 'h2', 'h2', 'h2', 'h3', 'h3', 'h2', 'h2', 'h2', 'h2', 'h3', 'h2', 'h3', 'h3', 'h2', 'h3', 'h2', 'h2', 'h3', 'h2', 'h2', 'h2', 'h2', 'h2', 'h2', 'h2', 'h2', 'h2', 'h2', 'h1']"
digitalocean.com,"[39, 1, 3, 3, 1, 1, 3, 1, 2, 2, 3, 2]","['h2', 'h2', 'h2', 'h2', 'h2', 'h2', 'h2', 'h2', 'h2', 'h2', 'h2', 'h2']"
sciencedirect.com,"[9, 11, 3, 2, 4, 1, 1, 6, 1, 3, 1]","['h2', 'h2', 'h2', 'h2', 'h2', 'h2', 'h2', 'h2', 'h2', 'h1', 'h2']"
amazonvideo.com,"[1, 3, 14, 1, 7, 13, 2, 1, 2]","['h2', 'h2', 'h2', 'h2', 'h3', 'h2', 'h1', 'h2', 'h1']"
hubspot.com,"[1, 15, 50, 8, 9, 3, 6, 17, 4, 2, 1, 2, 2, 4, 1, 1, 1, 1, 1, 1, 1, 1, 1, 5, 1, 2, 3, 1, 2, 2, 2]","['h2', 'h2', 'h3', 'h2', 'h3', 'h2', 'h2', 'h2', 'h2', 'h2', 'h2', 'h2', 'h2', 'h2', 'h2', 'h2', 'h2', 'h2', 'h2', 'h2', 'h3', 'h2', 'h3', 'h2', 'h2', 'h2', 'h1', 'h2', 'h2', 'h1', 'h2']"
netangels.ru,"[72, 21, 4, 1, 2, 2, 10, 1, 3, 2, 1, 2, 2, 2, 1, 1, 1, 3]","['h2', 'h2', 'h2', 'h2', 'h2', 'h2', 'h2', 'h3', 'h2', 'h3', 'h3', 'h2', 'h2', 'h2', 'h3', 'h3', 'h2', 'h3']"
canva.com,"[56, 18, 1, 2, 3, 1]","['h2', 'h2', 'h2', 'h2', 'h2', 'h2']"
oracle.com,"[1, 51, 6, 1, 1, 1, 1, 2, 2, 1, 1, 3, 2, 2, 1, 2, 1, 1, 1, 1]","['h1', 'h2', 'h2', 'h2', 'h2', 'h2', 'h2', 'h2', 'h2', 'h2', 'h2', 'h2', 'h2', 'h1', 'h1', 'h2', 'h1', 'h1', 'h1', 'h1']"
www.gov.uk,"[7, 18, 1]","['h2', 'h3', 'h2']"
harvard.edu,"[1, 58, 1, 2, 1, 3, 1, 3, 2, 2, 2, 1, 2, 3, 1, 3, 1, 1, 1, 1, 2, 1, 1, 1, 2, 2, 11]","['h1', 'h2', 'h1', 'h2', 'h2', 'h2', 'h2', 'h2', 'h2', 'h2', 'h2', 'h2', 'h3', 'h2', 'h1', 'h2', 'h2', 'h2', 'h2', 'h2', 'h3', 'h3', 'h2', 'h2', 'h2', 'h2', 'h3']"
ea.com,"[1, 13, 1, 1, 1, 17, 1, 65, 1, 4, 2, 2, 2, 1, 1, 1, 1, 2, 11, 1, 1, 2, 1, 10, 2, 6, 6, 1, 1, 2, 1, 2, 2, 1, 1, 1, 4, 2, 1, 1, 3]","['h2', 'h2', 'h3', 'h2', 'h2', 'h2', 'h2', 'h2', 'h1', 'h2', 'h2', 'h2', 'h3', 'h1', 'h2', 'h2', 'h2', 'h2', 'h2', 'h3', 'h2', 'h2', 'h2', 'h2', 'h2', 'h2', 'h2', 'h3', 'h2', 'h2', 'h3', 'h2', 'h2', 'h2', 'h2', 'h3', 'h2', 'h2', 'h2', 'h2', 'h1']"
washingtonpost.com,"[1, 169, 1, 1, 1, 2, 6, 1, 3, 1, 7, 1, 2, 3, 1, 3, 7, 2, 2, 2, 2, 1, 2, 1, 1, 3, 1, 3, 3, 1, 8, 1, 1, 2, 1, 3, 3, 2, 1, 4, 1, 1, 4, 1, 1, 2, 1, 2, 2, 2, 2, 1, 1, 3, 3, 2, 1, 2, 2, 2]","['h2', 'h2', 'h2', 'h2', 'h2', 'h2', 'h2', 'h2', 'h2', 'h2', 'h2', 'h1', 'h1', 'h2', 'h2', 'h2', 'h2', 'h2', 'h2', 'h2', 'h3', 'h2', 'h2', 'h3', 'h2', 'h2', 'h2', 'h2', 'h2', 'h2', 'h3', 'h2', 'h2', 'h2', 'h2', 'h2', 'h2', 'h2', 'h2', 'h2', 'h2', 'h2', 'h2', 'h2', 'h3', 'h2', 'h2', 'h2', 'h2', 'h2', 'h2', 'h2', 'h2', 'h3', 'h2', 'h2', 'h2', 'h2', 'h1', 'h2']"
weebly.com,"[24, 4, 11, 6, 1, 1, 4, 2, 5, 3, 1, 1, 3, 2, 4, 6, 1, 6, 2, 2, 1, 1, 4, 1, 6, 1, 3, 2, 5, 3, 4, 2, 2, 2]","['h2', 'h2', 'h3', 'h3', 'h2', 'h2', 'h2', 'h2', 'h2', 'h3', 'h2', 'h3', 'h2', 'h2', 'h2', 'h2', 'h2', 'h2', 'h2', 'h2', 'h2', 'h1', 'h2', 'h2', 'h3', 'h2', 'h3', 'h2', 'h3', 'h3', 'h2', 'h1', 'h2', 'h2']"
crashlytics.com,"[1, 2, 3, 2, 8, 45, 5, 2, 2, 3, 1, 3, 2, 1, 1, 2, 1, 9]","['h2', 'h2', 'h2', 'h2', 'h3', 'h3', 'h2', 'h2', 'h2', 'h2', 'h3', 'h3', 'h2', 'h2', 'h2', 'h2', 'h3', 'h3']"
php.net,"[1, 23, 1, 1, 1, 1]","['h2', 'h2', 'h2', 'h1', 'h2', 'h2']"
sharethrough.com,"[2, 2, 1, 38, 3, 14, 4, 1, 1, 6, 1, 1, 2, 1, 9, 2, 1, 1, 1, 1, 1, 1, 2, 1, 1, 1, 1]","['h2', 'h2', 'h2', 'h3', 'h3', 'h2', 'h2', 'h2', 'h3', 'h2', 'h2', 'h2', 'h1', 'h1', 'h3', 'h2', 'h2', 'h2', 'h3', 'h2', 'h2', 'h2', 'h2', 'h2', 'h2', 'h2', 'h2']"
slideshare.net,"[1, 4, 9, 17, 1, 81, 1, 1, 3, 2, 4, 3, 1, 2, 1]","['h2', 'h2', 'h2', 'h2', 'h2', 'h3', 'h2', 'h2', 'h3', 'h2', 'h3', 'h2', 'h3', 'h2', 'h3']"
go.com,"[1, 1, 8, 4, 5, 7, 1, 2, 4, 1, 2, 6, 4, 1, 1, 2, 10, 1, 5]","['h2', 'h2', 'h2', 'h2', 'h2', 'h3', 'h2', 'h2', 'h2', 'h2', 'h2', 'h2', 'h2', 'h2', 'h2', 'h2', 'h2', 'h2', 'h1']"
indeed.com,"[1, 20, 5, 4, 1, 90, 1, 10, 3, 2, 8, 1]","['h3', 'h3', 'h2', 'h2', 'h2', 'h3', 'h2', 'h3', 'h3', 'h1', 'h3', 'h2']"
3lift.com,"[1, 29, 2, 2, 2, 2, 3, 1, 1, 4, 9, 2, 2, 2, 1, 1, 3, 1, 1, 1, 2, 2, 1, 4, 2, 2, 1, 1]","['h2', 'h2', 'h3', 'h3', 'h2', 'h2', 'h3', 'h2', 'h2', 'h3', 'h2', 'h2', 'h3', 'h2', 'h2', 'h1', 'h2', 'h3', 'h3', 'h2', 'h2', 'h3', 'h2', 'h2', 'h2', 'h2', 'h2', 'h2']"
dnsmadeeasy.com,"[2, 11, 1, 36, 1, 1, 7, 2, 4, 1, 2, 3, 1, 1, 5, 2, 1, 1, 2, 2, 6, 1, 2, 2, 1, 1, 3, 1, 1, 7, 16, 1, 1, 1, 5, 1, 3, 2, 1, 1, 1, 1, 1, 2]","['h2', 'h2', 'h2', 'h2', 'h2', 'h2', 'h2', 'h2', 'h2', 'h2', 'h2', 'h2', 'h2', 'h3', 'h2', 'h3', 'h3', 'h1', 'h1', 'h2', 'h2', 'h1', 'h2', 'h2', 'h2', 'h2', 'h1', 'h3', 'h1', 'h2', 'h2', 'h3', 'h3', 'h2', 'h1', 'h1', 'h2', 'h2', 'h2', 'h3', 'h2', 'h2', 'h2', 'h2']"
stripe.com,"[5, 1, 98, 24, 2, 1, 1, 7, 2, 8, 1, 9, 1, 3, 1, 1, 2, 1, 1, 1, 1, 3, 2, 1, 1, 5, 2]","['h2', 'h1', 'h2', 'h2', 'h2', 'h2', 'h2', 'h2', 'h2', 'h2', 'h3', 'h2', 'h2', 'h3', 'h1', 'h2', 'h2', 'h1', 'h2', 'h1', 'h2', 'h3', 'h2', 'h2', 'h3', 'h2', 'h3']"
nasa.gov,"[1, 39, 1, 1, 9, 1, 1, 1, 2, 2, 1, 2, 1, 1, 1, 1, 2]","['h1', 'h2', 'h1', 'h2', 'h2', 'h2', 'h2', 'h2', 'h2', 'h2', 'h2', 'h1', 'h2', 'h2', 'h1', 'h1', 'h2']"
avast.com,"[1, 2, 4, 58, 5, 5, 3, 1, 1, 2, 4, 3, 1, 3, 1, 1, 1, 1, 2, 1, 1, 1, 4, 1, 2, 2, 1, 1, 1, 1, 1, 1, 2, 2, 1, 1, 1, 1, 4, 4, 2]","['h1', 'h2', 'h2', 'h2', 'h2', 'h2', 'h2', 'h2', 'h2', 'h2', 'h2', 'h2', 'h2', 'h2', 'h1', 'h2', 'h1', 'h3', 'h2', 'h3', 'h3', 'h2', 'h2', 'h2', 'h2', 'h2', 'h2', 'h2', 'h2', 'h2', 'h2', 'h2', 'h2', 'h2', 'h3', 'h2', 'h3', 'h2', 'h2', 'h2', 'h2']"
vungle.com,"[1, 1, 5, 1, 37, 1, 2, 1]","['h2', 'h2', 'h2', 'h2', 'h3', 'h2', 'h2', 'h2']"
linktr.ee,"[7, 5, 1, 7, 31, 8, 2, 2, 6, 4, 1, 1, 1, 7, 10, 3, 3, 5, 1, 1, 2, 1, 7, 1, 2, 3, 2, 1, 1, 1, 15, 3, 1, 1, 1, 2, 1, 4, 1, 1, 2, 2, 1, 1]","['h2', 'h2', 'h2', 'h2', 'h2', 'h2', 'h2', 'h2', 'h2', 'h2', 'h2', 'h2', 'h2', 'h2', 'h3', 'h2', 'h2', 'h2', 'h2', 'h2', 'h2', 'h2', 'h2', 'h1', 'h2', 'h2', 'h2', 'h1', 'h2', 'h2', 'h1', 'h2', 'h3', 'h2', 'h2', 'h2', 'h1', 'h2', 'h2', 'h3', 'h2', 'h2', 'h1', 'h1']"
cdc.gov,"[1, 53, 3, 1, 1, 1, 1, 2, 1, 2, 1, 1, 1]","['h1', 'h2', 'h2', 'h2', 'h2', 'h1', 'h2', 'h1', 'h2', 'h2', 'h2', 'h1', 'h3']"
1c.ru,"[33, 6, 10, 2, 1]","['h2', 'h2', 'h2', 'h2', 'h2']"
f5.com,"[1, 1, 1, 30, 3, 1, 2, 1, 1, 1, 1, 1, 2, 1, 1, 2, 1, 1]","['h1', 'h1', 'h1', 'h2', 'h2', 'h2', 'h2', 'h2', 'h2', 'h2', 'h2', 'h2', 'h2', 'h2', 'h2', 'h2', 'h2', 'h2']"
sohu.com,"[1, 2, 5, 6, 84, 1, 3, 54, 3, 2, 1, 1, 1, 1, 1, 12, 10, 4, 2, 1, 1, 10, 1, 1, 2, 1, 1, 2, 1, 6, 3, 2, 6, 3, 7, 2, 12, 3, 6, 3, 1, 4, 1, 8, 2, 4, 3, 4, 1, 2, 3, 4, 2, 1, 2, 1, 2, 2, 2, 1, 2, 2, 1, 2, 14, 1, 4]","['h2', 'h1', 'h1', 'h1', 'h2', 'h1', 'h1', 'h2', 'h2', 'h2', 'h1', 'h1', 'h1', 'h1', 'h2', 'h1', 'h1', 'h1', 'h1', 'h1', 'h2', 'h2', 'h2', 'h2', 'h1', 'h1', 'h1', 'h1', 'h1', 'h1', 'h1', 'h2', 'h1', 'h1', 'h1', 'h2', 'h2', 'h1', 'h1', 'h2', 'h2', 'h2', 'h1', 'h2', 'h2', 'h1', 'h1', 'h1', 'h1', 'h1', 'h1', 'h1', 'h1', 'h1', 'h1', 'h1', 'h1', 'h1', 'h1', 'h1', 'h1', 'h2', 'h1', 'h2', 'h2', 'h2', 'h2']"
springer.com,"[1, 2, 6, 1, 1, 1, 1, 1, 1, 1, 1, 2, 1]","['h2', 'h2', 'h3', 'h2', 'h1', 'h1', 'h1', 'h1', 'h1', 'h1', 'h3', 'h2', 'h2']"
wiley.com,"[1, 78, 1, 1, 1, 3, 1, 12, 1, 2, 1, 1, 3, 4, 1, 2, 2, 1, 7, 1, 2, 2, 4, 1, 1, 1, 1, 9, 1, 7, 1, 4, 1, 1, 2, 5, 1, 1, 1, 7, 1, 1, 7, 2, 1, 1, 2, 2, 2, 2, 1, 2, 1, 1, 2]","['h1', 'h3', 'h2', 'h2', 'h2', 'h2', 'h3', 'h2', 'h2', 'h2', 'h2', 'h2', 'h2', 'h2', 'h2', 'h2', 'h2', 'h1', 'h2', 'h1', 'h2', 'h2', 'h2', 'h2', 'h2', 'h2', 'h2', 'h1', 'h2', 'h2', 'h2', 'h2', 'h2', 'h1', 'h2', 'h3', 'h2', 'h2', 'h1', 'h3', 'h2', 'h2', 'h3', 'h2', 'h2', 'h1', 'h2', 'h2', 'h2', 'h2', 'h2', 'h2', 'h1', 'h2', 'h2']"
opendns.com,"[1, 2, 3, 12, 1, 1, 1, 3, 4, 6, 1, 1, 1, 1, 1, 1, 1, 2, 2, 7, 1, 2, 1, 1, 1, 1, 2]","['h1', 'h1', 'h2', 'h2', 'h3', 'h2', 'h1', 'h1', 'h2', 'h2', 'h1', 'h1', 'h1', 'h1', 'h1', 'h2', 'h3', 'h2', 'h2', 'h2', 'h2', 'h1', 'h2', 'h1', 'h2', 'h2', 'h2']"
nature.com,"[1, 3, 2, 1, 11, 3, 19, 1, 4, 1, 1, 1, 8, 1, 2, 1, 2, 2, 1]","['h2', 'h2', 'h2', 'h3', 'h3', 'h2', 'h3', 'h2', 'h2', 'h2', 'h2', 'h2', 'h3', 'h2', 'h3', 'h2', 'h2', 'h2', 'h3']"
outbrain.com,"[1, 6, 9, 7, 9, 7, 3, 2, 3, 2, 3, 2, 2, 1, 1, 3, 1, 1, 1, 1, 1, 3, 1, 2, 4, 1, 10, 1, 7, 4, 9, 4, 4, 1, 1, 1, 1, 1, 7, 1, 1, 1, 1, 1, 2, 2, 2, 2, 1, 2]","['h1', 'h1', 'h1', 'h1', 'h1', 'h1', 'h2', 'h2', 'h1', 'h2', 'h2', 'h2', 'h2', 'h1', 'h1', 'h2', 'h2', 'h2', 'h3', 'h2', 'h1', 'h2', 'h2', 'h2', 'h2', 'h3', 'h2', 'h3', 'h1', 'h2', 'h2', 'h2', 'h2', 'h2', 'h2', 'h2', 'h1', 'h2', 'h2', 'h1', 'h1', 'h1', 'h1', 'h2', 'h2', 'h1', 'h2', 'h2', 'h1', 'h2']"
bloomberg.com,"[1, 51, 23, 83, 5, 3, 9, 1, 1, 2, 2, 2, 2, 3, 1, 5, 1, 1, 1, 116, 1, 1, 3, 3, 1, 1, 2, 5, 2, 1, 1, 1, 1, 2, 1, 2, 5, 1, 5, 2, 2, 1, 4, 1, 1, 1, 2, 2, 1, 3, 4, 3, 1, 4, 1, 1, 4, 1, 1, 1, 2, 3, 1, 2, 2, 1, 1, 3, 2, 2, 1, 5, 7, 2, 1, 1, 1, 2, 1, 5, 1, 3, 2, 1, 2, 2, 2, 3, 1, 1, 1]","['h2', 'h2', 'h2', 'h2', 'h3', 'h2', 'h2', 'h2', 'h2', 'h2', 'h2', 'h1', 'h1', 'h2', 'h2', 'h3', 'h3', 'h2', 'h2', 'h2', 'h3', 'h2', 'h2', 'h2', 'h1', 'h2', 'h2', 'h2', 'h2', 'h2', 'h2', 'h2', 'h2', 'h2', 'h2', 'h2', 'h3', 'h2', 'h3', 'h1', 'h2', 'h2', 'h2', 'h2', 'h2', 'h2', 'h2', 'h2', 'h2', 'h2', 'h2', 'h2', 'h1', 'h2', 'h3', 'h1', 'h1', 'h2', 'h3', 'h3', 'h2', 'h2', 'h3', 'h2', 'h2', 'h2', 'h2', 'h2', 'h2', 'h2', 'h1', 'h2', 'h3', 'h2', 'h1', 'h2', 'h2', 'h2', 'h2', 'h1', 'h2', 'h1', 'h2', 'h3', 'h3', 'h1', 'h1', 'h3', 'h1', 'h1', 'h1']"
media.net,"[2, 3, 28, 2, 1, 2, 1, 4, 2, 2, 4, 4, 3, 4, 1, 4, 1, 1, 3, 2, 1, 1]","['h2', 'h2', 'h2', 'h2', 'h3', 'h2', 'h2', 'h2', 'h2', 'h3', 'h2', 'h2', 'h2', 'h3', 'h2', 'h3', 'h2', 'h2', 'h2', 'h2', 'h1', 'h3']"
drom.ru,"[1, 2, 1, 53, 24, 3, 1, 1, 1, 2, 2, 2, 1, 1, 2, 1, 1, 3, 1]","['h1', 'h1', 'h2', 'h2', 'h2', 'h2', 'h3', 'h2', 'h2', 'h1', 'h1', 'h2', 'h2', 'h3', 'h2', 'h2', 'h1', 'h2', 'h2']"
dailymotion.com,"[1, 1, 2, 2, 2, 4, 1, 20, 5, 4, 6, 1, 6, 4, 2, 1, 1, 3, 2, 1, 1, 1, 1, 1, 1, 5, 5, 1, 2, 1]","['h1', 'h1', 'h1', 'h1', 'h2', 'h2', 'h1', 'h2', 'h1', 'h1', 'h2', 'h2', 'h1', 'h1', 'h1', 'h2', 'h1', 'h2', 'h2', 'h3', 'h3', 'h2', 'h2', 'h2', 'h2', 'h1', 'h1', 'h1', 'h2', 'h2']"
arubanetworks.com,"[1, 1, 30, 1, 2, 1, 1, 2, 1, 2, 2, 1, 2, 1, 5, 1, 36, 1, 1, 1, 1, 4, 1, 18, 1, 2, 1, 2, 1, 1, 1, 2, 4, 1, 2, 2, 1]","['h1', 'h1', 'h2', 'h2', 'h2', 'h2', 'h2', 'h2', 'h2', 'h2', 'h1', 'h2', 'h2', 'h3', 'h2', 'h1', 'h2', 'h3', 'h2', 'h2', 'h2', 'h2', 'h3', 'h2', 'h3', 'h2', 'h2', 'h2', 'h2', 'h1', 'h3', 'h2', 'h1', 'h2', 'h3', 'h2', 'h2']"
adsrvr.org,"[7, 2]","['h2', 'h2']"
steampowered.com,"[1, 3, 7, 6, 11, 7, 8, 10, 3, 74, 1, 1, 2, 2, 1, 1, 1, 1, 1, 1]","['h1', 'h1', 'h1', 'h1', 'h1', 'h1', 'h1', 'h1', 'h1', 'h2', 'h1', 'h1', 'h2', 'h1', 'h1', 'h1', 'h1', 'h1', 'h1', 'h1']"
businessinsider.com,"[1, 26, 1, 1, 2, 1, 1, 3, 2, 1, 2, 1, 2, 1, 3, 1, 2, 1, 2, 1, 2, 2, 1, 1, 4, 2, 8, 1, 2, 2, 1, 4, 4, 2, 1, 1, 1, 1, 1, 2, 1, 2, 2, 1, 1, 1, 2, 1, 1, 1, 2, 1, 2, 2, 1, 1, 4, 2, 1, 1, 1, 1, 1, 2, 1, 3, 1, 1, 2, 1, 1, 1, 1, 1, 1, 1, 3, 2, 1, 1, 2, 1, 1]","['h2', 'h2', 'h2', 'h2', 'h3', 'h3', 'h2', 'h3', 'h2', 'h2', 'h2', 'h3', 'h2', 'h3', 'h3', 'h2', 'h2', 'h2', 'h1', 'h2', 'h2', 'h2', 'h3', 'h2', 'h2', 'h2', 'h2', 'h2', 'h2', 'h2', 'h2', 'h2', 'h2', 'h1', 'h2', 'h1', 'h2', 'h2', 'h2', 'h3', 'h2', 'h1', 'h2', 'h3', 'h2', 'h2', 'h2', 'h2', 'h2', 'h2', 'h2', 'h2', 'h2', 'h2', 'h1', 'h2', 'h2', 'h2', 'h2', 'h2', 'h2', 'h2', 'h2', 'h2', 'h3', 'h2', 'h2', 'h2', 'h2', 'h2', 'h1', 'h2', 'h1', 'h2', 'h1', 'h2', 'h3', 'h1', 'h2', 'h3', 'h1', 'h2', 'h1']"
un.org,"[1, 12, 1, 1, 1, 2, 2, 2, 5]","['h1', 'h2', 'h3', 'h2', 'h2', 'h2', 'h2', 'h2', 'h3']"
pubmatic.com,"[32, 3, 1, 2, 1, 1, 1, 17, 2, 1, 1, 1, 2, 7, 1, 1, 4, 1, 1, 3, 2, 1]","['h2', 'h2', 'h3', 'h2', 'h2', 'h1', 'h2', 'h3', 'h2', 'h2', 'h2', 'h2', 'h2', 'h2', 'h3', 'h2', 'h2', 'h2', 'h3', 'h2', 'h1', 'h1']"
mts.ru,"[1, 7, 3, 1, 3, 3, 2, 2, 3, 2, 1, 2, 11, 8, 11, 11, 13, 1, 1, 1, 1, 5, 1, 3, 8, 2, 26, 1, 1, 1, 5, 1, 1, 1, 1, 2, 2, 5, 1, 1, 1, 1, 1, 3]","['h1', 'h1', 'h1', 'h1', 'h1', 'h1', 'h1', 'h1', 'h1', 'h1', 'h1', 'h1', 'h1', 'h1', 'h1', 'h1', 'h1', 'h2', 'h1', 'h1', 'h2', 'h2', 'h2', 'h2', 'h2', 'h2', 'h2', 'h2', 'h2', 'h2', 'h2', 'h2', 'h1', 'h1', 'h2', 'h1', 'h2', 'h1', 'h2', 'h1', 'h2', 'h2', 'h2', 'h2']"
branch.io,"[2, 7, 40, 1, 1, 1, 1, 3, 1, 4, 6, 1, 1, 1]","['h1', 'h2', 'h3', 'h2', 'h2', 'h2', 'h2', 'h2', 'h2', 'h2', 'h2', 'h1', 'h2', 'h2']"
weather.com,"[103, 1, 36, 1, 1, 2, 2, 13, 1, 5, 1, 1, 1, 1, 6, 6, 4, 4, 1, 1, 1, 2, 1, 1, 1, 1, 2, 3, 1, 3, 4, 8, 2, 1, 1, 2, 2, 1, 2, 1, 4, 4, 1, 2, 4, 4, 4, 2, 7, 50, 1, 5, 2, 2, 2, 17, 2, 5, 2, 1, 4, 2, 1, 2, 2, 2, 2, 2, 2, 1, 3, 2, 1, 3, 1, 1, 1, 1, 1, 31, 1, 1, 2, 11, 3, 3, 2, 12, 2, 2, 2, 4, 1, 1, 1, 1, 1, 2, 1, 3, 2, 10, 1, 1, 1, 4, 1, 4, 2, 2, 1, 2, 1, 1, 2, 2, 2, 2, 4]","['h2', 'h2', 'h3', 'h3', 'h2', 'h2', 'h3', 'h2', 'h2', 'h3', 'h2', 'h2', 'h2', 'h1', 'h3', 'h2', 'h2', 'h2', 'h2', 'h2', 'h2', 'h2', 'h2', 'h2', 'h2', 'h2', 'h2', 'h2', 'h2', 'h2', 'h2', 'h2', 'h2', 'h3', 'h2', 'h2', 'h2', 'h2', 'h2', 'h1', 'h2', 'h2', 'h2', 'h2', 'h2', 'h2', 'h2', 'h1', 'h2', 'h3', 'h2', 'h3', 'h2', 'h2', 'h1', 'h2', 'h3', 'h2', 'h2', 'h3', 'h3', 'h1', 'h3', 'h2', 'h2', 'h2', 'h2', 'h2', 'h2', 'h1', 'h2', 'h3', 'h1', 'h2', 'h1', 'h1', 'h1', 'h1', 'h1', 'h2', 'h2', 'h1', 'h2', 'h2', 'h2', 'h1', 'h2', 'h2', 'h2', 'h1', 'h2', 'h2', 'h2', 'h1', 'h1', 'h1', 'h1', 'h1', 'h2', 'h2', 'h2', 'h2', 'h1', 'h2', 'h2', 'h2', 'h2', 'h2', 'h2', 'h2', 'h2', 'h1', 'h1', 'h1', 'h2', 'h2', 'h2', 'h2', 'h2']"
lijit.com,[11],['h2']
mcafee.com,"[1, 12, 52, 1, 1, 3, 2, 1, 2, 2, 1, 1, 1, 6, 9, 2, 2, 22, 1, 1, 4, 1, 1, 1, 3, 1, 1, 2, 2, 1, 1, 2, 3, 1, 2, 1, 3, 1, 3, 1, 1, 1, 1, 2, 1, 1, 1]","['h2', 'h2', 'h2', 'h2', 'h2', 'h2', 'h2', 'h2', 'h2', 'h2', 'h3', 'h1', 'h2', 'h2', 'h2', 'h1', 'h1', 'h2', 'h1', 'h1', 'h2', 'h2', 'h2', 'h2', 'h2', 'h2', 'h1', 'h1', 'h1', 'h2', 'h2', 'h2', 'h2', 'h2', 'h1', 'h2', 'h2', 'h2', 'h2', 'h2', 'h2', 'h2', 'h2', 'h3', 'h3', 'h2', 'h2']"
doi.org,"[1, 14, 2, 2, 1, 1, 1, 1, 2, 1, 2]","['h3', 'h2', 'h2', 'h2', 'h2', 'h3', 'h2', 'h2', 'h3', 'h2', 'h2']"
grammarly.com,"[2, 3, 46, 3, 4, 1, 2, 3, 3, 6, 2, 1]","['h2', 'h2', 'h2', 'h2', 'h2', 'h2', 'h2', 'h2', 'h2', 'h2', 'h2', 'h3']"
g.page,"[1, 1, 4, 1, 7, 2, 10, 13, 2, 1, 1, 1, 1, 1]","['h2', 'h2', 'h3', 'h2', 'h2', 'h2', 'h2', 'h3', 'h2', 'h3', 'h3', 'h2', 'h2', 'h2']"
verisign.com,"[1, 3, 7, 3, 3, 6, 2, 2, 1]","['h1', 'h1', 'h1', 'h1', 'h1', 'h1', 'h1', 'h2', 'h2']"
att.net,"[1, 1, 1, 9, 39, 10, 58, 2, 18, 1, 22, 3, 1, 2, 1, 1, 3, 12, 3, 3, 11, 1, 1, 2, 4, 2, 10, 2, 2, 2, 3, 2, 2, 5, 2, 2, 7, 1, 5, 1, 4, 1, 9, 4, 4, 2, 1, 1, 3, 1, 4, 4, 4, 1, 3, 2, 3, 2, 2, 1, 2, 2, 1, 6, 2, 1, 1, 3, 3, 1, 2, 3, 1, 4, 4, 1, 3, 5, 1, 1, 2, 1, 1, 3, 2, 2, 4, 4, 10, 2, 2, 1, 1, 1, 1, 2, 1, 1, 2, 3, 2, 1, 1, 1, 1, 2, 1, 1, 2, 2, 5, 1, 1, 3, 2, 2, 2, 1, 1, 3, 2, 3, 1, 2, 2, 1, 2, 2, 4, 2, 1, 1, 1, 1, 3, 2]","['h1', 'h1', 'h1', 'h2', 'h2', 'h2', 'h2', 'h2', 'h2', 'h1', 'h2', 'h2', 'h2', 'h2', 'h2', 'h2', 'h3', 'h2', 'h2', 'h2', 'h2', 'h2', 'h2', 'h2', 'h2', 'h2', 'h2', 'h2', 'h2', 'h2', 'h3', 'h2', 'h2', 'h2', 'h2', 'h2', 'h3', 'h2', 'h2', 'h2', 'h2', 'h2', 'h3', 'h3', 'h3', 'h2', 'h2', 'h2', 'h2', 'h2', 'h3', 'h2', 'h2', 'h2', 'h2', 'h1', 'h2', 'h1', 'h2', 'h2', 'h2', 'h1', 'h2', 'h2', 'h2', 'h1', 'h2', 'h2', 'h2', 'h2', 'h1', 'h2', 'h2', 'h2', 'h2', 'h2', 'h2', 'h2', 'h2', 'h2', 'h2', 'h2', 'h1', 'h3', 'h3', 'h2', 'h1', 'h2', 'h1', 'h1', 'h2', 'h1', 'h2', 'h2', 'h2', 'h2', 'h2', 'h2', 'h2', 'h1', 'h1', 'h1', 'h2', 'h1', 'h2', 'h1', 'h2', 'h1', 'h2', 'h2', 'h1', 'h2', 'h1', 'h2', 'h2', 'h3', 'h2', 'h2', 'h3', 'h2', 'h2', 'h2', 'h2', 'h1', 'h2', 'h2', 'h2', 'h3', 'h2', 'h2', 'h1', 'h2', 'h1', 'h2', 'h2', 'h2']"
yahoo.co.jp,"[1, 12, 29, 1, 1, 5, 1, 12, 4, 2, 2, 3, 2, 17, 3, 1, 2, 1, 3, 1, 2, 1, 2]","['h2', 'h2', 'h2', 'h2', 'h2', 'h2', 'h2', 'h2', 'h2', 'h2', 'h2', 'h2', 'h2', 'h2', 'h3', 'h3', 'h2', 'h2', 'h3', 'h2', 'h2', 'h3', 'h3']"
inmobi.com,"[18, 35, 2, 3, 2, 1, 2, 1, 1, 2, 1, 1, 3, 2, 6, 1, 1, 1, 2, 1, 1, 1, 2, 2, 1, 2, 1, 1, 14, 2, 3, 2, 3, 1, 2, 1, 1, 1, 1, 4]","['h2', 'h2', 'h2', 'h2', 'h2', 'h3', 'h2', 'h2', 'h2', 'h1', 'h2', 'h2', 'h3', 'h3', 'h2', 'h2', 'h2', 'h2', 'h2', 'h2', 'h2', 'h3', 'h2', 'h2', 'h2', 'h2', 'h2', 'h1', 'h2', 'h2', 'h2', 'h2', 'h3', 'h3', 'h1', 'h2', 'h2', 'h2', 'h2', 'h2']"
stackoverflow.com,"[1, 1, 1, 30, 2, 4, 1, 1, 1, 1, 1, 1]","['h2', 'h2', 'h2', 'h2', 'h2', 'h2', 'h2', 'h2', 'h2', 'h2', 'h2', 'h2']"
sapo.pt,"[1, 5, 9, 7, 7, 7, 18, 1, 2, 3, 1, 3, 2, 6, 3, 2, 1, 3, 1, 1, 1, 2, 1, 1, 3, 3, 2, 5, 1, 1, 2, 2, 2, 1, 1, 1, 2, 1, 1, 1, 2, 1, 1, 7, 2, 1, 1, 1, 1, 1, 2, 2, 4, 6, 2, 3, 2, 2, 2, 2, 2, 3, 1, 2, 2, 2, 1, 1, 1, 2, 1, 1]","['h1', 'h1', 'h1', 'h1', 'h1', 'h1', 'h2', 'h2', 'h2', 'h2', 'h2', 'h1', 'h1', 'h1', 'h2', 'h2', 'h1', 'h2', 'h1', 'h1', 'h1', 'h2', 'h1', 'h3', 'h2', 'h2', 'h2', 'h3', 'h2', 'h1', 'h2', 'h1', 'h2', 'h2', 'h2', 'h2', 'h2', 'h2', 'h2', 'h2', 'h2', 'h2', 'h2', 'h3', 'h2', 'h2', 'h2', 'h2', 'h2', 'h3', 'h2', 'h2', 'h3', 'h2', 'h2', 'h2', 'h2', 'h2', 'h1', 'h1', 'h1', 'h2', 'h2', 'h2', 'h2', 'h2', 'h3', 'h2', 'h2', 'h2', 'h2', 'h3']"
unsplash.com,"[33, 5, 11, 1, 5, 1, 1, 1, 1, 1, 1, 1, 1, 1, 1, 1, 1, 1, 1, 2, 1, 3, 6]","['h2', 'h2', 'h2', 'h2', 'h2', 'h2', 'h1', 'h1', 'h1', 'h2', 'h2', 'h2', 'h2', 'h2', 'h1', 'h1', 'h1', 'h1', 'h1', 'h3', 'h2', 'h2', 'h2']"
stanford.edu,"[1, 30, 4, 6, 1, 1, 1, 2, 2, 5, 1, 1, 1, 1, 1, 2, 2, 1, 2, 1, 2, 1, 1, 1, 1, 1, 1, 3, 2]","['h1', 'h2', 'h2', 'h2', 'h3', 'h2', 'h3', 'h2', 'h2', 'h2', 'h1', 'h1', 'h1', 'h2', 'h3', 'h2', 'h2', 'h2', 'h2', 'h2', 'h3', 'h2', 'h2', 'h2', 'h2', 'h2', 'h2', 'h1', 'h2']"
surveymonkey.com,"[1, 4, 99, 3, 2, 3, 3, 4, 4, 1, 7, 2, 12, 2, 2, 1, 1, 2, 2, 2, 2, 1, 1, 1, 1, 1, 1]","['h1', 'h1', 'h2', 'h2', 'h2', 'h1', 'h1', 'h1', 'h2', 'h1', 'h2', 'h2', 'h2', 'h2', 'h2', 'h3', 'h3', 'h3', 'h2', 'h3', 'h2', 'h2', 'h3', 'h3', 'h3', 'h2', 'h2']"
autodesk.com,"[1, 13, 21, 3, 20, 4, 4, 1, 16, 1, 2, 1, 3, 1, 4, 1, 1, 2, 1, 1, 1, 1, 1, 1, 6, 2, 8, 2, 1, 1, 1, 1, 7, 1, 4, 2, 1, 2, 1, 1, 6, 2, 2, 1, 2, 2, 1, 4, 1, 2, 1, 1, 1, 3, 1, 2, 1, 3, 2, 2, 3, 2, 1, 2, 1, 2, 1, 1, 2, 2, 1]","['h2', 'h2', 'h3', 'h2', 'h2', 'h2', 'h2', 'h2', 'h3', 'h2', 'h2', 'h2', 'h2', 'h2', 'h2', 'h1', 'h1', 'h2', 'h2', 'h2', 'h1', 'h1', 'h1', 'h1', 'h2', 'h2', 'h2', 'h2', 'h2', 'h2', 'h2', 'h2', 'h2', 'h2', 'h2', 'h1', 'h2', 'h2', 'h1', 'h1', 'h2', 'h2', 'h2', 'h2', 'h2', 'h1', 'h2', 'h2', 'h1', 'h2', 'h2', 'h2', 'h1', 'h2', 'h2', 'h2', 'h3', 'h3', 'h2', 'h2', 'h3', 'h2', 'h3', 'h2', 'h3', 'h2', 'h2', 'h2', 'h2', 'h2', 'h3']"
addtoany.com,"[8, 6, 1]","['h3', 'h3', 'h2']"
npr.org,"[1, 9, 7, 1, 4, 10, 7, 6, 1, 27, 1, 2, 1, 1, 4, 4, 2, 2, 2, 2, 1, 2, 1, 2, 2, 1, 2, 2, 1, 1, 1, 1, 1, 2, 1, 3, 3, 1, 2, 1, 1, 1, 2, 1]","['h2', 'h2', 'h2', 'h2', 'h2', 'h2', 'h2', 'h2', 'h2', 'h2', 'h2', 'h2', 'h2', 'h2', 'h2', 'h3', 'h2', 'h2', 'h2', 'h2', 'h1', 'h2', 'h3', 'h2', 'h2', 'h3', 'h3', 'h2', 'h2', 'h3', 'h2', 'h3', 'h2', 'h1', 'h2', 'h2', 'h2', 'h2', 'h2', 'h2', 'h2', 'h2', 'h2', 'h2']"
forter.com,"[1, 11, 8, 1, 8, 3, 5, 6, 3, 3, 1, 4, 2, 14, 5, 2, 6, 3, 1, 2, 2, 1, 7, 2, 1, 2, 2, 1, 2, 1, 4, 1, 2, 1, 1, 1, 2, 1, 2]","['h2', 'h2', 'h3', 'h3', 'h2', 'h2', 'h2', 'h2', 'h2', 'h3', 'h2', 'h2', 'h2', 'h2', 'h2', 'h2', 'h2', 'h2', 'h2', 'h2', 'h1', 'h2', 'h1', 'h1', 'h2', 'h2', 'h2', 'h2', 'h2', 'h2', 'h2', 'h2', 'h2', 'h3', 'h2', 'h2', 'h2', 'h3', 'h2']"
walmart.com,"[1, 8, 3, 125, 5, 4, 8, 4, 2, 1, 1, 2, 2, 1, 2, 1, 1, 1, 1, 1, 1, 1, 1, 1, 1, 1, 2, 2, 2, 1, 1, 1, 4, 4, 3, 2, 3, 2, 1, 1, 1, 2, 1, 1, 2, 2, 1, 1, 1, 1, 2, 1, 1, 1, 1, 1, 1]","['h1', 'h2', 'h2', 'h2', 'h1', 'h2', 'h3', 'h2', 'h2', 'h2', 'h1', 'h2', 'h3', 'h2', 'h2', 'h2', 'h2', 'h2', 'h2', 'h2', 'h2', 'h3', 'h2', 'h3', 'h3', 'h2', 'h1', 'h1', 'h1', 'h3', 'h2', 'h2', 'h1', 'h1', 'h1', 'h2', 'h1', 'h1', 'h1', 'h1', 'h1', 'h1', 'h1', 'h1', 'h1', 'h1', 'h1', 'h1', 'h1', 'h1', 'h1', 'h1', 'h1', 'h1', 'h1', 'h1', 'h1']"
tp-link.com,"[1, 1, 3, 6, 55, 4, 2, 2, 5]","['h1', 'h1', 'h2', 'h2', 'h3', 'h3', 'h2', 'h2', 'h3']"
espn.com,"[1, 8, 4, 2, 1, 51, 17, 2, 9, 6, 2, 1, 9, 28, 2, 2, 2, 1, 4, 1, 1, 1, 1, 6, 7, 1, 1, 1, 2, 2, 2, 1, 2, 2, 2, 15, 1, 3, 1, 5, 1, 1, 1, 2, 1, 1, 5, 3, 6, 2, 1, 7, 2, 2, 5, 2, 1, 1, 1, 2, 1, 2, 2, 1, 3, 2, 3, 3, 1, 1, 1, 5, 6, 2, 1, 5, 2, 2, 1, 1, 1, 2, 2, 1, 1, 2, 4, 1, 1, 2, 3, 2, 1, 1, 2, 1, 1, 2, 1, 2, 2, 1, 1]","['h2', 'h2', 'h2', 'h2', 'h1', 'h2', 'h2', 'h1', 'h2', 'h2', 'h2', 'h2', 'h2', 'h2', 'h2', 'h2', 'h2', 'h1', 'h2', 'h2', 'h2', 'h2', 'h2', 'h2', 'h3', 'h2', 'h2', 'h2', 'h2', 'h2', 'h2', 'h2', 'h2', 'h2', 'h2', 'h2', 'h2', 'h2', 'h1', 'h3', 'h3', 'h2', 'h2', 'h1', 'h2', 'h2', 'h2', 'h1', 'h1', 'h2', 'h3', 'h3', 'h2', 'h2', 'h3', 'h2', 'h2', 'h3', 'h2', 'h2', 'h1', 'h2', 'h1', 'h1', 'h2', 'h2', 'h2', 'h2', 'h3', 'h1', 'h2', 'h2', 'h3', 'h2', 'h2', 'h2', 'h1', 'h2', 'h3', 'h2', 'h1', 'h2', 'h2', 'h2', 'h2', 'h2', 'h2', 'h2', 'h2', 'h2', 'h2', 'h2', 'h2', 'h2', 'h2', 'h2', 'h2', 'h1', 'h2', 'h2', 'h3', 'h2', 'h2']"
eventbrite.com,"[25, 32, 4, 1, 2, 2, 2, 1, 1, 4, 1, 2, 1, 3, 1, 2, 1, 4, 2, 7, 1, 2, 1, 7, 4, 6, 1, 1, 1, 5, 1, 1, 2, 1, 3, 4, 1, 4, 4, 3, 1, 1, 2, 1, 4, 1, 1, 2, 1, 2, 4, 1, 1, 6, 6, 3, 1, 1, 2]","['h2', 'h2', 'h3', 'h2', 'h2', 'h2', 'h3', 'h2', 'h2', 'h2', 'h2', 'h2', 'h2', 'h2', 'h3', 'h2', 'h2', 'h2', 'h2', 'h2', 'h2', 'h2', 'h2', 'h3', 'h2', 'h3', 'h2', 'h2', 'h2', 'h2', 'h2', 'h2', 'h2', 'h2', 'h2', 'h2', 'h2', 'h3', 'h3', 'h2', 'h2', 'h2', 'h2', 'h2', 'h3', 'h2', 'h3', 'h3', 'h2', 'h2', 'h2', 'h2', 'h3', 'h2', 'h2', 'h2', 'h2', 'h2', 'h2']"
checkpoint.com,"[52, 1, 1, 2, 2, 1, 1, 2, 2, 6, 5, 1, 1, 1, 2, 2, 1, 2, 1, 3, 1, 1, 2, 1, 1, 1, 1, 1, 4, 1, 1, 1]","['h2', 'h2', 'h2', 'h3', 'h2', 'h3', 'h2', 'h2', 'h3', 'h2', 'h2', 'h2', 'h3', 'h3', 'h2', 'h1', 'h2', 'h3', 'h2', 'h2', 'h2', 'h1', 'h2', 'h3', 'h2', 'h2', 'h2', 'h2', 'h3', 'h1', 'h1', 'h1']"
consultant.ru,"[1, 5, 3, 7, 2, 2, 1, 2, 2, 2, 1, 12, 5, 2, 5, 1, 5, 1, 1, 1, 1, 1, 1, 1]","['h1', 'h1', 'h1', 'h1', 'h1', 'h1', 'h2', 'h1', 'h1', 'h1', 'h2', 'h2', 'h2', 'h1', 'h1', 'h2', 'h1', 'h1', 'h1', 'h1', 'h1', 'h1', 'h1', 'h2']"
ok.ru,"[132, 2, 2, 12, 1, 1, 2, 1, 2, 1, 1, 2, 3, 1, 1, 1, 1, 4, 1, 1, 2, 3, 2, 2, 2]","['h2', 'h2', 'h2', 'h2', 'h2', 'h2', 'h2', 'h1', 'h2', 'h2', 'h1', 'h1', 'h1', 'h3', 'h2', 'h2', 'h2', 'h2', 'h1', 'h1', 'h2', 'h2', 'h1', 'h2', 'h2']"
time.com,"[15, 7, 12, 2, 1, 1, 1, 3, 1, 2, 7, 1, 18, 1, 1, 1, 1, 2, 2, 1, 2, 2, 1, 3, 1, 1, 2, 7, 4, 2, 1, 8, 1, 1, 1, 4, 2, 2, 1, 2, 1, 2, 2, 1, 1, 1, 2, 1, 1, 2, 1, 1, 1, 1, 1, 1, 1, 1, 3, 1, 4, 1, 6, 6, 1, 2, 2, 1, 2, 2, 3, 3, 5, 3, 3, 1, 2, 2, 1, 7, 1, 1, 1, 1, 1, 1, 1, 2, 2, 1, 1, 1, 1, 2, 2, 1, 3, 2, 2, 1, 1, 1, 1, 1, 1, 2, 1]","['h2', 'h2', 'h2', 'h3', 'h2', 'h2', 'h2', 'h2', 'h2', 'h2', 'h3', 'h3', 'h3', 'h2', 'h1', 'h3', 'h2', 'h2', 'h2', 'h3', 'h2', 'h2', 'h2', 'h2', 'h3', 'h2', 'h3', 'h2', 'h2', 'h2', 'h2', 'h3', 'h2', 'h2', 'h2', 'h2', 'h2', 'h2', 'h2', 'h2', 'h2', 'h2', 'h2', 'h3', 'h2', 'h2', 'h2', 'h1', 'h3', 'h2', 'h2', 'h2', 'h3', 'h2', 'h1', 'h2', 'h2', 'h2', 'h2', 'h2', 'h2', 'h1', 'h1', 'h2', 'h2', 'h2', 'h2', 'h2', 'h2', 'h1', 'h1', 'h3', 'h1', 'h2', 'h2', 'h2', 'h2', 'h2', 'h2', 'h2', 'h2', 'h2', 'h2', 'h2', 'h3', 'h2', 'h2', 'h2', 'h2', 'h2', 'h2', 'h2', 'h3', 'h1', 'h2', 'h2', 'h2', 'h2', 'h2', 'h2', 'h2', 'h2', 'h2', 'h2', 'h2', 'h2', 'h1']"
teamviewer.com,"[1, 2, 12, 1, 4, 4, 19, 6, 9, 6, 1, 1, 1, 3, 2, 3, 2]","['h2', 'h2', 'h3', 'h3', 'h2', 'h2', 'h2', 'h2', 'h2', 'h2', 'h2', 'h2', 'h2', 'h3', 'h2', 'h2', 'h2']"
hotjar.com,"[1, 27, 23, 4, 2, 44, 2, 1, 1, 4, 1, 1, 2, 1, 1, 6, 2, 2, 1, 1, 2, 3, 1, 1, 1, 4, 3, 2, 1, 1, 4, 1, 2, 1, 1, 4, 1, 1, 1, 1, 2, 1, 1, 1, 3, 7, 2]","['h2', 'h2', 'h2', 'h2', 'h2', 'h3', 'h2', 'h2', 'h2', 'h2', 'h3', 'h2', 'h2', 'h2', 'h2', 'h2', 'h2', 'h2', 'h2', 'h2', 'h2', 'h1', 'h2', 'h2', 'h2', 'h2', 'h2', 'h2', 'h2', 'h2', 'h2', 'h2', 'h2', 'h2', 'h2', 'h2', 'h3', 'h2', 'h2', 'h2', 'h2', 'h2', 'h2', 'h3', 'h2', 'h2', 'h2']"
dzen.ru,"[11, 1, 2, 2, 1, 22, 10, 4, 1, 28, 3, 2, 29, 4, 1, 11, 3, 12, 10, 1, 4, 2, 7, 1, 23, 1, 2, 1, 1, 7, 26, 4, 4, 4, 4, 3, 4, 1, 1, 1, 1]","['h1', 'h1', 'h1', 'h1', 'h2', 'h2', 'h1', 'h2', 'h2', 'h2', 'h1', 'h1', 'h2', 'h1', 'h1', 'h2', 'h2', 'h1', 'h2', 'h1', 'h1', 'h2', 'h2', 'h1', 'h2', 'h2', 'h2', 'h2', 'h2', 'h2', 'h2', 'h2', 'h2', 'h2', 'h2', 'h2', 'h2', 'h1', 'h1', 'h1', 'h1']"
quora.com,"[1, 14, 6, 7, 1, 1, 1, 1, 1, 1]","['h1', 'h3', 'h2', 'h3', 'h2', 'h2', 'h2', 'h3', 'h1', 'h2']"
dotomi.com,"[1, 48, 4, 1, 6, 2, 1, 1, 1, 3, 1, 1, 1, 1, 3, 7, 1, 1, 2, 4, 3, 1, 1, 3, 1, 1, 1, 1, 1, 1, 2, 2, 2, 10, 4, 1, 1, 1, 1, 4, 1, 2, 2, 3, 4, 1, 1, 2, 2, 1, 2, 1, 1, 1, 1, 1, 1, 1, 1, 2, 1, 4, 1, 1, 1, 1, 1, 1, 1, 34, 4, 3, 2, 4, 16, 1, 4, 3, 3, 1, 2]","['h1', 'h3', 'h2', 'h2', 'h2', 'h3', 'h2', 'h2', 'h2', 'h2', 'h2', 'h2', 'h2', 'h2', 'h2', 'h2', 'h2', 'h3', 'h2', 'h3', 'h2', 'h3', 'h2', 'h2', 'h2', 'h2', 'h1', 'h2', 'h2', 'h3', 'h2', 'h1', 'h2', 'h2', 'h3', 'h2', 'h2', 'h1', 'h2', 'h2', 'h1', 'h3', 'h2', 'h2', 'h2', 'h2', 'h3', 'h2', 'h2', 'h3', 'h2', 'h3', 'h2', 'h3', 'h2', 'h2', 'h1', 'h1', 'h2', 'h2', 'h1', 'h2', 'h2', 'h2', 'h1', 'h2', 'h2', 'h2', 'h2', 'h2', 'h2', 'h3', 'h2', 'h2', 'h2', 'h3', 'h3', 'h1', 'h1', 'h2', 'h2']"
rambler.ru,"[18, 1, 6, 2, 21, 14, 1, 10, 1, 6, 34, 3, 2, 5, 11, 5, 1, 8, 2, 4, 4, 2, 1, 17, 9, 4, 2, 1, 2, 2, 2, 4, 4, 2, 1, 4, 1, 2, 3, 2, 4, 1, 1, 1, 2, 1, 2, 1, 19, 2, 2]","['h2', 'h2', 'h2', 'h2', 'h2', 'h2', 'h2', 'h2', 'h2', 'h2', 'h2', 'h2', 'h1', 'h2', 'h2', 'h2', 'h2', 'h2', 'h2', 'h1', 'h2', 'h2', 'h2', 'h2', 'h2', 'h2', 'h2', 'h1', 'h2', 'h1', 'h3', 'h2', 'h2', 'h2', 'h2', 'h2', 'h2', 'h2', 'h2', 'h2', 'h2', 'h2', 'h2', 'h1', 'h2', 'h2', 'h2', 'h1', 'h2', 'h2', 'h3']"
bilibili.com,"[1, 10, 40, 13, 4, 9, 11, 25, 1, 3, 2, 1, 4, 30, 2]","['h2', 'h2', 'h2', 'h2', 'h2', 'h2', 'h2', 'h2', 'h2', 'h2', 'h2', 'h2', 'h2', 'h2', 'h2']"
tradingview.com,"[3, 308, 8, 19, 61, 2, 2, 1, 1, 1, 1, 1, 2, 4]","['h2', 'h2', 'h2', 'h2', 'h2', 'h1', 'h2', 'h1', 'h2', 'h2', 'h2', 'h2', 'h2', 'h2']"
cpanel.net,"[47, 2, 1, 2, 2, 2, 2, 1, 4, 2, 2, 1, 1, 1, 2, 1, 1, 1, 1, 1, 1]","['h2', 'h2', 'h2', 'h2', 'h2', 'h3', 'h2', 'h2', 'h2', 'h2', 'h2', 'h2', 'h2', 'h3', 'h2', 'h2', 'h2', 'h2', 'h2', 'h3', 'h3']"
sophos.com,"[1, 95, 4, 6, 1, 1, 1, 2, 1, 2, 1, 1, 1, 1, 2, 1, 1, 2, 2, 1, 1, 2, 1, 2, 1, 2, 2, 1, 1, 9, 1, 1, 1, 1, 2, 1, 2, 3, 1, 1, 2, 1, 2, 2, 1, 3, 1, 1, 1, 1, 4, 1, 2, 1, 1, 1, 2, 1, 59, 2, 36, 1, 2, 2, 4, 1, 13, 3, 3, 1]","['h2', 'h2', 'h2', 'h2', 'h2', 'h2', 'h2', 'h2', 'h2', 'h2', 'h2', 'h1', 'h2', 'h2', 'h2', 'h1', 'h2', 'h3', 'h2', 'h2', 'h3', 'h1', 'h1', 'h1', 'h3', 'h2', 'h2', 'h2', 'h2', 'h2', 'h3', 'h3', 'h2', 'h2', 'h3', 'h2', 'h2', 'h2', 'h2', 'h1', 'h3', 'h3', 'h2', 'h2', 'h3', 'h2', 'h1', 'h1', 'h1', 'h1', 'h2', 'h2', 'h2', 'h2', 'h2', 'h2', 'h2', 'h2', 'h3', 'h2', 'h2', 'h2', 'h2', 'h2', 'h2', 'h2', 'h2', 'h1', 'h1', 'h2']"
t-online.de,"[1, 2, 8, 217, 11, 5, 8, 1, 2, 2, 2, 38, 1, 1, 2, 8, 1, 4, 2, 1, 2]","['h2', 'h2', 'h2', 'h3', 'h2', 'h2', 'h2', 'h2', 'h2', 'h2', 'h2', 'h3', 'h2', 'h2', 'h2', 'h2', 'h2', 'h2', 'h2', 'h1', 'h2']"
cnbc.com,"[1, 7, 19, 13, 2, 2, 1, 2, 9, 3, 1, 1, 2, 1, 1, 1, 1, 1, 1, 1, 2, 1, 7, 1, 5, 1, 3, 1, 2, 17, 3, 1, 2, 6, 1, 3, 5, 2, 3, 5, 1, 1, 1, 1, 1, 2, 1, 2, 3, 1, 3, 1, 1, 2, 1, 1, 2, 2, 1, 1, 2, 2, 2, 3, 3, 2, 3, 1, 2, 2, 3, 1, 1, 1, 1, 1, 1, 2, 4, 4, 2, 1, 1, 1, 1, 1, 1, 2, 4, 1, 1, 1, 3, 2, 2, 2, 2, 2, 1, 2, 2, 1, 1, 3, 1, 2, 2, 1, 3, 2, 1, 1, 2, 1, 3, 2, 2, 2, 1, 3, 2, 1, 2, 1, 1, 1, 1, 1, 4, 3, 1, 1, 1, 4, 2, 2, 1, 1, 1, 1, 1, 3, 1, 2, 1, 1, 1, 1, 1]","['h1', 'h2', 'h2', 'h1', 'h2', 'h2', 'h2', 'h2', 'h2', 'h2', 'h2', 'h2', 'h2', 'h2', 'h2', 'h1', 'h1', 'h1', 'h1', 'h1', 'h2', 'h1', 'h2', 'h1', 'h3', 'h1', 'h3', 'h1', 'h1', 'h3', 'h2', 'h1', 'h2', 'h2', 'h2', 'h1', 'h1', 'h1', 'h2', 'h2', 'h2', 'h2', 'h2', 'h2', 'h2', 'h2', 'h2', 'h2', 'h3', 'h2', 'h2', 'h2', 'h3', 'h2', 'h3', 'h1', 'h3', 'h2', 'h2', 'h1', 'h2', 'h1', 'h2', 'h3', 'h2', 'h2', 'h2', 'h2', 'h2', 'h2', 'h3', 'h3', 'h3', 'h3', 'h2', 'h2', 'h2', 'h2', 'h3', 'h2', 'h3', 'h2', 'h2', 'h3', 'h2', 'h2', 'h2', 'h1', 'h3', 'h1', 'h1', 'h1', 'h3', 'h2', 'h2', 'h2', 'h2', 'h2', 'h2', 'h2', 'h2', 'h2', 'h2', 'h2', 'h2', 'h2', 'h2', 'h2', 'h2', 'h1', 'h2', 'h2', 'h2', 'h2', 'h2', 'h3', 'h2', 'h3', 'h2', 'h2', 'h2', 'h2', 'h2', 'h2', 'h2', 'h2', 'h2', 'h2', 'h2', 'h3', 'h1', 'h1', 'h2', 'h3', 'h2', 'h2', 'h2', 'h2', 'h1', 'h1', 'h2', 'h2', 'h2', 'h2', 'h1', 'h2', 'h2', 'h2', 'h1']"
wix.com,"[1, 2, 3, 5, 48, 4, 52, 5, 6, 8, 1, 1, 1, 1, 67, 2, 1, 1, 3, 1, 1, 1, 4, 1, 7, 4, 1, 1, 1, 1, 4, 1, 1, 2, 1, 2, 2, 1, 1, 1, 1, 3, 2, 1]","['h1', 'h2', 'h2', 'h2', 'h2', 'h2', 'h3', 'h2', 'h3', 'h3', 'h2', 'h2', 'h2', 'h2', 'h3', 'h2', 'h1', 'h1', 'h2', 'h1', 'h1', 'h2', 'h3', 'h3', 'h2', 'h2', 'h2', 'h2', 'h2', 'h2', 'h3', 'h2', 'h1', 'h2', 'h2', 'h2', 'h2', 'h3', 'h3', 'h2', 'h2', 'h3', 'h3', 'h2']"
telegraph.co.uk,"[1, 49, 12, 1, 2, 6, 8, 9, 7, 15, 2, 2, 1, 1, 21, 1, 1, 5, 3, 2, 1, 2, 3, 1, 2, 1, 2, 2, 3, 1, 1, 3, 2, 1, 1, 1, 3, 2, 6, 9, 1, 3, 1, 2, 6, 1, 2, 3, 1, 4, 1, 1, 4, 3, 4, 2, 1, 1, 6, 1, 1, 1, 1, 1]","['h2', 'h2', 'h2', 'h2', 'h2', 'h2', 'h3', 'h2', 'h3', 'h2', 'h3', 'h1', 'h2', 'h2', 'h2', 'h2', 'h3', 'h2', 'h2', 'h2', 'h2', 'h3', 'h3', 'h2', 'h2', 'h2', 'h2', 'h1', 'h3', 'h2', 'h3', 'h2', 'h1', 'h1', 'h1', 'h1', 'h2', 'h2', 'h2', 'h2', 'h3', 'h2', 'h2', 'h2', 'h2', 'h2', 'h3', 'h2', 'h2', 'h2', 'h2', 'h2', 'h3', 'h2', 'h3', 'h2', 'h2', 'h2', 'h3', 'h2', 'h2', 'h2', 'h2', 'h2']"
usatoday.com,"[2, 59, 3, 1, 2, 2, 2, 2, 4, 1, 5, 1, 1, 2, 6, 2, 2, 2, 4, 1, 1, 1, 3, 3, 1, 2, 3, 1, 35, 1, 1, 1, 2, 4, 1, 1, 1, 2, 70, 3, 1, 1, 1, 1, 20, 2, 9, 1, 3, 4, 4, 6, 1, 1, 4, 2, 2, 2, 1, 7, 8, 2, 2, 1, 1, 1, 3, 4, 1, 2, 4, 1, 1, 1, 1, 1, 4, 1, 6, 3, 1, 4, 2, 2, 1, 3, 2, 1, 3, 3, 2, 3, 4, 3, 2, 4, 2, 1, 1, 1, 2, 10, 4, 1, 8, 7, 4, 1, 2, 2, 1, 13, 2, 2, 1, 1, 2, 1, 2, 1, 2, 1, 1, 1, 1, 2, 2, 1, 1, 1, 1, 1, 1, 1]","['h2', 'h2', 'h3', 'h2', 'h3', 'h2', 'h2', 'h2', 'h2', 'h1', 'h2', 'h2', 'h2', 'h2', 'h2', 'h1', 'h2', 'h2', 'h2', 'h2', 'h2', 'h2', 'h2', 'h3', 'h2', 'h1', 'h2', 'h2', 'h2', 'h3', 'h2', 'h2', 'h2', 'h2', 'h2', 'h2', 'h2', 'h2', 'h2', 'h3', 'h2', 'h2', 'h3', 'h1', 'h2', 'h2', 'h3', 'h2', 'h2', 'h3', 'h3', 'h2', 'h3', 'h2', 'h3', 'h2', 'h1', 'h2', 'h1', 'h2', 'h2', 'h2', 'h2', 'h2', 'h2', 'h2', 'h2', 'h2', 'h2', 'h1', 'h2', 'h2', 'h2', 'h2', 'h2', 'h1', 'h2', 'h2', 'h2', 'h2', 'h1', 'h1', 'h1', 'h2', 'h2', 'h2', 'h2', 'h2', 'h3', 'h2', 'h1', 'h2', 'h2', 'h2', 'h2', 'h1', 'h2', 'h1', 'h1', 'h2', 'h1', 'h1', 'h3', 'h2', 'h1', 'h2', 'h2', 'h2', 'h2', 'h2', 'h2', 'h1', 'h1', 'h2', 'h2', 'h1', 'h2', 'h1', 'h2', 'h2', 'h1', 'h2', 'h1', 'h2', 'h2', 'h3', 'h2', 'h2', 'h3', 'h2', 'h1', 'h1', 'h1', 'h1']"
