www.dreamhost.com,"[28, 1, 1, 3, 10, 2, 3, 2, 1, 1, 1, 7, 1, 1, 3, 4, 1, 1, 2, 5, 2, 1, 4, 1, 1, 1, 2, 3, 1, 1, 1, 4, 3, 5, 1, 1, 1, 2, 1, 1]","['h2', 'h2', 'h2', 'h3', 'h2', 'h2', 'h2', 'h2', 'h2', 'h3', 'h2', 'h2', 'h2', 'h2', 'h2', 'h2', 'h3', 'h2', 'h2', 'h2', 'h3', 'h2', 'h2', 'h2', 'h2', 'h2', 'h3', 'h2', 'h2', 'h2', 'h2', 'h1', 'h2', 'h2', 'h2', 'h2', 'h2', 'h3', 'h2', 'h2']"
www.fotolog.com,"[1, 28, 3, 1]","['h3', 'h3', 'h2', 'h2']"
dlive.tv,"[19, 1, 409, 1, 1, 1, 1, 1, 9, 1, 4, 1, 4, 2, 32, 1, 26]","['h2', 'h2', 'h3', 'h3', 'h3', 'h2', 'h2', 'h1', 'h3', 'h3', 'h2', 'h2', 'h2', 'h3', 'h2', 'h2', 'h2']"
gpgtools.org,"[20, 1, 1, 3]","['h2', 'h2', 'h2', 'h2']"
www.abcunderwear.com,"[1, 7, 1, 92, 2, 1, 1, 2, 3, 1, 2, 2, 1, 1, 2, 1, 7, 1, 1, 2, 2, 1, 18, 3, 2, 2, 2, 1, 3, 3, 5, 5, 5, 1, 1, 3, 1, 3, 1, 2, 1, 2, 1, 1, 2, 1, 3, 2, 5, 1, 1, 9, 2, 1]","['h2', 'h2', 'h2', 'h3', 'h2', 'h2', 'h1', 'h2', 'h2', 'h2', 'h2', 'h2', 'h2', 'h2', 'h2', 'h3', 'h2', 'h2', 'h3', 'h2', 'h2', 'h3', 'h3', 'h2', 'h2', 'h2', 'h2', 'h3', 'h3', 'h2', 'h3', 'h3', 'h3', 'h3', 'h3', 'h2', 'h2', 'h2', 'h3', 'h2', 'h2', 'h2', 'h2', 'h2', 'h2', 'h2', 'h1', 'h2', 'h2', 'h2', 'h2', 'h2', 'h2', 'h3']"
www.literotica.com,"[3, 4]","['h2', 'h2']"
cinemata.org,"[75, 2, 1]","['h3', 'h2', 'h3']"
www.inbox.com,"[11, 8]","['h2', 'h3']"
wire.com,"[2, 37, 4, 2, 1, 1, 2, 1, 1, 2, 1, 1, 2, 1, 1, 1, 1, 1, 1, 4, 1, 2, 1]","['h2', 'h3', 'h2', 'h2', 'h2', 'h2', 'h2', 'h2', 'h2', 'h2', 'h2', 'h1', 'h1', 'h2', 'h2', 'h2', 'h2', 'h2', 'h2', 'h2', 'h2', 'h2', 'h1']"
www.privateinternetaccess.com,"[92, 1, 4, 1, 1, 1, 1, 2, 2, 5, 2, 2, 1, 2, 3]","['h3', 'h2', 'h3', 'h3', 'h2', 'h2', 'h3', 'h2', 'h1', 'h2', 'h2', 'h3', 'h2', 'h2', 'h2']"
trisquel.info,"[21, 1]","['h1', 'h2']"
dharmanet.org,"[49, 2, 1, 1]","['h2', 'h2', 'h2', 'h2']"
www.oneworld.net,"[13, 3, 2, 3, 1, 1, 1, 6, 3, 2, 3, 3, 4, 4]","['h2', 'h3', 'h2', 'h1', 'h3', 'h2', 'h1', 'h1', 'h2', 'h1', 'h1', 'h1', 'h1', 'h1']"
play.google.com,"[2, 46, 2, 1, 14, 48, 2, 1, 17, 2, 15, 2, 1, 1, 1]","['h2', 'h3', 'h2', 'h2', 'h2', 'h3', 'h3', 'h2', 'h3', 'h2', 'h3', 'h2', 'h3', 'h2', 'h3']"
www.zanzu.nl,"[47, 2, 2, 2, 1, 1, 1, 1]","['h2', 'h2', 'h2', 'h2', 'h2', 'h2', 'h2', 'h2']"
leap.se,"[7, 3, 4, 2, 2, 2, 1]","['h1', 'h1', 'h1', 'h1', 'h1', 'h1', 'h1']"
www.knapsackforhope.org,"[3, 25, 2, 2, 1, 4, 2, 1, 3, 1, 1, 1, 1, 2, 14, 1, 2, 1, 2, 1, 2, 6, 2, 2, 1, 1, 3, 3, 1, 1, 1, 2, 4, 1, 1, 2, 1]","['h2', 'h3', 'h2', 'h2', 'h3', 'h2', 'h2', 'h2', 'h3', 'h2', 'h2', 'h2', 'h1', 'h2', 'h3', 'h3', 'h2', 'h2', 'h1', 'h3', 'h2', 'h3', 'h2', 'h2', 'h3', 'h2', 'h2', 'h3', 'h3', 'h2', 'h2', 'h2', 'h3', 'h2', 'h3', 'h2', 'h3']"
i2pgit.org,"[6, 7, 4, 4, 4, 7, 1, 1, 1]","['h1', 'h1', 'h1', 'h1', 'h1', 'h1', 'h2', 'h1', 'h1']"
www.mail.lycos.com,"[1, 1, 6, 1, 1, 1, 1, 2, 1, 2, 4, 1, 2, 2, 1, 2, 4, 1, 1, 1]","['h1', 'h1', 'h1', 'h2', 'h3', 'h2', 'h1', 'h1', 'h1', 'h1', 'h1', 'h1', 'h1', 'h1', 'h2', 'h2', 'h2', 'h2', 'h2', 'h2']"
www.casino.com,"[80, 1, 2, 1, 2]","['h2', 'h3', 'h2', 'h3', 'h3']"
www.namecoin.org,"[2, 1, 1, 3, 1, 1]","['h1', 'h1', 'h1', 'h1', 'h1', 'h1']"
simple.wikipedia.org,"[26, 15, 2]","['h2', 'h2', 'h2']"
www.who.int,"[7, 38, 4, 1, 1, 1, 6, 1, 2, 3, 11, 2, 2, 3, 1, 1, 1, 1, 1, 1, 1, 1]","['h2', 'h3', 'h2', 'h2', 'h2', 'h2', 'h2', 'h3', 'h2', 'h3', 'h3', 'h2', 'h2', 'h2', 'h2', 'h2', 'h3', 'h3', 'h2', 'h2', 'h1', 'h2']"
xxx.lanl.gov,"[1, 5, 9, 9, 6, 11, 6, 2, 1, 1, 1, 1, 1, 1, 1, 1]","['h1', 'h1', 'h1', 'h1', 'h1', 'h1', 'h1', 'h2', 'h3', 'h2', 'h3', 'h2', 'h2', 'h2', 'h2', 'h2']"
www.postmaster.co.uk,"[1, 1, 1, 1, 1, 1, 1, 1, 1, 1, 1, 1, 1, 1, 1, 1, 1, 1, 1, 1, 1, 1, 1, 1, 2, 1, 1, 1, 1, 1, 1, 1, 1]","['h1', 'h1', 'h1', 'h1', 'h1', 'h1', 'h1', 'h1', 'h1', 'h1', 'h1', 'h1', 'h1', 'h1', 'h1', 'h1', 'h1', 'h1', 'h1', 'h1', 'h1', 'h1', 'h1', 'h1', 'h2', 'h2', 'h1', 'h1', 'h1', 'h1', 'h1', 'h1', 'h1']"
startpage.com,"[1, 19, 1, 1]","['h2', 'h2', 'h2', 'h2']"
www.well.com,"[19, 3, 1, 2, 1, 1]","['h2', 'h2', 'h2', 'h2', 'h2', 'h2']"
www.cannaweed.com,"[43, 2, 4, 1, 1, 9, 1, 1, 1, 1, 1]","['h2', 'h2', 'h2', 'h1', 'h2', 'h2', 'h2', 'h2', 'h2', 'h2', 'h2']"
www.bitchute.com,"[36, 1, 1, 2, 1, 3, 1, 13, 1, 19, 1, 2, 1, 1]","['h2', 'h2', 'h2', 'h2', 'h2', 'h2', 'h2', 'h2', 'h2', 'h2', 'h2', 'h1', 'h2', 'h2']"
www.topdrawers.com,"[7, 3, 1, 1, 11, 1, 38, 1, 1, 1, 3, 3, 2, 2, 3, 1, 1, 2, 1, 5, 1, 1, 1, 2]","['h2', 'h2', 'h2', 'h1', 'h2', 'h3', 'h3', 'h2', 'h2', 'h1', 'h2', 'h2', 'h2', 'h2', 'h3', 'h3', 'h2', 'h1', 'h2', 'h3', 'h2', 'h3', 'h3', 'h2']"
www.un.org,"[12, 1, 1, 1, 1, 2, 2, 5, 1, 1, 1, 1, 1]","['h2', 'h3', 'h2', 'h2', 'h2', 'h2', 'h2', 'h3', 'h2', 'h1', 'h1', 'h1', 'h1']"
gaytoday.com,"[1, 1, 6, 10, 8, 5, 8, 10, 1, 2, 1, 1, 1, 1, 1, 1, 1, 1]","['h1', 'h2', 'h1', 'h1', 'h1', 'h1', 'h1', 'h1', 'h1', 'h3', 'h3', 'h2', 'h1', 'h1', 'h1', 'h1', 'h1', 'h1']"
medpot.net,"[1, 1, 5, 1, 5, 1]","['h3', 'h3', 'h2', 'h2', 'h3', 'h3']"
www.monacogoldcasino.com,"[1, 77, 1, 2, 7, 1, 1, 2, 1, 2, 30, 3, 2, 3, 1, 2, 2, 1]","['h1', 'h3', 'h2', 'h3', 'h2', 'h2', 'h2', 'h2', 'h2', 'h2', 'h3', 'h3', 'h1', 'h2', 'h3', 'h2', 'h1', 'h1']"
www.microsofttranslator.com,"[2, 17, 24, 1, 1, 2, 1, 2, 1, 3]","['h2', 'h2', 'h2', 'h2', 'h1', 'h2', 'h1', 'h2', 'h1', 'h2']"
citizenlab.ca,"[12, 6, 7, 7, 4, 1, 5, 9, 2, 1, 2, 2, 3, 2, 1, 1, 1, 2, 4, 1, 2]","['h1', 'h1', 'h1', 'h1', 'h1', 'h2', 'h2', 'h3', 'h2', 'h2', 'h2', 'h2', 'h2', 'h3', 'h3', 'h2', 'h2', 'h2', 'h3', 'h1', 'h2']"
www.satp.org,"[90, 4, 1, 1, 1, 1, 1, 1, 1, 2, 1, 2, 3, 1, 1, 1, 3, 1, 2, 2, 2, 7, 2, 1, 30, 1, 2, 2, 9, 1, 2, 12, 3, 3, 2, 3, 2, 5, 4, 1, 1, 1, 3, 6, 2, 1, 1, 2, 11, 2]","['h3', 'h2', 'h3', 'h2', 'h2', 'h2', 'h2', 'h3', 'h2', 'h1', 'h3', 'h2', 'h2', 'h2', 'h2', 'h3', 'h1', 'h2', 'h2', 'h2', 'h2', 'h2', 'h3', 'h3', 'h3', 'h3', 'h2', 'h2', 'h1', 'h1', 'h3', 'h3', 'h2', 'h2', 'h3', 'h3', 'h1', 'h1', 'h1', 'h1', 'h3', 'h2', 'h2', 'h3', 'h2', 'h3', 'h2', 'h2', 'h3', 'h2']"
moodle.com,"[56, 5, 6, 1, 1, 2, 2, 2, 4]","['h2', 'h2', 'h2', 'h2', 'h2', 'h2', 'h2', 'h2', 'h1']"
tx.me,"[35, 2]","['h2', 'h2']"
www.latimes.com,"[2, 1, 2, 5, 2, 1, 1, 1, 1, 1, 1, 1, 1, 5, 22, 1, 16, 2, 17, 4, 2, 1, 1, 1, 2, 1, 4, 1, 1, 2, 1, 1, 2, 2, 2, 3, 2, 2, 1, 2, 2, 2, 1, 1, 1, 2, 1, 3, 2, 2, 1, 1, 1, 1, 10, 2, 10, 6, 1, 3, 1, 2, 1, 1, 1, 2, 1, 1, 1, 1, 2, 1, 1, 3, 4, 1, 1, 1, 1, 4, 2, 1, 1, 1, 1, 2, 1, 2, 1, 2, 1, 3, 2, 2, 1, 1, 1, 1, 1, 1, 2, 2, 2, 2, 2, 3, 2, 1]","['h2', 'h2', 'h2', 'h3', 'h3', 'h2', 'h2', 'h2', 'h2', 'h2', 'h2', 'h2', 'h2', 'h2', 'h3', 'h3', 'h2', 'h2', 'h3', 'h2', 'h2', 'h2', 'h2', 'h2', 'h2', 'h2', 'h2', 'h2', 'h2', 'h2', 'h2', 'h2', 'h2', 'h2', 'h2', 'h2', 'h1', 'h2', 'h2', 'h2', 'h2', 'h2', 'h2', 'h2', 'h2', 'h2', 'h2', 'h2', 'h2', 'h1', 'h2', 'h3', 'h2', 'h2', 'h3', 'h2', 'h2', 'h3', 'h1', 'h2', 'h2', 'h2', 'h1', 'h2', 'h1', 'h2', 'h1', 'h2', 'h2', 'h2', 'h2', 'h2', 'h2', 'h2', 'h1', 'h1', 'h2', 'h2', 'h1', 'h2', 'h2', 'h2', 'h2', 'h3', 'h3', 'h2', 'h3', 'h2', 'h3', 'h3', 'h2', 'h1', 'h2', 'h1', 'h1', 'h1', 'h1', 'h2', 'h2', 'h1', 'h2', 'h2', 'h2', 'h2', 'h2', 'h2', 'h3', 'h1']"
telegra.ph,"[1, 12, 1, 1]","['h2', 'h2', 'h2', 'h2']"
www.akdn.org,"[1, 2, 20, 9, 1, 1, 22, 4, 3, 1, 2, 1, 1, 1]","['h2', 'h2', 'h3', 'h2', 'h1', 'h2', 'h2', 'h2', 'h1', 'h3', 'h2', 'h2', 'h2', 'h2']"
friendfinder.com,"[3, 1, 8, 1, 1, 2, 1]","['h1', 'h2', 'h2', 'h1', 'h1', 'h2', 'h2']"
www.haaretz.com,"[374, 12, 4, 2, 22, 6, 2, 1, 2, 1, 1, 1, 1, 5, 8, 1, 24, 3, 1, 1, 1, 1, 1, 1, 1, 2, 1, 2, 2, 3, 2, 1, 4, 8, 1, 1, 7, 2, 4, 14, 2, 2, 2, 4, 1, 1, 1, 14, 2, 1, 8, 14, 6, 10, 1, 2, 1, 1, 2, 1, 4, 8, 1, 1, 3, 1, 1, 1, 1, 1, 2, 1, 1, 2, 1, 1, 2, 1, 1, 1, 1, 1, 2, 1, 8, 1, 3, 2, 2, 2, 2, 2, 3, 2, 1, 4, 1, 2, 4, 1, 3, 2, 1, 1, 1, 1, 1, 58, 1, 12, 2, 2, 2, 2, 5, 1, 2, 3, 2, 6, 6, 4, 6, 1, 6, 3, 2, 2, 6, 3, 2, 1, 2, 1, 4, 7, 9, 4, 3, 5, 1, 2, 3, 3, 2, 7, 4, 2, 4, 2, 4, 5, 2, 1, 4, 13, 13, 2, 6, 2, 6, 2, 4, 1, 2, 3, 1, 1, 4, 2, 1, 3, 2, 2, 2, 1, 1, 1, 1, 13, 12, 2, 1, 1, 1, 1, 3, 1, 4, 12, 2, 1, 2, 2, 2, 2, 1, 2, 1, 2, 6, 4, 1, 1, 1, 1, 1, 1, 1, 10, 2, 3, 1, 3, 3, 1, 1, 2, 2, 2, 2, 2, 1, 1, 1, 1, 1, 1]","['h2', 'h3', 'h2', 'h2', 'h2', 'h2', 'h2', 'h2', 'h2', 'h2', 'h2', 'h2', 'h1', 'h2', 'h2', 'h2', 'h3', 'h2', 'h1', 'h2', 'h2', 'h2', 'h2', 'h2', 'h3', 'h2', 'h2', 'h1', 'h2', 'h2', 'h2', 'h1', 'h2', 'h2', 'h2', 'h2', 'h2', 'h2', 'h1', 'h2', 'h2', 'h2', 'h2', 'h1', 'h1', 'h1', 'h1', 'h2', 'h2', 'h2', 'h2', 'h2', 'h2', 'h2', 'h1', 'h2', 'h1', 'h2', 'h2', 'h2', 'h2', 'h3', 'h1', 'h3', 'h2', 'h2', 'h2', 'h2', 'h2', 'h2', 'h2', 'h2', 'h2', 'h2', 'h2', 'h2', 'h2', 'h1', 'h1', 'h1', 'h1', 'h2', 'h2', 'h2', 'h1', 'h2', 'h2', 'h3', 'h1', 'h2', 'h2', 'h2', 'h2', 'h2', 'h2', 'h3', 'h2', 'h2', 'h2', 'h3', 'h2', 'h2', 'h2', 'h2', 'h3', 'h2', 'h2', 'h2', 'h2', 'h2', 'h3', 'h2', 'h1', 'h2', 'h2', 'h1', 'h2', 'h2', 'h2', 'h2', 'h2', 'h3', 'h2', 'h2', 'h2', 'h2', 'h1', 'h2', 'h2', 'h1', 'h2', 'h2', 'h2', 'h2', 'h3', 'h2', 'h2', 'h2', 'h2', 'h2', 'h1', 'h2', 'h3', 'h2', 'h3', 'h2', 'h2', 'h1', 'h1', 'h2', 'h2', 'h1', 'h2', 'h2', 'h2', 'h2', 'h2', 'h1', 'h1', 'h2', 'h2', 'h2', 'h2', 'h2', 'h2', 'h2', 'h3', 'h2', 'h1', 'h2', 'h2', 'h2', 'h1', 'h1', 'h1', 'h1', 'h2', 'h1', 'h2', 'h2', 'h3', 'h1', 'h2', 'h1', 'h2', 'h1', 'h1', 'h1', 'h3', 'h2', 'h1', 'h1', 'h2', 'h2', 'h1', 'h1', 'h2', 'h2', 'h3', 'h2', 'h2', 'h2', 'h2', 'h1', 'h2', 'h2', 'h1', 'h2', 'h2', 'h2', 'h2', 'h3', 'h2', 'h2', 'h3', 'h2', 'h1', 'h2', 'h1', 'h2', 'h1', 'h1', 'h1', 'h2', 'h1', 'h1', 'h1', 'h1']"
www.cleanwateraction.org,"[1, 23, 1, 6, 4, 2, 2, 1, 2, 1]","['h2', 'h2', 'h2', 'h3', 'h2', 'h2', 'h2', 'h3', 'h2', 'h3']"
www.worldhealth.net,"[1, 10, 2, 6, 6, 1, 5, 7, 4, 3, 1, 3, 1, 1, 2, 1, 2]","['h2', 'h1', 'h2', 'h1', 'h1', 'h3', 'h1', 'h1', 'h1', 'h2', 'h2', 'h2', 'h2', 'h2', 'h2', 'h3', 'h3']"
www.2shared.com,"[1, 1, 3, 1, 3, 1, 1, 2, 2, 1, 1, 2, 2, 2]","['h1', 'h1', 'h1', 'h1', 'h1', 'h1', 'h1', 'h1', 'h1', 'h2', 'h1', 'h2', 'h1', 'h1']"
myabortionstory.tumblr.com,"[2, 5, 2, 2, 8, 2, 1, 2, 3, 2, 6, 3]","['h2', 'h2', 'h2', 'h2', 'h3', 'h3', 'h2', 'h2', 'h2', 'h3', 'h2', 'h3']"
feminist.org,"[1, 1, 4, 1, 51, 1, 2, 2]","['h2', 'h2', 'h2', 'h2', 'h3', 'h2', 'h2', 'h2']"
www.starlink.com,"[1, 40, 2, 4, 6, 2, 6, 14, 1, 1, 1, 5, 1, 2, 1, 3, 2, 1, 1, 5, 1, 1, 1, 2]","['h2', 'h2', 'h2', 'h2', 'h2', 'h2', 'h2', 'h2', 'h2', 'h1', 'h2', 'h2', 'h2', 'h2', 'h2', 'h3', 'h2', 'h2', 'h2', 'h2', 'h3', 'h3', 'h3', 'h2']"
www.njal.la,"[1, 4, 5, 5, 6, 2, 1, 1]","['h1', 'h1', 'h1', 'h1', 'h1', 'h1', 'h1', 'h2']"
blog.mozilla.org,"[38, 2, 1, 1, 1, 1]","['h3', 'h2', 'h2', 'h2', 'h3', 'h3']"
i2pd.website,[10],['h2']
www.mideastyouth.com,"[27, 2, 1]","['h2', 'h2', 'h2']"
briarproject.org,"[4, 3, 3, 6, 3, 4]","['h1', 'h1', 'h1', 'h1', 'h1', 'h1']"
transequality.org,"[1, 120, 1, 2, 1, 1, 1]","['h2', 'h3', 'h2', 'h3', 'h2', 'h2', 'h2']"
pastebin.com,"[23, 1, 5, 7, 2, 1, 7, 2, 1, 1, 1, 1, 1, 3, 9, 8, 1, 21, 6, 16, 23, 4, 7, 10, 6, 2, 2, 2, 1, 1, 1, 1, 3, 2, 1, 1, 2, 1, 1, 1, 1, 1, 1, 1, 1, 2, 1, 1, 2, 2, 2, 1, 2, 7, 4, 6, 4, 2, 1, 1, 2, 2, 1, 1]","['h2', 'h2', 'h3', 'h3', 'h2', 'h2', 'h3', 'h2', 'h2', 'h2', 'h2', 'h2', 'h1', 'h2', 'h3', 'h2', 'h2', 'h2', 'h2', 'h2', 'h3', 'h2', 'h2', 'h2', 'h2', 'h1', 'h1', 'h1', 'h1', 'h2', 'h1', 'h1', 'h2', 'h3', 'h1', 'h2', 'h3', 'h2', 'h2', 'h2', 'h2', 'h2', 'h2', 'h2', 'h2', 'h2', 'h2', 'h2', 'h2', 'h2', 'h2', 'h3', 'h2', 'h3', 'h2', 'h3', 'h3', 'h2', 'h2', 'h3', 'h2', 'h2', 'h1', 'h1']"
www.nsa.gov,"[1, 47, 1, 1, 1, 1, 2, 1, 4, 6, 1]","['h2', 'h2', 'h2', 'h2', 'h2', 'h2', 'h2', 'h2', 'h2', 'h2', 'h3']"
www.repubblica.com,"[1, 1, 6, 24, 1, 1, 5, 2, 1, 5, 1, 1, 3, 1, 2, 8, 1, 3, 1, 1, 1, 4, 1, 1, 2, 1, 1, 2, 1, 1, 1, 1]","['h1', 'h2', 'h2', 'h2', 'h2', 'h2', 'h2', 'h2', 'h2', 'h2', 'h2', 'h2', 'h2', 'h2', 'h2', 'h2', 'h2', 'h2', 'h2', 'h2', 'h2', 'h2', 'h2', 'h3', 'h2', 'h2', 'h2', 'h2', 'h2', 'h3', 'h2', 'h2']"
www.blogger.com,"[2, 4, 1, 23, 3, 1, 2, 1]","['h2', 'h3', 'h2', 'h2', 'h2', 'h2', 'h2', 'h3']"
outlook.live.com,"[3, 4, 4, 1, 3, 3, 3, 3, 50, 1, 2, 1, 11, 2, 2, 4, 2, 12, 3, 4, 1, 3, 2, 9, 1, 4, 2, 1, 1, 1, 1, 1, 1, 2, 2, 4, 1, 1, 4, 1, 1, 2, 1]","['h2', 'h3', 'h2', 'h2', 'h3', 'h2', 'h2', 'h2', 'h2', 'h2', 'h2', 'h2', 'h2', 'h2', 'h2', 'h2', 'h2', 'h2', 'h2', 'h1', 'h1', 'h2', 'h1', 'h2', 'h1', 'h2', 'h2', 'h1', 'h1', 'h2', 'h2', 'h1', 'h1', 'h2', 'h2', 'h2', 'h1', 'h1', 'h2', 'h2', 'h3', 'h2', 'h3']"
www.icrw.org,"[7, 14, 1, 3, 1, 1, 2, 1, 1, 2, 3, 2, 3, 2]","['h2', 'h3', 'h2', 'h2', 'h2', 'h2', 'h2', 'h2', 'h3', 'h2', 'h3', 'h3', 'h2', 'h2']"
www.http-tunnel.com,"[1, 10, 1]","['h1', 'h2', 'h1']"
www.agentprovocateur.com,"[1, 75, 2, 1, 1, 1, 4, 2, 1, 1, 1, 7, 1, 2, 2, 3]","['h2', 'h3', 'h2', 'h2', 'h2', 'h2', 'h2', 'h2', 'h2', 'h2', 'h2', 'h2', 'h2', 'h1', 'h2', 'h2']"
www.gutenberg.org,[20],['h2']
wickr.com,"[4, 46, 3, 1, 1, 3, 1, 2, 2, 2, 2, 1, 1, 1]","['h2', 'h3', 'h2', 'h2', 'h2', 'h2', 'h3', 'h2', 'h2', 'h2', 'h2', 'h3', 'h3', 'h3']"
mastodon.sdf.org,"[23, 1]","['h2', 'h2']"
chat-gpt.org,"[34, 1, 1, 3, 1, 1, 6, 1, 1, 11, 1, 2, 5, 4, 5, 1, 2, 1, 1, 1, 1, 1, 1, 4]","['h3', 'h2', 'h2', 'h3', 'h2', 'h2', 'h3', 'h3', 'h2', 'h3', 'h2', 'h2', 'h2', 'h2', 'h3', 'h1', 'h3', 'h1', 'h2', 'h2', 'h3', 'h1', 'h2', 'h1']"
www.broadvoice.com,"[1, 4, 31, 2, 2, 2, 4, 2, 1, 1, 1, 1, 4, 1, 2, 3, 1, 1, 2, 6, 1, 4, 2, 1, 4, 1, 1, 1, 4, 3, 1, 13, 1, 1, 1, 1, 4, 1, 2, 1, 2, 8, 1, 1, 2, 4, 1, 1, 3, 2, 2, 1, 1]","['h2', 'h2', 'h3', 'h2', 'h2', 'h3', 'h2', 'h2', 'h2', 'h2', 'h2', 'h2', 'h2', 'h3', 'h2', 'h2', 'h2', 'h2', 'h1', 'h2', 'h2', 'h3', 'h2', 'h2', 'h2', 'h2', 'h2', 'h2', 'h1', 'h3', 'h3', 'h2', 'h2', 'h2', 'h2', 'h2', 'h3', 'h2', 'h2', 'h3', 'h2', 'h1', 'h2', 'h2', 'h2', 'h2', 'h2', 'h2', 'h2', 'h2', 'h2', 'h2', 'h2']"
www.pogo.com,"[47, 1, 1, 1, 4, 2, 2, 2, 2, 9, 6, 6, 3, 2, 1, 1, 1, 2, 2, 1, 2, 1, 7, 1, 3, 2, 2, 1, 2, 6, 1, 1, 1, 1, 4, 1, 1, 1, 1, 1, 1, 3, 2, 3, 1, 2, 1, 6, 2, 2, 2, 2, 2, 2, 1, 2, 2, 1, 3, 1, 2, 1, 2, 2, 3, 2, 2, 5, 1, 3, 3, 1, 2, 1, 2, 1, 2, 3, 1, 1, 1, 1, 1, 2, 1, 1, 1]","['h2', 'h2', 'h2', 'h2', 'h2', 'h2', 'h2', 'h2', 'h2', 'h2', 'h3', 'h2', 'h3', 'h2', 'h2', 'h2', 'h2', 'h2', 'h2', 'h2', 'h2', 'h2', 'h2', 'h3', 'h2', 'h2', 'h2', 'h1', 'h2', 'h2', 'h2', 'h2', 'h2', 'h2', 'h2', 'h2', 'h2', 'h2', 'h2', 'h2', 'h2', 'h2', 'h2', 'h2', 'h2', 'h2', 'h2', 'h2', 'h2', 'h2', 'h2', 'h2', 'h2', 'h2', 'h2', 'h2', 'h2', 'h2', 'h3', 'h2', 'h2', 'h2', 'h1', 'h2', 'h2', 'h2', 'h1', 'h2', 'h2', 'h1', 'h2', 'h2', 'h2', 'h3', 'h2', 'h2', 'h3', 'h2', 'h1', 'h2', 'h2', 'h2', 'h2', 'h1', 'h1', 'h2', 'h2']"
www.greennet.org.uk,"[9, 8, 7, 8, 8, 8, 2, 1, 2, 2, 1, 1]","['h1', 'h1', 'h1', 'h1', 'h1', 'h1', 'h3', 'h2', 'h2', 'h1', 'h2', 'h3']"
ar.wikipedia.org,"[37, 22, 2]","['h2', 'h2', 'h2']"
www.earthrights.org,"[49, 2, 1, 2, 2, 1, 2, 2, 1, 1, 2, 2, 1, 1, 1]","['h2', 'h2', 'h2', 'h2', 'h2', 'h2', 'h2', 'h2', 'h2', 'h3', 'h2', 'h2', 'h3', 'h2', 'h3']"
www.clubhouse.com,"[3, 1, 1, 9, 1, 1, 2, 2]","['h2', 'h2', 'h2', 'h2', 'h2', 'h2', 'h2', 'h2']"
www.888casino.com,"[2, 14, 3, 2, 6, 1, 88, 1, 3, 5, 1, 2, 28, 2, 2, 1, 2, 4, 5, 1, 1, 1, 1, 1, 1, 3, 1, 1, 3, 2, 2]","['h2', 'h3', 'h2', 'h2', 'h2', 'h3', 'h3', 'h2', 'h2', 'h2', 'h2', 'h2', 'h2', 'h2', 'h1', 'h3', 'h2', 'h2', 'h3', 'h2', 'h3', 'h2', 'h1', 'h3', 'h3', 'h1', 'h2', 'h2', 'h2', 'h2', 'h2']"
tanzil.net,"[12, 1, 1, 1, 1]","['h2', 'h2', 'h2', 'h2', 'h2']"
www.khanacademy.org,"[22, 1, 42, 21, 1, 1, 5, 6, 1, 1]","['h2', 'h2', 'h2', 'h2', 'h2', 'h1', 'h2', 'h2', 'h2', 'h2']"
www.mailinator.com,"[64, 1, 1, 5, 5, 1, 1, 1, 1, 1, 1, 2, 2, 2, 2, 1]","['h2', 'h2', 'h2', 'h2', 'h2', 'h2', 'h2', 'h2', 'h2', 'h2', 'h2', 'h2', 'h2', 'h2', 'h2', 'h2']"
dweb.link,"[1, 83, 1, 1, 1]","['h3', 'h2', 'h2', 'h2', 'h2']"
cwtch.im,[21],['h2']
www.francemediasmonde.com,"[22, 2, 1, 1, 1]","['h2', 'h2', 'h3', 'h1', 'h1']"
www.whatsapp.com,"[3, 4, 3, 17, 3]","['h2', 'h2', 'h2', 'h3', 'h3']"
www.deathmetal.org,"[13, 3, 2, 6, 1, 11, 1, 6, 3, 3, 1, 1, 1]","['h2', 'h3', 'h2', 'h3', 'h2', 'h3', 'h2', 'h2', 'h2', 'h3', 'h3', 'h2', 'h3']"
bsky.app,"[15, 4, 3, 4, 2, 2, 52]","['h2', 'h2', 'h2', 'h3', 'h2', 'h2', 'h2']"
disqus.com,"[2, 4, 1, 3, 1, 1, 4, 4, 2, 2, 2, 1, 1, 2, 1, 1, 2, 1, 2, 1, 1, 1, 1, 2, 2, 1, 20, 1, 4, 2, 1, 1, 5, 1, 1, 1, 1, 1, 1, 1, 1, 1, 2, 1]","['h1', 'h2', 'h2', 'h2', 'h2', 'h2', 'h1', 'h2', 'h2', 'h2', 'h2', 'h2', 'h2', 'h2', 'h2', 'h2', 'h2', 'h1', 'h3', 'h2', 'h2', 'h2', 'h2', 'h1', 'h2', 'h1', 'h2', 'h3', 'h1', 'h2', 'h1', 'h2', 'h2', 'h3', 'h2', 'h2', 'h2', 'h3', 'h2', 'h2', 'h2', 'h2', 'h2', 'h2']"
secure.avaaz.org,"[67, 2, 1, 2, 3, 4, 5, 1, 1, 2, 1, 1, 1, 3, 1, 1, 1]","['h2', 'h2', 'h2', 'h2', 'h3', 'h2', 'h2', 'h2', 'h2', 'h2', 'h2', 'h3', 'h2', 'h2', 'h3', 'h3', 'h3']"
nsw2u.com,"[14, 4, 2, 1, 1, 1, 1, 1, 7, 85, 1, 1, 1, 1, 1, 2, 1]","['h3', 'h2', 'h2', 'h2', 'h2', 'h2', 'h3', 'h2', 'h2', 'h3', 'h2', 'h1', 'h2', 'h2', 'h3', 'h2', 'h2']"
ooni.torproject.org,"[1, 19, 1, 1, 1, 1]","['h2', 'h2', 'h2', 'h2', 'h3', 'h2']"
data.worldbank.org,"[1, 1, 21, 15, 1, 2, 2, 2, 1, 4, 1, 1, 1, 2, 2, 21, 1, 1, 2, 7, 3, 2, 1, 2, 1, 1, 5, 1, 3, 2, 1, 4, 1, 1]","['h1', 'h1', 'h2', 'h2', 'h2', 'h2', 'h2', 'h2', 'h2', 'h2', 'h2', 'h2', 'h1', 'h3', 'h2', 'h2', 'h2', 'h2', 'h3', 'h2', 'h2', 'h3', 'h3', 'h2', 'h2', 'h1', 'h2', 'h1', 'h2', 'h3', 'h2', 'h2', 'h2', 'h2']"
www.tobacco.org,"[26, 2, 1, 2, 1, 1]","['h2', 'h2', 'h2', 'h2', 'h3', 'h2']"
openverse.org,"[21, 2, 1]","['h2', 'h2', 'h2']"
www.nclrights.org,"[12, 45, 2, 4, 1, 1, 1, 3, 3, 1, 1, 2, 1, 1, 1, 3, 3, 2, 2]","['h2', 'h3', 'h2', 'h2', 'h2', 'h3', 'h2', 'h2', 'h3', 'h2', 'h2', 'h2', 'h2', 'h2', 'h2', 'h3', 'h2', 'h2', 'h2']"
www.anonymizer.ru,"[1, 1, 1, 1, 1, 1, 1, 1, 1, 2, 1, 1, 5, 2, 2, 1, 1, 1, 1, 2, 2]","['h1', 'h1', 'h1', 'h1', 'h1', 'h1', 'h1', 'h1', 'h1', 'h1', 'h1', 'h1', 'h2', 'h1', 'h2', 'h2', 'h2', 'h2', 'h1', 'h2', 'h2']"
www.themwl.org,"[60, 1, 2, 2, 1, 1, 1, 1]","['h2', 'h2', 'h3', 'h2', 'h3', 'h2', 'h2', 'h2']"
rutube.ru,"[7, 47, 30, 1, 3, 1, 3, 1, 6, 1, 4, 2, 6, 4, 1, 4, 2, 1, 2]","['h2', 'h2', 'h2', 'h2', 'h1', 'h2', 'h2', 'h2', 'h2', 'h2', 'h2', 'h2', 'h2', 'h2', 'h2', 'h2', 'h3', 'h2', 'h2']"
instinctmagazine.com,"[1, 16, 1, 5, 1, 4, 6, 1, 3, 4, 2, 2, 2, 1, 3, 1, 3, 2, 1, 1, 2, 3, 1, 1, 1, 1, 2, 1, 1, 1, 1, 1, 2, 1, 1, 2, 1, 1, 1, 1, 2, 1, 2, 2, 2, 1, 2, 9, 1, 1, 1, 1, 1, 3, 1, 1, 23, 2, 3, 4, 3, 1, 1, 2, 1, 1, 3, 2, 4, 2, 1, 4, 1, 2, 2, 6, 1, 7, 3, 2, 2, 2, 1, 1, 1, 1, 1, 1, 2, 2, 3, 1]","['h2', 'h2', 'h2', 'h2', 'h2', 'h2', 'h3', 'h2', 'h1', 'h2', 'h3', 'h2', 'h2', 'h2', 'h2', 'h2', 'h3', 'h2', 'h1', 'h2', 'h3', 'h1', 'h2', 'h2', 'h2', 'h2', 'h2', 'h2', 'h3', 'h2', 'h3', 'h2', 'h2', 'h2', 'h2', 'h2', 'h2', 'h2', 'h2', 'h2', 'h2', 'h2', 'h2', 'h2', 'h2', 'h2', 'h1', 'h3', 'h2', 'h2', 'h2', 'h3', 'h2', 'h2', 'h2', 'h2', 'h3', 'h2', 'h2', 'h2', 'h2', 'h3', 'h3', 'h2', 'h3', 'h3', 'h2', 'h2', 'h2', 'h3', 'h2', 'h3', 'h3', 'h3', 'h2', 'h1', 'h1', 'h1', 'h2', 'h2', 'h2', 'h2', 'h2', 'h2', 'h1', 'h2', 'h1', 'h1', 'h2', 'h2', 'h2', 'h1']"
lbry.com,"[28, 1, 3, 32, 1, 2, 1, 2, 2, 2, 1, 1, 1, 1, 1, 1, 2, 1, 1, 1, 1, 2, 1, 1]","['h3', 'h3', 'h2', 'h3', 'h2', 'h2', 'h2', 'h2', 'h2', 'h2', 'h2', 'h2', 'h3', 'h2', 'h3', 'h2', 'h2', 'h2', 'h2', 'h2', 'h2', 'h2', 'h3', 'h2']"
www.globalr2p.org,"[26, 1, 1, 1, 1, 1, 1, 2, 2, 1, 1, 1]","['h3', 'h2', 'h2', 'h2', 'h2', 'h2', 'h2', 'h2', 'h2', 'h2', 'h3', 'h2']"
medium.com,"[10, 4, 1, 10, 1, 1, 1, 1, 1, 1, 3, 6, 1, 3, 2]","['h2', 'h3', 'h2', 'h3', 'h2', 'h3', 'h2', 'h2', 'h2', 'h2', 'h3', 'h2', 'h2', 'h2', 'h2']"
plus.im,"[5, 3, 1, 1, 1, 2, 1, 2, 1]","['h2', 'h3', 'h2', 'h2', 'h2', 'h2', 'h2', 'h2', 'h3']"
www.dit-inc.us,"[1, 1, 1, 5, 6, 2, 2, 2, 1]","['h2', 'h1', 'h1', 'h1', 'h1', 'h1', 'h1', 'h1', 'h1']"
blog.counter-strike.net,"[5, 7, 1, 2, 1, 5, 1, 1, 1, 2, 3, 1, 2, 1, 1]","['h2', 'h3', 'h3', 'h2', 'h2', 'h2', 'h1', 'h2', 'h1', 'h2', 'h2', 'h1', 'h2', 'h3', 'h2']"
www.righttodie.ca,[8],['h2']
vector.im,"[1, 18, 1, 1, 1, 1, 1, 1, 2, 3, 1]","['h3', 'h2', 'h2', 'h3', 'h2', 'h2', 'h2', 'h2', 'h2', 'h2', 'h2']"
www.persecution.org,"[81, 1, 3, 1, 1, 1, 3, 2, 8, 1, 6, 2, 1, 1, 2, 1, 1, 1, 3, 2, 1, 3, 1, 1, 2, 1, 1, 2, 3, 3, 2, 2, 1, 1, 9, 4, 3]","['h2', 'h2', 'h2', 'h2', 'h3', 'h2', 'h2', 'h3', 'h2', 'h2', 'h2', 'h2', 'h3', 'h2', 'h2', 'h3', 'h2', 'h2', 'h2', 'h2', 'h3', 'h2', 'h2', 'h2', 'h2', 'h2', 'h2', 'h2', 'h3', 'h2', 'h2', 'h2', 'h3', 'h3', 'h3', 'h2', 'h2']"
ru.wikipedia.org,"[20, 18, 1]","['h2', 'h2', 'h2']"
now.org,"[49, 2, 3, 1, 2, 1, 2, 8, 2, 15, 3, 3, 2, 1, 1, 2]","['h2', 'h3', 'h2', 'h2', 'h2', 'h3', 'h2', 'h2', 'h2', 'h3', 'h3', 'h2', 'h2', 'h3', 'h2', 'h2']"
www.ask.com,"[30, 1, 2, 2, 3, 2, 1, 2, 3, 1, 3, 2, 1, 1, 9, 4, 3, 1, 2, 3, 4, 2, 3, 1, 1]","['h2', 'h2', 'h2', 'h2', 'h2', 'h3', 'h2', 'h2', 'h2', 'h1', 'h2', 'h2', 'h3', 'h2', 'h3', 'h3', 'h2', 'h2', 'h3', 'h3', 'h3', 'h3', 'h2', 'h2', 'h3']"
cdn.jsdelivr.net,"[1, 45, 9, 3, 2, 9, 1, 1, 2]","['h2', 'h3', 'h2', 'h2', 'h2', 'h2', 'h3', 'h2', 'h3']"
www.greenpeace.org,"[25, 2, 1, 2, 3, 1, 2, 2, 2, 1, 1, 1, 2, 1, 1, 1]","['h3', 'h2', 'h3', 'h2', 'h2', 'h2', 'h2', 'h2', 'h2', 'h2', 'h2', 'h2', 'h2', 'h2', 'h2', 'h2']"
www.1tv.ru,"[3, 4, 3, 3, 2, 21, 4, 1, 98, 2, 2, 2, 2, 2, 1, 11, 1, 6, 4, 6, 7, 5, 7, 3, 4, 4, 1, 20, 1, 4, 1, 1, 1, 1, 2, 1, 1]","['h1', 'h2', 'h2', 'h1', 'h2', 'h2', 'h3', 'h3', 'h2', 'h2', 'h2', 'h2', 'h1', 'h2', 'h2', 'h2', 'h2', 'h2', 'h1', 'h1', 'h1', 'h1', 'h1', 'h1', 'h1', 'h2', 'h2', 'h2', 'h2', 'h1', 'h1', 'h1', 'h3', 'h1', 'h2', 'h2', 'h3']"
www.people.com.cn,"[1, 1, 1, 1, 1, 1, 1, 1, 1, 1, 1, 1, 1, 1, 1, 1, 1, 1, 1, 1, 1, 1, 1, 1, 1, 1]","['h1', 'h1', 'h1', 'h1', 'h1', 'h1', 'h1', 'h1', 'h1', 'h1', 'h1', 'h1', 'h1', 'h1', 'h1', 'h1', 'h1', 'h1', 'h1', 'h1', 'h1', 'h1', 'h1', 'h1', 'h1', 'h1']"
mail.ru,"[1, 21, 7, 15, 24, 2, 1, 1, 10, 2, 2, 2, 11, 15, 2, 1, 2, 14, 4, 1, 1, 3, 1, 1, 8, 3, 1, 1, 3, 8, 1, 15, 1, 2, 5, 1, 2, 13, 8, 4, 1, 1, 18, 1, 1, 1, 2, 19, 2, 27, 1, 1, 3, 13, 2, 2, 3, 3, 3, 3, 4]","['h2', 'h2', 'h2', 'h2', 'h2', 'h2', 'h2', 'h2', 'h2', 'h2', 'h2', 'h2', 'h2', 'h2', 'h1', 'h2', 'h2', 'h2', 'h2', 'h1', 'h2', 'h1', 'h2', 'h1', 'h2', 'h2', 'h2', 'h2', 'h2', 'h1', 'h1', 'h2', 'h2', 'h2', 'h2', 'h1', 'h1', 'h2', 'h2', 'h2', 'h2', 'h2', 'h2', 'h1', 'h1', 'h2', 'h1', 'h2', 'h1', 'h2', 'h2', 'h2', 'h2', 'h2', 'h2', 'h2', 'h2', 'h2', 'h2', 'h2', 'h2']"
put.io,"[24, 1, 1, 1, 6, 2, 1, 2, 2, 4]","['h2', 'h2', 'h3', 'h2', 'h2', 'h2', 'h2', 'h2', 'h2', 'h1']"
www.ipcc.ch,"[1, 63, 2, 1, 2, 2, 1, 1, 1, 1, 1, 1]","['h2', 'h2', 'h2', 'h2', 'h2', 'h2', 'h2', 'h2', 'h2', 'h3', 'h2', 'h2']"
mozilla.cloudflare-dns.com,"[1, 7, 1, 1, 2, 9, 8]","['h3', 'h3', 'h2', 'h2', 'h2', 'h2', 'h2']"
www.venus.com,"[44, 4, 6, 1, 6, 1, 1, 2, 8, 2, 2, 6, 1, 1, 2, 1, 1, 1, 1, 5, 3, 6, 3, 1, 1, 1, 1, 7, 1, 5, 1, 1, 2, 1, 2, 4, 3, 2, 1, 1, 1, 4, 4, 2, 1, 1, 3, 1, 3, 4, 1, 2, 1, 25, 1, 3, 2, 2, 1, 2, 2, 1, 2, 1, 1, 2, 1, 2, 2, 2, 1, 3, 2, 2, 2, 1, 1, 1, 7, 2, 4, 2, 3, 1, 1, 2, 2, 1, 2, 3, 1, 2, 1, 6, 2, 1, 2, 1, 1, 1, 2, 2, 1, 1, 1, 1, 2, 1, 1, 1, 2, 1, 1, 1, 1, 1, 3, 1, 3, 2, 1, 1, 1, 5, 1, 1]","['h2', 'h2', 'h2', 'h2', 'h3', 'h2', 'h2', 'h2', 'h2', 'h2', 'h2', 'h2', 'h2', 'h2', 'h2', 'h2', 'h2', 'h3', 'h1', 'h2', 'h2', 'h2', 'h2', 'h2', 'h2', 'h2', 'h2', 'h2', 'h2', 'h2', 'h1', 'h2', 'h2', 'h3', 'h2', 'h2', 'h2', 'h2', 'h1', 'h1', 'h2', 'h2', 'h2', 'h2', 'h1', 'h2', 'h2', 'h2', 'h3', 'h2', 'h3', 'h2', 'h2', 'h1', 'h2', 'h3', 'h3', 'h3', 'h2', 'h2', 'h2', 'h2', 'h2', 'h2', 'h2', 'h3', 'h3', 'h2', 'h2', 'h3', 'h3', 'h2', 'h2', 'h2', 'h2', 'h2', 'h2', 'h2', 'h2', 'h2', 'h1', 'h2', 'h2', 'h2', 'h1', 'h2', 'h2', 'h2', 'h1', 'h2', 'h2', 'h2', 'h2', 'h2', 'h2', 'h1', 'h3', 'h2', 'h1', 'h3', 'h2', 'h1', 'h2', 'h2', 'h1', 'h2', 'h2', 'h2', 'h1', 'h2', 'h2', 'h2', 'h2', 'h2', 'h2', 'h2', 'h1', 'h2', 'h3', 'h2', 'h1', 'h2', 'h2', 'h2', 'h2', 'h2']"
www.mail2web.com,"[1, 23, 2, 1, 8, 2, 1, 3, 1, 24, 1, 1, 2, 4, 2, 1, 1, 1, 1, 1, 1, 1, 1, 1, 1]","['h2', 'h2', 'h2', 'h2', 'h2', 'h2', 'h2', 'h2', 'h2', 'h2', 'h2', 'h3', 'h2', 'h2', 'h2', 'h3', 'h2', 'h2', 'h3', 'h2', 'h2', 'h2', 'h2', 'h3', 'h3']"
www.ariannelingerie.com,"[1, 6, 49, 1, 1, 1, 1, 3, 1, 2, 2, 1, 1, 2, 1, 1, 1, 6, 1, 1, 1, 2, 50, 1, 1, 1, 1, 1, 1, 2, 2, 1, 2, 1, 2, 1, 1, 2, 2, 1, 1, 1, 2, 1, 2, 17, 1, 9, 5, 2, 1, 1, 3, 1, 1, 1, 4, 1, 3, 12, 5, 3]","['h2', 'h2', 'h3', 'h2', 'h3', 'h2', 'h2', 'h2', 'h2', 'h2', 'h2', 'h2', 'h3', 'h3', 'h2', 'h2', 'h2', 'h2', 'h3', 'h3', 'h3', 'h2', 'h3', 'h2', 'h3', 'h2', 'h2', 'h2', 'h2', 'h2', 'h2', 'h3', 'h2', 'h2', 'h2', 'h3', 'h2', 'h3', 'h3', 'h3', 'h3', 'h2', 'h3', 'h2', 'h2', 'h3', 'h2', 'h2', 'h2', 'h2', 'h2', 'h2', 'h2', 'h2', 'h2', 'h2', 'h2', 'h2', 'h3', 'h3', 'h2', 'h2']"
www.army.mil,"[1, 11, 31, 1, 2, 3, 2]","['h2', 'h2', 'h3', 'h2', 'h2', 'h2', 'h2']"
ntc.party,"[21, 1, 1]","['h2', 'h2', 'h2']"
maps.org,"[1, 1, 1, 10, 10, 126, 2, 6, 6, 3, 3, 7, 2, 1, 5, 1, 4, 3, 6, 7, 12, 1, 2, 1, 2, 5, 1, 15, 1, 5, 1, 2, 2, 1, 1, 1, 3, 1, 26, 3, 1, 1, 2, 2, 1, 5, 1, 1, 2, 1, 2, 2, 3, 6, 3, 2, 4, 7, 4, 2, 1, 1, 1, 4, 1, 4, 2, 24, 7, 2, 4, 4, 1, 3, 1, 22, 10, 2, 1, 1, 1, 1]","['h2', 'h1', 'h1', 'h2', 'h2', 'h3', 'h2', 'h2', 'h2', 'h2', 'h3', 'h3', 'h2', 'h2', 'h2', 'h2', 'h1', 'h3', 'h1', 'h3', 'h2', 'h2', 'h1', 'h2', 'h1', 'h2', 'h3', 'h2', 'h2', 'h3', 'h2', 'h3', 'h2', 'h2', 'h2', 'h2', 'h2', 'h2', 'h2', 'h2', 'h2', 'h3', 'h1', 'h2', 'h2', 'h1', 'h2', 'h1', 'h1', 'h2', 'h2', 'h2', 'h3', 'h3', 'h2', 'h2', 'h2', 'h3', 'h2', 'h2', 'h3', 'h3', 'h3', 'h2', 'h3', 'h2', 'h2', 'h3', 'h2', 'h2', 'h2', 'h2', 'h1', 'h2', 'h2', 'h2', 'h2', 'h2', 'h1', 'h1', 'h1', 'h1']"
www.wordreference.com,"[17, 2, 1, 1, 1, 1, 1, 1, 1]","['h2', 'h2', 'h3', 'h2', 'h2', 'h2', 'h2', 'h2', 'h2']"
digital.globalclimatestrike.net,"[70, 1, 3, 2, 3, 1, 1, 2, 4, 1, 1, 1, 1, 1, 2, 1, 5, 1, 1, 1, 1, 1, 2, 1, 4, 1, 1, 1, 1, 3, 2, 2]","['h3', 'h2', 'h2', 'h3', 'h3', 'h1', 'h2', 'h1', 'h2', 'h1', 'h1', 'h1', 'h1', 'h1', 'h2', 'h2', 'h2', 'h2', 'h2', 'h3', 'h2', 'h1', 'h2', 'h2', 'h2', 'h2', 'h3', 'h2', 'h3', 'h2', 'h2', 'h1']"
frontlineaids.org,"[37, 2, 1, 1, 4, 13, 1, 4, 2, 2, 1, 2, 2, 2, 1, 1, 1, 3, 1, 2, 2, 1, 1, 1, 1, 2, 2, 2, 4, 2, 1, 2, 1, 1, 1]","['h2', 'h2', 'h2', 'h2', 'h2', 'h3', 'h2', 'h2', 'h2', 'h2', 'h2', 'h2', 'h2', 'h2', 'h2', 'h3', 'h2', 'h2', 'h3', 'h3', 'h3', 'h2', 'h3', 'h2', 'h2', 'h2', 'h2', 'h2', 'h3', 'h2', 'h3', 'h2', 'h2', 'h2', 'h3']"
www.hrw.org,"[18, 1, 3, 3, 1, 3, 1, 2, 1, 3, 1, 2, 1, 2, 1, 4]","['h2', 'h2', 'h2', 'h2', 'h2', 'h3', 'h3', 'h2', 'h2', 'h3', 'h2', 'h2', 'h2', 'h2', 'h3', 'h2']"
coinmarketcap.com,"[3, 6, 85, 1, 31, 2, 2, 5, 1, 10, 3, 15, 8, 3, 18, 4, 7, 3, 1, 2, 1, 1]","['h2', 'h2', 'h3', 'h3', 'h3', 'h2', 'h2', 'h2', 'h2', 'h2', 'h1', 'h1', 'h2', 'h2', 'h2', 'h3', 'h2', 'h2', 'h2', 'h3', 'h2', 'h2']"
filen.io,"[1, 43, 1]","['h2', 'h2', 'h2']"
ren.tv,"[20, 2, 1]","['h2', 'h2', 'h2']"
sputnikglobe.com,"[5, 50, 11, 10, 3, 4, 4, 2, 3, 14, 1, 1, 3, 2, 1, 2, 5, 4, 1, 1, 2, 1, 1, 1, 2, 2, 4]","['h1', 'h2', 'h2', 'h1', 'h1', 'h2', 'h2', 'h1', 'h2', 'h2', 'h2', 'h1', 'h1', 'h2', 'h3', 'h1', 'h2', 'h2', 'h1', 'h2', 'h3', 'h2', 'h2', 'h2', 'h2', 'h2', 'h2']"
www.sendthisfile.com,"[1, 3, 1, 1, 2, 1]","['h1', 'h2', 'h1', 'h1', 'h1', 'h2']"
www.stratcom.mil,"[40, 1, 1, 2, 7, 1, 4, 1]","['h2', 'h2', 'h2', 'h2', 'h2', 'h2', 'h2', 'h3']"
www.hostgator.com,"[37, 2, 1, 2, 3, 7, 2, 1, 5, 4, 8, 3, 1, 1, 1, 1, 2, 1, 2, 1, 1, 7, 2, 1, 12, 4, 1, 1, 1, 1, 1, 2, 2, 1, 2, 1, 1, 2, 1, 1]","['h2', 'h2', 'h2', 'h2', 'h2', 'h2', 'h2', 'h2', 'h2', 'h2', 'h2', 'h2', 'h2', 'h2', 'h2', 'h1', 'h2', 'h2', 'h2', 'h2', 'h2', 'h2', 'h2', 'h2', 'h2', 'h2', 'h3', 'h2', 'h2', 'h2', 'h2', 'h2', 'h3', 'h3', 'h2', 'h3', 'h2', 'h2', 'h3', 'h3']"
disclose.ngo,"[63, 24, 31]","['h2', 'h2', 'h2']"
www.gov.uk,"[7, 18, 1, 1]","['h2', 'h3', 'h2', 'h3']"
www.itsyoursexlife.com,"[1, 21, 14, 6, 1, 2, 1, 5, 1, 2, 2, 1, 2, 1, 1, 1, 1, 4, 1, 13, 2, 1, 3, 2]","['h1', 'h2', 'h2', 'h2', 'h2', 'h2', 'h2', 'h2', 'h2', 'h1', 'h2', 'h2', 'h3', 'h2', 'h2', 'h2', 'h2', 'h2', 'h2', 'h2', 'h2', 'h2', 'h1', 'h1']"
kickasstorrents.to,"[9, 1, 2, 1, 1, 2, 1, 1, 1, 2, 2, 1, 1, 1, 2, 2, 1, 2, 2, 2, 1, 2, 1, 1, 2, 1]","['h3', 'h1', 'h2', 'h2', 'h1', 'h2', 'h1', 'h2', 'h2', 'h1', 'h2', 'h2', 'h2', 'h1', 'h2', 'h2', 'h2', 'h2', 'h2', 'h2', 'h1', 'h1', 'h2', 'h2', 'h2', 'h3']"
www.msn.com,"[1, 18, 1, 93, 1, 1, 17, 2, 1, 1, 2, 31, 13, 1, 1, 1, 1, 1, 2, 1, 1, 5, 1, 1, 6, 1, 1, 1, 1, 59, 1, 1, 1, 1, 1, 2, 3, 1, 3, 2, 2, 1, 3, 2, 1, 2, 2, 1, 4, 2]","['h1', 'h2', 'h1', 'h2', 'h1', 'h1', 'h2', 'h2', 'h1', 'h1', 'h2', 'h2', 'h2', 'h2', 'h3', 'h2', 'h2', 'h1', 'h2', 'h2', 'h2', 'h2', 'h2', 'h2', 'h2', 'h2', 'h2', 'h1', 'h2', 'h2', 'h1', 'h1', 'h1', 'h2', 'h1', 'h2', 'h2', 'h2', 'h1', 'h2', 'h2', 'h3', 'h2', 'h3', 'h1', 'h1', 'h2', 'h1', 'h2', 'h2']"
www.edf.org,"[55, 2, 1, 8, 1, 10, 1, 2, 2, 1, 1, 1, 1, 2, 2, 7, 1, 2, 2, 2, 1, 11, 2, 5, 2, 4, 1, 2, 3, 16, 2, 2, 8, 1, 1, 1, 1, 1, 1, 1, 8, 2, 2, 1, 12, 5, 2, 3, 1, 1, 1, 1, 1, 2, 2, 1, 1, 2, 3, 1, 1, 4, 1, 3, 1, 1, 1, 4, 1, 10, 1, 4, 4, 2]","['h2', 'h2', 'h2', 'h2', 'h2', 'h2', 'h2', 'h3', 'h2', 'h1', 'h1', 'h3', 'h2', 'h2', 'h2', 'h2', 'h3', 'h2', 'h2', 'h2', 'h3', 'h3', 'h3', 'h2', 'h2', 'h2', 'h2', 'h3', 'h3', 'h3', 'h2', 'h1', 'h2', 'h2', 'h2', 'h2', 'h2', 'h1', 'h1', 'h2', 'h2', 'h2', 'h2', 'h2', 'h2', 'h3', 'h2', 'h2', 'h1', 'h2', 'h2', 'h2', 'h2', 'h3', 'h3', 'h3', 'h2', 'h2', 'h2', 'h1', 'h2', 'h2', 'h2', 'h2', 'h2', 'h2', 'h3', 'h2', 'h2', 'h2', 'h2', 'h2', 'h1', 'h2']"
www.advocate.com,"[4, 6, 7, 4, 2, 2, 3, 4, 1, 14, 1, 1, 9, 2, 2, 1, 1, 1, 2, 1, 2, 2, 1, 10, 8, 7, 13, 14, 2, 2, 10, 2, 1, 6, 5, 1, 1, 2, 3, 9, 4, 2, 2, 1, 1, 2, 1, 2, 3, 2, 1, 1, 3, 11, 34, 2, 5, 1, 1, 2, 1, 1, 2, 1, 2, 1, 1, 1, 1, 13, 2, 1, 1, 1, 1, 1, 2, 1, 2, 2, 4, 1, 3, 2, 6, 2, 4, 1, 1, 1, 2, 1, 1, 1, 1, 1, 2, 1, 1, 4, 1, 1, 2, 2, 1, 2, 1, 2, 1, 2]","['h2', 'h2', 'h3', 'h2', 'h2', 'h2', 'h2', 'h2', 'h3', 'h3', 'h2', 'h2', 'h3', 'h2', 'h3', 'h2', 'h2', 'h2', 'h2', 'h2', 'h3', 'h2', 'h3', 'h2', 'h3', 'h2', 'h2', 'h2', 'h1', 'h1', 'h2', 'h1', 'h1', 'h2', 'h3', 'h2', 'h2', 'h3', 'h2', 'h3', 'h2', 'h2', 'h2', 'h3', 'h3', 'h1', 'h2', 'h2', 'h2', 'h3', 'h3', 'h2', 'h2', 'h2', 'h3', 'h2', 'h3', 'h2', 'h1', 'h2', 'h2', 'h2', 'h2', 'h2', 'h2', 'h2', 'h2', 'h2', 'h3', 'h2', 'h2', 'h2', 'h2', 'h2', 'h2', 'h2', 'h2', 'h3', 'h1', 'h2', 'h1', 'h2', 'h2', 'h2', 'h1', 'h2', 'h2', 'h2', 'h2', 'h2', 'h1', 'h2', 'h2', 'h2', 'h2', 'h1', 'h2', 'h2', 'h2', 'h2', 'h1', 'h1', 'h1', 'h1', 'h3', 'h2', 'h1', 'h1', 'h1', 'h1']"
www.tsroadmap.com,"[1, 6, 6, 4, 1, 2, 2, 1, 1, 3, 1, 2, 1, 1, 2, 1, 2, 1, 2, 1, 2, 1, 2]","['h2', 'h2', 'h2', 'h3', 'h2', 'h2', 'h2', 'h2', 'h2', 'h3', 'h2', 'h3', 'h2', 'h2', 'h2', 'h2', 'h3', 'h2', 'h3', 'h2', 'h2', 'h3', 'h3']"
stackexchange.com,"[6, 26, 1, 1, 3, 14, 4, 1, 1]","['h2', 'h2', 'h2', 'h2', 'h2', 'h2', 'h2', 'h3', 'h2']"
thunder.free-signal.com,"[7, 5, 6, 3, 7, 4, 1, 3, 5, 2, 1, 2, 1, 2]","['h1', 'h1', 'h1', 'h1', 'h1', 'h1', 'h2', 'h2', 'h3', 'h3', 'h2', 'h2', 'h3', 'h3']"
translate.google.com,"[3, 3, 3, 32, 4, 1, 1, 8, 3, 1]","['h2', 'h2', 'h2', 'h3', 'h2', 'h2', 'h2', 'h3', 'h3', 'h3']"
wikihow.com,"[1, 2, 46, 1, 2, 2, 1, 1]","['h2', 'h2', 'h3', 'h3', 'h2', 'h2', 'h2', 'h3']"
www.bicommunitynews.co.uk,"[29, 1, 5, 4, 1, 14, 1, 2, 1, 1]","['h2', 'h2', 'h2', 'h2', 'h2', 'h3', 'h2', 'h2', 'h2', 'h2']"
www.laquadrature.net,"[28, 1]","['h2', 'h2']"
www.fark.com,"[10, 1, 53, 1, 2, 1, 3, 1, 2, 1, 3, 2, 2, 1, 13, 1, 9, 1, 2, 1, 1, 2, 1, 1, 2, 1, 1, 4, 4, 9, 4, 6, 8, 2, 4, 4, 4, 2, 1, 4, 1, 1, 1, 1, 1, 1, 1, 1, 4, 7, 2, 2, 2, 7, 1, 1, 2, 3, 2, 1, 2, 1, 4, 6, 4, 12, 4, 14, 1, 2, 2, 3, 1, 1, 2, 4, 2, 1, 2, 7, 1, 1, 1, 1, 2, 2, 9, 6, 1, 6, 1, 2, 2, 4, 2, 1, 1, 3, 1, 2, 2, 4, 3, 1, 3, 2, 2, 3, 1, 4, 1, 3, 7, 1, 1, 1, 10, 4, 1, 2, 1, 2, 21, 2, 7, 1, 5, 4, 4, 1, 1, 2, 2, 4, 2, 7, 4, 1, 2, 7, 2, 1, 1, 1, 2, 4, 1, 1, 4, 3, 3, 1, 1, 2, 1, 1, 1, 1, 2, 1, 2, 1, 2, 1, 2, 1, 1, 1, 1, 2, 1, 3, 2, 2, 1, 2, 1, 2, 1, 1, 4, 1, 1, 1, 1, 2, 5, 1, 2, 3, 2, 2, 1, 2, 3, 2, 1, 3, 1, 2, 1, 1, 1, 1, 1, 1, 2, 6, 2, 2, 1, 2]","['h3', 'h2', 'h3', 'h2', 'h3', 'h3', 'h2', 'h2', 'h2', 'h2', 'h3', 'h2', 'h2', 'h3', 'h2', 'h2', 'h3', 'h3', 'h2', 'h2', 'h2', 'h3', 'h2', 'h2', 'h2', 'h2', 'h2', 'h2', 'h2', 'h2', 'h2', 'h2', 'h2', 'h2', 'h2', 'h2', 'h2', 'h2', 'h2', 'h1', 'h2', 'h2', 'h2', 'h2', 'h2', 'h2', 'h2', 'h2', 'h1', 'h3', 'h2', 'h2', 'h2', 'h3', 'h3', 'h2', 'h2', 'h2', 'h2', 'h2', 'h2', 'h3', 'h3', 'h2', 'h3', 'h3', 'h3', 'h2', 'h2', 'h2', 'h2', 'h2', 'h2', 'h2', 'h3', 'h2', 'h3', 'h2', 'h2', 'h2', 'h2', 'h1', 'h1', 'h1', 'h2', 'h2', 'h2', 'h2', 'h2', 'h2', 'h2', 'h2', 'h2', 'h3', 'h2', 'h2', 'h2', 'h1', 'h2', 'h2', 'h1', 'h2', 'h2', 'h2', 'h1', 'h1', 'h2', 'h2', 'h2', 'h1', 'h1', 'h2', 'h2', 'h2', 'h2', 'h1', 'h2', 'h2', 'h2', 'h2', 'h2', 'h3', 'h3', 'h2', 'h3', 'h2', 'h3', 'h2', 'h2', 'h3', 'h2', 'h2', 'h2', 'h1', 'h2', 'h2', 'h2', 'h2', 'h2', 'h2', 'h2', 'h2', 'h2', 'h2', 'h2', 'h2', 'h2', 'h1', 'h2', 'h3', 'h1', 'h2', 'h2', 'h2', 'h2', 'h2', 'h3', 'h1', 'h2', 'h2', 'h2', 'h2', 'h2', 'h2', 'h1', 'h1', 'h1', 'h2', 'h2', 'h1', 'h2', 'h1', 'h1', 'h3', 'h1', 'h2', 'h1', 'h2', 'h1', 'h2', 'h2', 'h2', 'h2', 'h3', 'h1', 'h1', 'h2', 'h2', 'h2', 'h2', 'h1', 'h2', 'h2', 'h2', 'h3', 'h2', 'h2', 'h3', 'h2', 'h2', 'h2', 'h1', 'h1', 'h2', 'h2', 'h2', 'h2', 'h2', 'h2', 'h2', 'h3', 'h2']"
www.rki.de,"[8, 10, 6, 8, 7, 5, 1]","['h1', 'h1', 'h1', 'h1', 'h1', 'h1', 'h2']"
www.scientology.org,"[5, 8, 2, 2, 1, 2, 3, 4, 21, 2, 6, 2, 1, 2, 4, 2, 1, 1, 4, 2, 2, 2, 2, 2, 2, 3, 2, 2, 2, 4, 1, 3, 2]","['h2', 'h3', 'h2', 'h2', 'h2', 'h1', 'h2', 'h2', 'h2', 'h2', 'h3', 'h2', 'h1', 'h3', 'h3', 'h1', 'h2', 'h2', 'h2', 'h3', 'h2', 'h2', 'h2', 'h3', 'h3', 'h3', 'h2', 'h3', 'h2', 'h3', 'h3', 'h3', 'h2']"
www.plannedparenthood.org,"[30, 2, 4, 1, 1, 4, 2, 1, 1, 2, 1, 2, 2, 4, 4, 4, 2, 1, 1, 1, 4, 1, 2, 1, 2, 1, 1, 1, 2, 2, 1, 1, 1, 1, 1, 1, 4, 2, 1, 1, 2, 2, 2, 1, 6, 1, 5, 1, 2, 2, 2, 1, 1, 3, 1, 1, 1, 1, 1, 2, 4]","['h2', 'h2', 'h2', 'h2', 'h2', 'h2', 'h3', 'h3', 'h2', 'h2', 'h2', 'h2', 'h3', 'h3', 'h2', 'h2', 'h2', 'h2', 'h2', 'h2', 'h3', 'h1', 'h2', 'h2', 'h1', 'h2', 'h1', 'h1', 'h1', 'h2', 'h1', 'h1', 'h2', 'h2', 'h2', 'h2', 'h2', 'h2', 'h2', 'h2', 'h2', 'h2', 'h3', 'h3', 'h3', 'h2', 'h2', 'h3', 'h3', 'h2', 'h2', 'h1', 'h1', 'h2', 'h1', 'h1', 'h2', 'h1', 'h2', 'h2', 'h2']"
libgen.li,"[1, 11, 1, 1, 2, 4, 2, 1, 1, 2, 1, 2, 1, 2]","['h2', 'h3', 'h2', 'h2', 'h2', 'h3', 'h2', 'h2', 'h2', 'h3', 'h2', 'h2', 'h3', 'h3']"
www.overdrive.com,"[27, 1, 15, 6, 2, 2, 1, 3, 2, 1, 1, 1, 2, 11, 1, 2, 1, 1, 1, 2, 2, 2, 2, 2, 1, 1, 3]","['h2', 'h2', 'h2', 'h2', 'h2', 'h2', 'h2', 'h3', 'h2', 'h3', 'h3', 'h2', 'h2', 'h2', 'h2', 'h2', 'h3', 'h3', 'h3', 'h2', 'h2', 'h2', 'h2', 'h2', 'h2', 'h1', 'h3']"
www.instagram.com,"[3, 8, 17, 5, 1, 1]","['h2', 'h2', 'h3', 'h3', 'h2', 'h2']"
www.pornhub.com,"[21, 6, 2, 2, 2, 2, 2, 1, 1, 2]","['h2', 'h2', 'h2', 'h2', 'h2', 'h2', 'h2', 'h2', 'h2', 'h2']"
www.beer.com,"[4, 1, 1, 3, 1, 1]","['h2', 'h2', 'h2', 'h2', 'h2', 'h2']"
www.kff.org,"[64, 2, 1, 1, 2, 3, 3, 4, 1, 2, 1, 2, 2, 1, 1, 1, 2, 1, 3, 3, 2, 2, 1, 1, 1, 2, 1, 3, 1, 1, 2, 3, 1, 2, 2, 1]","['h2', 'h2', 'h2', 'h2', 'h3', 'h2', 'h3', 'h2', 'h2', 'h2', 'h3', 'h2', 'h2', 'h1', 'h2', 'h3', 'h2', 'h2', 'h3', 'h2', 'h2', 'h2', 'h2', 'h2', 'h2', 'h2', 'h2', 'h2', 'h2', 'h2', 'h3', 'h3', 'h2', 'h2', 'h3', 'h2']"
teams.microsoft.com,"[1, 1, 9, 33, 75, 3, 1, 1, 2, 2, 1, 4, 1, 1, 1, 9, 1]","['h1', 'h1', 'h2', 'h2', 'h2', 'h2', 'h1', 'h1', 'h1', 'h1', 'h1', 'h2', 'h1', 'h1', 'h1', 'h2', 'h1']"
wkkf.org,"[1, 53, 1, 1, 1, 2, 2, 1, 1, 1, 1, 1, 2, 1]","['h1', 'h2', 'h1', 'h2', 'h2', 'h2', 'h2', 'h2', 'h2', 'h2', 'h2', 'h2', 'h1', 'h1']"
www.hushmail.com,"[6, 4, 6, 9, 4, 5, 1, 1, 3, 1, 1, 2, 4, 1, 1, 1, 1, 5, 1, 1, 2, 1, 1, 2, 2, 1, 1, 2, 1, 4, 2, 4, 2, 1, 5, 1, 3]","['h1', 'h1', 'h1', 'h1', 'h1', 'h1', 'h2', 'h2', 'h2', 'h2', 'h1', 'h2', 'h2', 'h3', 'h2', 'h2', 'h2', 'h2', 'h2', 'h2', 'h2', 'h2', 'h2', 'h2', 'h3', 'h3', 'h2', 'h3', 'h3', 'h2', 'h2', 'h2', 'h2', 'h2', 'h1', 'h2', 'h2']"
timcast.com,"[33, 3, 2, 3, 1, 1, 1, 1, 1, 3, 11, 1, 4, 4, 1, 1, 1, 1, 1, 2, 3, 1, 1, 3, 1, 1, 1, 1, 1, 1, 1, 1, 1, 1, 1, 1, 3, 2, 1, 2, 2, 1, 1, 2]","['h2', 'h2', 'h2', 'h2', 'h2', 'h3', 'h1', 'h2', 'h1', 'h2', 'h3', 'h2', 'h1', 'h3', 'h2', 'h2', 'h2', 'h2', 'h2', 'h2', 'h2', 'h2', 'h3', 'h2', 'h2', 'h2', 'h1', 'h2', 'h2', 'h2', 'h3', 'h2', 'h2', 'h2', 'h2', 'h3', 'h2', 'h2', 'h3', 'h1', 'h2', 'h2', 'h2', 'h2']"
www.fastmail.com,"[35, 1]","['h3', 'h3']"
login.live.com,"[1, 3, 1, 1, 5, 1, 2]","['h1', 'h2', 'h1', 'h1', 'h2', 'h2', 'h2']"
ipi.media,"[49, 2, 1, 2, 3, 5, 1, 2, 2, 1, 1, 2, 1, 1, 2, 1, 1]","['h2', 'h1', 'h3', 'h3', 'h2', 'h2', 'h3', 'h2', 'h3', 'h3', 'h1', 'h1', 'h2', 'h2', 'h2', 'h3', 'h3']"
www.pokerstars.com,"[1, 4, 3, 5, 9, 18, 6, 2, 1, 1, 1, 2, 1, 7, 1, 1, 1]","['h2', 'h2', 'h2', 'h2', 'h2', 'h2', 'h2', 'h2', 'h2', 'h2', 'h2', 'h2', 'h2', 'h2', 'h2', 'h2', 'h2']"
www.irna.ir,"[77, 1, 2, 1, 1, 1, 2, 1, 1]","['h2', 'h2', 'h2', 'h2', 'h2', 'h2', 'h3', 'h2', 'h2']"
occupystreams.org,"[45, 1, 1, 1]","['h3', 'h2', 'h2', 'h2']"
khilafah.net,"[25, 1, 1, 1, 1, 1]","['h2', 'h2', 'h1', 'h1', 'h1', 'h2']"
www.drugsdata.org,"[1, 1, 23, 19, 20, 21, 22, 21, 2]","['h1', 'h1', 'h1', 'h1', 'h1', 'h1', 'h1', 'h1', 'h2']"
www.learningpartnership.org,"[30, 3, 1, 3, 2, 1, 1, 1, 2, 2, 2, 3, 2, 1, 3, 2]","['h2', 'h2', 'h2', 'h2', 'h2', 'h1', 'h2', 'h3', 'h2', 'h2', 'h2', 'h2', 'h3', 'h2', 'h2', 'h2']"
sea-watch.org,"[30, 2, 6, 8, 2, 1, 1, 11, 3, 3, 1, 1, 4, 2, 7, 1, 1, 1, 1, 1, 1, 4, 1, 1, 2, 1, 2]","['h2', 'h2', 'h2', 'h2', 'h2', 'h2', 'h2', 'h2', 'h2', 'h3', 'h3', 'h2', 'h2', 'h2', 'h2', 'h2', 'h2', 'h1', 'h2', 'h2', 'h2', 'h2', 'h2', 'h2', 'h2', 'h2', 'h2']"
cryptpad.fr,[54],['h2']
911truth.org,"[37, 1, 3, 1, 1, 3, 2, 2, 4, 8, 2, 3, 3, 1, 1, 1, 2, 4, 1]","['h2', 'h2', 'h2', 'h2', 'h2', 'h2', 'h2', 'h2', 'h2', 'h3', 'h2', 'h2', 'h3', 'h3', 'h2', 'h2', 'h2', 'h3', 'h2']"
www.cis.minsk.by,"[1, 9, 3, 3, 7, 1, 16, 1, 1]","['h1', 'h1', 'h1', 'h1', 'h1', 'h1', 'h2', 'h2', 'h1']"
1.1.1.1,"[1, 9, 1]","['h2', 'h3', 'h3']"
womeninblack.org,"[7, 5, 6, 6, 5, 1, 4, 2]","['h1', 'h1', 'h1', 'h1', 'h1', 'h2', 'h1', 'h2']"
lbry.org,"[210, 1, 2, 1]","['h3', 'h3', 'h2', 'h3']"
www.footprintnetwork.org,"[37, 1, 4, 2, 1, 2, 1, 2, 1, 7, 2, 1, 1, 8, 2, 1, 3, 1, 1]","['h2', 'h2', 'h2', 'h2', 'h2', 'h2', 'h2', 'h2', 'h3', 'h2', 'h2', 'h2', 'h2', 'h2', 'h2', 'h2', 'h1', 'h1', 'h1']"
www.americannaziparty.com,"[11, 14, 1, 1, 27, 2, 2, 1]","['h2', 'h3', 'h2', 'h2', 'h3', 'h2', 'h1', 'h2']"
pirateparty.org.au,"[31, 2, 1, 2, 1, 2, 2, 1]","['h3', 'h2', 'h2', 'h2', 'h2', 'h2', 'h2', 'h3']"
www.globalpolicy.org,"[1, 1, 1, 1, 29, 1, 2, 2]","['h1', 'h1', 'h1', 'h1', 'h2', 'h2', 'h2', 'h2']"
addons.mozilla.org,"[41, 1, 4, 1, 1]","['h2', 'h2', 'h2', 'h3', 'h2']"
vesselthefilm.com,"[9, 28, 6, 4, 2, 3, 5, 1, 2, 3, 1, 8, 1, 3, 2, 1, 1, 1, 3, 1, 1, 1, 2, 1, 2, 2, 3, 1, 2, 2, 1, 1, 3, 2]","['h1', 'h2', 'h1', 'h1', 'h1', 'h1', 'h1', 'h2', 'h2', 'h1', 'h2', 'h2', 'h2', 'h2', 'h3', 'h3', 'h1', 'h2', 'h1', 'h2', 'h1', 'h2', 'h2', 'h2', 'h2', 'h2', 'h2', 'h2', 'h2', 'h1', 'h2', 'h3', 'h2', 'h2']"
www.sida.se,"[24, 2, 3, 1, 3, 1, 1, 2, 7, 1, 2, 3]","['h2', 'h2', 'h2', 'h2', 'h2', 'h2', 'h2', 'h2', 'h2', 'h2', 'h2', 'h1']"
www.goldenrivieracasino.com,"[82, 2, 3, 1, 1, 3, 4, 1, 1, 1, 1, 2, 3, 1]","['h3', 'h3', 'h2', 'h2', 'h2', 'h3', 'h2', 'h2', 'h2', 'h2', 'h2', 'h2', 'h3', 'h2']"
www.iucn.org,"[28, 1, 1, 3, 2, 2, 1, 1, 2, 1, 1, 2, 2]","['h2', 'h2', 'h3', 'h2', 'h3', 'h3', 'h2', 'h2', 'h2', 'h2', 'h3', 'h1', 'h1']"
uphold.com,"[26, 5, 1, 15, 4, 2, 6, 1, 4, 6, 2, 7, 1, 1, 7, 2, 1, 1, 1, 3, 2, 1]","['h3', 'h2', 'h2', 'h3', 'h2', 'h2', 'h3', 'h2', 'h3', 'h2', 'h3', 'h2', 'h2', 'h3', 'h2', 'h2', 'h2', 'h2', 'h1', 'h2', 'h2', 'h2']"
www.royalvegas.com,"[1, 20, 1, 2, 1, 1, 1, 4, 1, 2, 10, 9, 1, 2, 1, 3, 1]","['h2', 'h2', 'h2', 'h2', 'h2', 'h2', 'h2', 'h3', 'h2', 'h2', 'h2', 'h2', 'h2', 'h2', 'h3', 'h2', 'h2']"
www.wmtransfer.com,"[11, 2, 3, 7, 4, 3, 10, 22, 2, 1, 1, 2, 11, 1, 1, 1, 3, 1]","['h1', 'h2', 'h1', 'h1', 'h1', 'h1', 'h1', 'h2', 'h2', 'h1', 'h1', 'h2', 'h3', 'h3', 'h2', 'h2', 'h2', 'h2']"
www.2600.com,"[1, 1, 1, 1, 1, 1, 1, 1, 1, 1, 1, 1, 1, 1, 1, 1, 1, 1, 1, 1, 1, 1, 1, 1, 1, 1, 1, 1, 1, 1, 1, 1, 1, 1, 1, 1, 1, 1, 1, 1, 1, 1, 1, 1, 1, 1, 1, 1, 1, 1, 1, 1, 1, 1, 1, 1, 1, 1, 1, 1, 1, 1, 1, 1, 1, 1, 3, 1, 1, 1, 1, 1, 1, 1, 1, 1, 1]","['h1', 'h1', 'h1', 'h1', 'h1', 'h1', 'h1', 'h1', 'h1', 'h1', 'h1', 'h1', 'h1', 'h1', 'h1', 'h1', 'h1', 'h1', 'h1', 'h1', 'h1', 'h1', 'h1', 'h1', 'h1', 'h1', 'h1', 'h1', 'h1', 'h1', 'h1', 'h1', 'h1', 'h1', 'h1', 'h1', 'h1', 'h1', 'h1', 'h1', 'h1', 'h1', 'h1', 'h1', 'h1', 'h1', 'h1', 'h1', 'h1', 'h1', 'h1', 'h1', 'h1', 'h1', 'h1', 'h1', 'h1', 'h1', 'h1', 'h1', 'h1', 'h1', 'h1', 'h1', 'h1', 'h1', 'h2', 'h1', 'h2', 'h1', 'h1', 'h1', 'h1', 'h1', 'h1', 'h2', 'h1']"
s3.amazonaws.com,"[1, 1, 1, 46, 5, 32, 3, 3, 71, 2, 10, 1, 1, 1, 1, 2, 1, 7, 15, 1, 11, 2, 1, 5, 1, 21, 6, 2, 1, 1, 5, 2, 4, 12, 2, 3, 2, 1, 1, 1, 4, 2]","['h1', 'h1', 'h1', 'h2', 'h2', 'h3', 'h2', 'h2', 'h2', 'h2', 'h2', 'h1', 'h2', 'h2', 'h2', 'h2', 'h2', 'h2', 'h3', 'h2', 'h2', 'h2', 'h2', 'h2', 'h2', 'h2', 'h2', 'h3', 'h2', 'h2', 'h2', 'h2', 'h2', 'h3', 'h2', 'h2', 'h3', 'h3', 'h2', 'h2', 'h3', 'h2']"
krunker.io,"[53, 1, 25, 2, 1, 2, 2, 1, 5, 2, 1, 1, 2, 2, 1, 2, 6, 1, 2, 1, 1, 2, 1, 1, 1, 2, 1, 1, 1, 1, 2, 1, 3, 1, 3, 1]","['h2', 'h2', 'h3', 'h2', 'h2', 'h1', 'h2', 'h2', 'h2', 'h3', 'h2', 'h2', 'h2', 'h2', 'h1', 'h1', 'h2', 'h2', 'h2', 'h2', 'h2', 'h2', 'h2', 'h2', 'h2', 'h2', 'h2', 'h2', 'h2', 'h3', 'h2', 'h1', 'h1', 'h2', 'h3', 'h2']"
experience.arcgis.com,"[41, 2, 1]","['h2', 'h2', 'h2']"
www.democracynow.org,"[4, 1, 4, 4, 3, 1, 5, 3, 1, 3, 3, 3, 2, 2, 2, 1, 1, 2, 6, 5, 1, 1, 3, 1, 1, 1]","['h1', 'h2', 'h1', 'h1', 'h1', 'h2', 'h2', 'h1', 'h1', 'h1', 'h1', 'h1', 'h2', 'h2', 'h3', 'h1', 'h1', 'h2', 'h2', 'h1', 'h3', 'h3', 'h2', 'h2', 'h1', 'h1']"
www.chinatimes.com,"[104, 1, 4, 2, 16, 3, 3, 6, 3, 2, 2, 2, 1, 2, 3, 1, 2, 2, 1, 2, 2, 2, 1, 3, 8, 1, 1, 1, 1, 2, 1, 1, 3, 2, 7, 1, 2, 11, 5, 3, 1, 2, 13, 1, 2, 2, 1, 2, 1, 8, 7, 1, 3, 2, 2, 1, 5, 1, 6, 2, 4, 4, 1, 9, 2, 2, 1, 1, 4, 12, 2, 3, 3, 1, 1, 3, 3, 15, 2, 4, 1, 1, 6, 1, 15, 9, 2, 2, 3, 2, 2, 2, 4, 1, 20, 1, 2, 1, 5, 2, 1, 4, 2, 1, 1, 10]","['h3', 'h2', 'h3', 'h2', 'h3', 'h2', 'h2', 'h2', 'h2', 'h3', 'h2', 'h2', 'h3', 'h2', 'h2', 'h2', 'h2', 'h2', 'h3', 'h2', 'h2', 'h2', 'h2', 'h2', 'h3', 'h2', 'h2', 'h2', 'h2', 'h3', 'h2', 'h2', 'h3', 'h2', 'h3', 'h2', 'h2', 'h3', 'h2', 'h3', 'h2', 'h2', 'h3', 'h2', 'h2', 'h3', 'h3', 'h2', 'h2', 'h2', 'h3', 'h2', 'h2', 'h2', 'h2', 'h2', 'h2', 'h2', 'h2', 'h2', 'h2', 'h2', 'h2', 'h2', 'h3', 'h2', 'h3', 'h1', 'h2', 'h3', 'h2', 'h2', 'h2', 'h2', 'h2', 'h2', 'h3', 'h2', 'h3', 'h3', 'h2', 'h2', 'h3', 'h2', 'h3', 'h3', 'h3', 'h2', 'h3', 'h2', 'h3', 'h2', 'h2', 'h2', 'h2', 'h2', 'h3', 'h2', 'h2', 'h3', 'h3', 'h1', 'h2', 'h1', 'h1', 'h3']"
www.huffpost.com,"[22, 6, 15, 1, 1, 3, 3, 6, 2, 148, 6, 3, 1, 1, 1, 1, 1, 16, 4, 2, 4, 16, 5, 8, 1, 1, 2, 1, 1, 1, 3, 11, 1, 1, 1, 1, 1, 7, 3, 3, 2, 12, 2, 6, 1, 2, 5, 1, 3, 1, 1, 2, 8, 2, 3, 1, 1, 1, 2, 2, 2, 3, 5, 7, 2, 4, 1, 4, 1, 2, 4, 3, 2, 1, 1, 2, 1, 1, 1, 1, 1, 1, 9, 1, 1, 1, 3, 1, 2, 3, 8, 3, 4, 1, 2, 6, 1, 2, 2, 1, 2, 9, 1, 1, 1, 1, 1, 2, 1, 1, 2, 4, 1, 2, 3, 1, 9, 1, 2, 1, 1, 1, 1, 1, 4, 2, 2, 4, 3, 2, 1, 4, 5, 2, 1, 1, 3, 64, 1, 4, 2, 4, 4, 7, 4, 2, 4, 4, 4, 72, 13, 1, 6, 2, 1, 10, 1, 2, 1, 1, 1, 3, 2, 4, 1, 1, 1, 3, 1, 4, 1, 4, 4, 1, 1, 2, 17, 2, 1, 3, 3, 4, 1, 5, 1, 1, 10, 2, 1, 1, 2, 1, 1, 1, 2, 1, 3, 1, 11, 2, 1, 1, 2, 3, 2, 1, 1, 1, 2, 1, 1, 11, 2, 4, 2, 10, 2, 1, 1, 1, 1, 2, 13, 24, 1, 1, 2, 1, 2]","['h2', 'h2', 'h2', 'h2', 'h2', 'h2', 'h2', 'h2', 'h2', 'h3', 'h2', 'h2', 'h2', 'h2', 'h2', 'h3', 'h2', 'h3', 'h2', 'h2', 'h2', 'h2', 'h3', 'h2', 'h2', 'h2', 'h2', 'h2', 'h2', 'h2', 'h2', 'h3', 'h2', 'h2', 'h2', 'h2', 'h2', 'h1', 'h2', 'h2', 'h1', 'h2', 'h2', 'h2', 'h2', 'h2', 'h1', 'h2', 'h2', 'h2', 'h1', 'h2', 'h1', 'h1', 'h3', 'h1', 'h2', 'h2', 'h3', 'h2', 'h2', 'h2', 'h2', 'h2', 'h2', 'h3', 'h2', 'h3', 'h2', 'h2', 'h1', 'h1', 'h2', 'h2', 'h2', 'h2', 'h2', 'h3', 'h2', 'h1', 'h2', 'h2', 'h3', 'h2', 'h1', 'h1', 'h1', 'h2', 'h2', 'h2', 'h2', 'h2', 'h2', 'h2', 'h2', 'h3', 'h2', 'h3', 'h1', 'h2', 'h2', 'h2', 'h2', 'h2', 'h2', 'h1', 'h2', 'h2', 'h2', 'h2', 'h2', 'h2', 'h2', 'h2', 'h1', 'h2', 'h3', 'h2', 'h2', 'h2', 'h1', 'h2', 'h1', 'h2', 'h1', 'h2', 'h3', 'h2', 'h2', 'h2', 'h2', 'h3', 'h2', 'h2', 'h2', 'h2', 'h2', 'h2', 'h2', 'h2', 'h2', 'h2', 'h2', 'h2', 'h2', 'h2', 'h2', 'h2', 'h2', 'h3', 'h2', 'h2', 'h2', 'h2', 'h1', 'h3', 'h2', 'h2', 'h2', 'h2', 'h2', 'h2', 'h2', 'h2', 'h2', 'h2', 'h1', 'h2', 'h1', 'h1', 'h1', 'h2', 'h2', 'h3', 'h3', 'h2', 'h3', 'h2', 'h3', 'h2', 'h2', 'h3', 'h1', 'h2', 'h1', 'h1', 'h3', 'h1', 'h1', 'h2', 'h2', 'h2', 'h2', 'h2', 'h2', 'h2', 'h2', 'h2', 'h2', 'h2', 'h2', 'h2', 'h3', 'h2', 'h1', 'h1', 'h1', 'h1', 'h1', 'h1', 'h2', 'h1', 'h2', 'h1', 'h1', 'h1', 'h2', 'h1', 'h1', 'h1', 'h3', 'h2', 'h2', 'h2', 'h1', 'h2', 'h1', 'h2', 'h2']"
freespeechdebate.com,"[37, 2, 1, 1, 2, 2, 1, 1]","['h2', 'h2', 'h2', 'h3', 'h3', 'h2', 'h3', 'h2']"
www.logmein.com,"[25, 2, 1, 1, 1, 2, 2, 4, 10, 5, 1, 1, 3, 5, 5, 1, 3, 1, 1, 9, 1, 3, 1, 1, 1, 2, 6, 3, 1, 1, 1, 1, 1, 2, 1, 1, 4, 1, 1, 2, 1, 5, 2, 9, 6, 2, 2, 4, 2, 1, 1, 1, 1, 1, 4, 2]","['h2', 'h2', 'h3', 'h2', 'h2', 'h2', 'h2', 'h2', 'h2', 'h2', 'h3', 'h2', 'h2', 'h2', 'h2', 'h2', 'h2', 'h1', 'h2', 'h2', 'h3', 'h2', 'h3', 'h2', 'h2', 'h2', 'h2', 'h2', 'h2', 'h2', 'h2', 'h2', 'h3', 'h2', 'h2', 'h2', 'h2', 'h2', 'h2', 'h2', 'h2', 'h1', 'h2', 'h2', 'h2', 'h2', 'h2', 'h2', 'h2', 'h1', 'h1', 'h2', 'h1', 'h1', 'h2', 'h2']"
www.stopstreetharassment.org,"[33, 2, 4, 2, 1, 1]","['h2', 'h2', 'h2', 'h3', 'h3', 'h2']"
www.rambler.ru,"[16, 1, 6, 2, 19, 10, 13, 6, 1, 34, 3, 5, 2, 1, 19, 12, 5, 1, 22, 2, 1, 4, 8, 14, 2, 4, 1, 4, 4, 2, 2, 2, 2, 4, 2, 3, 2, 1, 4, 1, 1, 1, 2, 2, 3, 2]","['h2', 'h2', 'h2', 'h2', 'h2', 'h2', 'h2', 'h2', 'h2', 'h2', 'h2', 'h2', 'h1', 'h2', 'h2', 'h2', 'h2', 'h2', 'h2', 'h2', 'h2', 'h2', 'h2', 'h2', 'h1', 'h2', 'h1', 'h1', 'h2', 'h2', 'h2', 'h2', 'h3', 'h2', 'h2', 'h2', 'h2', 'h1', 'h2', 'h2', 'h2', 'h1', 'h2', 'h3', 'h2', 'h2']"
lalgbtcenter.org,"[32, 1, 1, 2, 4, 2, 1, 2, 2, 1, 1, 1, 1, 1, 2, 1, 1, 1, 2]","['h3', 'h2', 'h2', 'h2', 'h2', 'h2', 'h3', 'h2', 'h2', 'h3', 'h3', 'h2', 'h2', 'h3', 'h2', 'h3', 'h3', 'h2', 'h1']"
yggdrasil-network.github.io,"[12, 1]","['h2', 'h3']"
radiofreetexas.com,"[140, 1, 1, 1, 2, 1, 2, 1, 3, 2, 1, 3, 5, 2, 1, 1, 1, 1, 2, 1]","['h2', 'h2', 'h3', 'h2', 'h2', 'h2', 'h2', 'h1', 'h3', 'h2', 'h1', 'h2', 'h1', 'h3', 'h2', 'h2', 'h1', 'h1', 'h2', 'h2']"
www.zone-h.org,"[15, 1, 4, 1, 1, 13, 2, 1, 1, 3, 3, 1, 1, 1, 2, 4, 2]","['h2', 'h2', 'h2', 'h2', 'h2', 'h3', 'h2', 'h3', 'h2', 'h2', 'h3', 'h3', 'h2', 'h2', 'h2', 'h3', 'h2']"
abortionpillinfo.org,"[16, 1, 1, 2]","['h2', 'h2', 'h2', 'h1']"
www.madre.org,"[7, 23, 1, 3, 1, 1, 2, 1, 1, 2, 3, 3, 1, 1, 1, 1, 2, 2, 1]","['h2', 'h3', 'h2', 'h2', 'h3', 'h2', 'h2', 'h2', 'h2', 'h2', 'h3', 'h2', 'h2', 'h2', 'h2', 'h3', 'h2', 'h1', 'h1']"
www.pubg.com,"[3, 2, 6, 27, 1, 1, 1, 1, 4, 1, 2, 7, 8, 9, 2, 1]","['h2', 'h3', 'h2', 'h2', 'h2', 'h2', 'h2', 'h2', 'h2', 'h2', 'h2', 'h2', 'h2', 'h2', 'h2', 'h1']"
www.hackhull.com,[8],['h2']
www.netaddress.com,"[1, 1, 1, 1, 1, 1, 1, 1]","['h1', 'h1', 'h1', 'h1', 'h1', 'h1', 'h1', 'h2']"
www.yelp.com,"[1, 1, 4, 8, 110, 38, 4, 1, 6, 1, 2, 2, 1]","['h2', 'h2', 'h2', 'h2', 'h3', 'h3', 'h2', 'h2', 'h2', 'h2', 'h2', 'h2', 'h2']"
sci-hub.se,"[13, 1]","['h2', 'h2']"
www.tawk.to,"[95, 4, 5, 1, 1, 1, 4, 1, 2, 12, 3, 1, 4, 3, 1, 1, 2, 1, 15, 3, 2, 1, 1]","['h3', 'h2', 'h2', 'h2', 'h2', 'h3', 'h2', 'h2', 'h2', 'h3', 'h2', 'h2', 'h2', 'h2', 'h2', 'h2', 'h2', 'h2', 'h3', 'h1', 'h2', 'h2', 'h3']"
www.afp.com,"[5, 33, 1, 6, 5, 2, 1, 6, 1, 2, 1, 3, 1, 2, 4, 8, 2, 5, 1, 1, 1, 3, 1, 1, 1, 1, 2, 4, 1, 1, 4, 2, 2, 1, 2, 1, 2, 1, 1, 1, 1, 1]","['h2', 'h3', 'h1', 'h2', 'h2', 'h2', 'h2', 'h2', 'h2', 'h2', 'h3', 'h2', 'h2', 'h1', 'h2', 'h2', 'h2', 'h2', 'h2', 'h3', 'h2', 'h2', 'h3', 'h2', 'h1', 'h3', 'h2', 'h2', 'h2', 'h2', 'h1', 'h1', 'h2', 'h1', 'h2', 'h1', 'h1', 'h1', 'h1', 'h2', 'h1', 'h1']"
www.linkedin.com,"[16, 8, 8, 2, 1, 1, 1, 3, 1]","['h2', 'h2', 'h2', 'h2', 'h2', 'h2', 'h2', 'h2', 'h2']"
www.gayscape.com,"[4, 1, 1, 13, 1, 1, 4, 1, 2, 2]","['h2', 'h2', 'h2', 'h2', 'h2', 'h2', 'h1', 'h2', 'h1', 'h1']"
openobservatory.slack.com,"[5, 12, 4, 6, 3, 1, 1]","['h2', 'h2', 'h2', 'h2', 'h2', 'h2', 'h2']"
translation2.paralink.com,"[2, 3, 2, 5, 3, 2, 1, 1, 2, 3, 3, 11, 7, 16, 1, 4, 3, 1, 2, 1, 6, 2, 1, 1]","['h1', 'h1', 'h1', 'h3', 'h1', 'h2', 'h2', 'h3', 'h2', 'h2', 'h3', 'h3', 'h2', 'h3', 'h2', 'h3', 'h2', 'h3', 'h2', 'h2', 'h2', 'h3', 'h2', 'h2']"
www.buddhanet.net,"[10, 7, 8, 9, 3, 7]","['h1', 'h1', 'h1', 'h1', 'h1', 'h1']"
www.hootsuite.com,"[34, 5, 7, 6, 3, 2, 1, 2, 2, 2, 3, 4, 1, 2, 1, 2, 2, 10, 9, 1, 2, 2, 1, 2, 2, 3, 1, 1, 4, 7, 2, 1, 1, 2, 1, 2, 3, 3, 1, 1, 2, 1, 1, 1, 1, 1, 2, 1, 7, 1, 4, 1, 1, 1, 1, 2, 4, 1, 32, 2, 1, 2, 3, 2, 1, 1, 6, 1, 1, 2, 1, 1, 2, 6, 1, 1, 1, 1, 1, 1, 1, 1, 1, 1, 2, 1, 2, 1, 1, 1, 1, 2, 2, 2, 1, 1, 2, 2, 2, 1, 31, 1, 1, 2, 4, 3, 13, 3, 3, 1]","['h2', 'h2', 'h2', 'h2', 'h2', 'h2', 'h2', 'h2', 'h2', 'h2', 'h3', 'h2', 'h3', 'h3', 'h3', 'h2', 'h2', 'h2', 'h2', 'h2', 'h2', 'h2', 'h2', 'h1', 'h2', 'h2', 'h3', 'h2', 'h2', 'h2', 'h2', 'h2', 'h1', 'h2', 'h2', 'h2', 'h2', 'h2', 'h2', 'h2', 'h2', 'h2', 'h2', 'h2', 'h2', 'h2', 'h2', 'h1', 'h3', 'h2', 'h2', 'h2', 'h2', 'h2', 'h2', 'h2', 'h2', 'h3', 'h2', 'h3', 'h2', 'h1', 'h2', 'h2', 'h2', 'h2', 'h2', 'h1', 'h2', 'h2', 'h1', 'h3', 'h2', 'h1', 'h2', 'h2', 'h2', 'h1', 'h2', 'h2', 'h2', 'h1', 'h2', 'h2', 'h2', 'h2', 'h2', 'h2', 'h2', 'h2', 'h1', 'h2', 'h2', 'h2', 'h2', 'h1', 'h2', 'h1', 'h2', 'h2', 'h3', 'h2', 'h2', 'h2', 'h2', 'h2', 'h2', 'h1', 'h1', 'h2']"
nypost.com,"[1, 1, 62, 6, 2, 2, 2, 6, 1, 2, 1, 2, 1, 2, 1, 2, 4, 2, 2, 4, 2, 1, 2, 1, 1, 2, 2, 1, 2, 3, 10, 1, 1, 1, 8, 1, 1, 1, 3, 1, 17, 1, 1, 5, 6, 1, 2, 1, 1, 22, 2, 3, 1, 2, 2, 6, 2, 2, 4, 5, 2, 7, 1, 1, 1, 2, 1, 1, 1, 1, 1, 1, 1, 1, 1, 2, 2, 1, 3, 1, 3, 1, 4, 2, 3, 4, 1, 1, 1, 1, 3, 1, 4, 3, 1, 1, 1, 1, 1, 1, 1, 1, 2, 5, 2, 2, 2, 6, 25, 2, 6, 2, 3, 2, 1, 1, 1, 1, 4, 1, 1, 1, 8, 2, 2, 7, 1, 2, 2, 2, 2, 2, 2, 1, 1, 2, 4, 4, 1, 2, 6, 2, 1, 1, 1, 1, 2, 1, 1, 1, 1, 1, 1, 2, 1, 4, 1, 1, 3, 1, 6, 4, 2, 1, 5, 1, 1, 1, 2, 1, 1, 1, 1, 2, 2, 1, 2, 3, 8, 2, 1, 4, 2, 1, 2, 1, 1, 2, 4, 5, 1, 1, 1, 2, 2, 2, 1, 4, 2, 2, 2, 2, 1, 1, 2, 1, 1, 1, 1, 1, 2, 1, 1, 1, 4, 2, 2, 1, 1, 1, 2, 2, 2, 1, 2, 2, 1, 5, 2, 2, 1, 5, 1, 2]","['h1', 'h1', 'h2', 'h2', 'h2', 'h2', 'h3', 'h2', 'h2', 'h2', 'h2', 'h2', 'h2', 'h2', 'h3', 'h2', 'h3', 'h2', 'h2', 'h2', 'h1', 'h3', 'h2', 'h3', 'h2', 'h1', 'h1', 'h2', 'h2', 'h2', 'h3', 'h2', 'h2', 'h2', 'h2', 'h2', 'h2', 'h2', 'h3', 'h2', 'h2', 'h1', 'h1', 'h2', 'h2', 'h2', 'h2', 'h2', 'h1', 'h3', 'h2', 'h2', 'h2', 'h2', 'h2', 'h2', 'h2', 'h2', 'h3', 'h2', 'h1', 'h2', 'h2', 'h1', 'h1', 'h2', 'h2', 'h2', 'h1', 'h2', 'h2', 'h2', 'h2', 'h2', 'h1', 'h2', 'h2', 'h2', 'h2', 'h2', 'h2', 'h2', 'h2', 'h2', 'h1', 'h2', 'h3', 'h2', 'h2', 'h2', 'h3', 'h1', 'h2', 'h2', 'h2', 'h2', 'h1', 'h1', 'h1', 'h1', 'h1', 'h2', 'h2', 'h1', 'h2', 'h2', 'h1', 'h2', 'h3', 'h2', 'h2', 'h2', 'h1', 'h2', 'h2', 'h2', 'h2', 'h1', 'h3', 'h2', 'h2', 'h1', 'h1', 'h2', 'h1', 'h3', 'h2', 'h2', 'h2', 'h2', 'h2', 'h2', 'h2', 'h2', 'h2', 'h2', 'h3', 'h1', 'h2', 'h2', 'h1', 'h2', 'h2', 'h2', 'h3', 'h2', 'h2', 'h2', 'h2', 'h1', 'h2', 'h1', 'h2', 'h2', 'h1', 'h3', 'h2', 'h2', 'h2', 'h2', 'h1', 'h1', 'h1', 'h2', 'h1', 'h2', 'h2', 'h2', 'h2', 'h2', 'h1', 'h1', 'h2', 'h2', 'h2', 'h1', 'h1', 'h2', 'h2', 'h2', 'h2', 'h2', 'h2', 'h2', 'h1', 'h2', 'h2', 'h1', 'h1', 'h2', 'h3', 'h2', 'h2', 'h2', 'h3', 'h2', 'h2', 'h2', 'h1', 'h1', 'h1', 'h2', 'h1', 'h1', 'h1', 'h1', 'h1', 'h1', 'h1', 'h2', 'h2', 'h2', 'h2', 'h2', 'h2', 'h1', 'h2', 'h2', 'h2', 'h2', 'h2', 'h2', 'h2', 'h3', 'h3', 'h2', 'h2', 'h3', 'h2', 'h1', 'h2', 'h2', 'h2', 'h2']"
upload.wikimedia.org,"[18, 34, 2]","['h2', 'h2', 'h2']"
microsoftedge.microsoft.com,"[19, 2, 3, 1, 6, 1, 2, 1, 2, 2, 3, 3, 3, 3, 4, 4, 3, 2, 1, 2, 2, 1, 3, 1, 2, 1, 1, 1, 2, 5, 2, 3]","['h2', 'h2', 'h2', 'h2', 'h2', 'h1', 'h2', 'h2', 'h2', 'h2', 'h1', 'h1', 'h1', 'h1', 'h1', 'h1', 'h1', 'h1', 'h1', 'h2', 'h1', 'h2', 'h2', 'h1', 'h2', 'h1', 'h1', 'h1', 'h2', 'h2', 'h2', 'h2']"
www.accessnow.org,"[81, 3, 1, 2, 1, 1, 1, 1, 1, 1, 2, 1, 3, 2, 6]","['h3', 'h1', 'h2', 'h3', 'h3', 'h2', 'h3', 'h2', 'h1', 'h1', 'h2', 'h2', 'h2', 'h2', 'h2']"
www.xnxx.com,"[2, 10, 2, 1, 9, 1, 3, 1, 1, 2]","['h1', 'h2', 'h2', 'h2', 'h2', 'h2', 'h1', 'h1', 'h1', 'h2']"
www.netflix.com,"[1, 4, 2, 4, 1, 1, 5, 1, 3, 6, 1, 3, 1, 2, 2, 1, 1, 2, 1, 2, 1, 1, 2, 2, 1, 2]","['h2', 'h2', 'h1', 'h1', 'h1', 'h1', 'h1', 'h1', 'h1', 'h2', 'h1', 'h1', 'h2', 'h2', 'h1', 'h1', 'h2', 'h2', 'h2', 'h2', 'h1', 'h1', 'h3', 'h2', 'h3', 'h3']"
www.weebly.com,"[23, 5, 10, 1, 6, 1, 4, 2, 3, 1, 3, 2, 5, 1, 5, 6, 1, 2, 2, 1, 1, 4, 6, 1, 2, 4, 3, 5, 3, 2, 2, 1, 4]","['h2', 'h2', 'h3', 'h2', 'h3', 'h2', 'h2', 'h2', 'h3', 'h3', 'h2', 'h2', 'h2', 'h2', 'h2', 'h2', 'h2', 'h2', 'h2', 'h2', 'h1', 'h2', 'h2', 'h2', 'h2', 'h3', 'h3', 'h3', 'h2', 'h3', 'h1', 'h2', 'h2']"
www.ccel.org,"[5, 2, 7, 4, 6, 5, 5, 4, 2, 1, 2, 4, 2, 1, 1, 1, 3, 2, 1, 3, 1, 1, 1, 1, 1, 1]","['h1', 'h3', 'h1', 'h1', 'h1', 'h1', 'h1', 'h1', 'h2', 'h3', 'h2', 'h1', 'h1', 'h1', 'h1', 'h3', 'h2', 'h2', 'h2', 'h3', 'h3', 'h1', 'h1', 'h1', 'h1', 'h1']"
www.teensource.org,"[15, 2, 1, 1, 1, 2, 1, 2, 1, 1, 5, 3, 1, 2, 1, 2, 1, 1, 2, 1]","['h2', 'h2', 'h2', 'h2', 'h2', 'h2', 'h3', 'h2', 'h3', 'h2', 'h2', 'h2', 'h2', 'h2', 'h2', 'h2', 'h2', 'h1', 'h1', 'h1']"
www.secfirst.org,"[1, 4, 1, 5, 4, 4, 2, 1, 3, 1, 1, 1, 1]","['h1', 'h1', 'h2', 'h1', 'h1', 'h1', 'h1', 'h2', 'h1', 'h1', 'h2', 'h2', 'h2']"
x.com,"[6, 1, 1, 1, 1, 12, 3, 39, 1, 4, 1, 1, 3, 2, 1]","['h2', 'h2', 'h2', 'h1', 'h1', 'h2', 'h2', 'h2', 'h2', 'h2', 'h1', 'h2', 'h2', 'h2', 'h2']"
www.match.com,"[9, 4, 2, 1, 2, 2, 2, 4, 2, 5, 1, 1, 1, 1, 2, 1]","['h2', 'h1', 'h1', 'h1', 'h1', 'h1', 'h1', 'h2', 'h2', 'h2', 'h1', 'h1', 'h1', 'h1', 'h2', 'h2']"
moodle.org,"[41, 5, 1, 1, 6, 3, 1, 1, 1]","['h2', 'h2', 'h2', 'h2', 'h2', 'h2', 'h2', 'h2', 'h2']"
www.vibe.com,"[1, 1, 44, 5, 1, 1, 4, 13, 2, 1, 2, 3, 6, 3, 6, 1, 2, 2, 1, 2, 1, 6, 1, 1, 6, 2, 1, 2, 2, 2, 1, 1, 1, 1, 3, 1, 1, 4, 1, 2, 5, 2, 1, 1, 1, 1, 1, 3, 1, 1, 3, 2, 25, 1, 1, 10, 1, 1, 1, 1, 3, 2, 4, 2, 7, 4, 1, 1, 1, 3, 6, 1, 1, 1, 1, 1, 4, 1, 1, 1, 1, 2, 2, 2, 2, 4, 7, 2, 2, 2, 2, 2, 1, 1, 2, 3, 1, 6, 1, 2, 1, 2, 1, 1, 3, 2, 1, 1, 1, 3, 1, 10, 2, 1, 1, 6, 1, 1, 1, 4, 2, 4, 1, 4, 3, 1, 3, 1, 3, 3, 1, 1, 3, 2, 1, 3, 2, 1, 1, 1, 1, 2, 2, 2, 5, 1, 1, 4, 7, 2, 1, 3, 1, 2, 2, 2, 1, 1, 5, 1, 1, 1, 1, 1, 3, 6, 1, 1, 1]","['h1', 'h1', 'h2', 'h2', 'h2', 'h2', 'h2', 'h2', 'h1', 'h2', 'h2', 'h3', 'h2', 'h3', 'h2', 'h2', 'h1', 'h2', 'h3', 'h3', 'h2', 'h2', 'h2', 'h2', 'h3', 'h3', 'h2', 'h3', 'h3', 'h2', 'h2', 'h2', 'h2', 'h2', 'h2', 'h1', 'h2', 'h3', 'h2', 'h3', 'h2', 'h2', 'h2', 'h2', 'h2', 'h2', 'h2', 'h2', 'h3', 'h1', 'h2', 'h2', 'h3', 'h2', 'h3', 'h2', 'h2', 'h2', 'h2', 'h2', 'h2', 'h1', 'h2', 'h2', 'h2', 'h2', 'h1', 'h2', 'h2', 'h1', 'h1', 'h2', 'h2', 'h2', 'h2', 'h2', 'h2', 'h2', 'h2', 'h2', 'h2', 'h2', 'h1', 'h2', 'h2', 'h2', 'h2', 'h2', 'h2', 'h2', 'h1', 'h2', 'h3', 'h2', 'h1', 'h2', 'h2', 'h2', 'h2', 'h2', 'h1', 'h2', 'h2', 'h2', 'h3', 'h1', 'h2', 'h1', 'h2', 'h2', 'h2', 'h3', 'h2', 'h2', 'h2', 'h3', 'h2', 'h2', 'h2', 'h2', 'h1', 'h2', 'h2', 'h2', 'h2', 'h2', 'h2', 'h2', 'h2', 'h2', 'h2', 'h1', 'h2', 'h2', 'h3', 'h2', 'h2', 'h2', 'h2', 'h2', 'h2', 'h2', 'h2', 'h3', 'h2', 'h2', 'h2', 'h2', 'h3', 'h2', 'h1', 'h2', 'h2', 'h1', 'h1', 'h2', 'h2', 'h2', 'h2', 'h1', 'h2', 'h1', 'h2', 'h2', 'h3', 'h3', 'h2', 'h2', 'h2']"
www.linphone.org,"[16, 10, 4, 6, 4, 5, 2, 2, 3, 1, 1, 2, 2, 2, 2, 3, 2, 2]","['h1', 'h1', 'h1', 'h1', 'h1', 'h1', 'h3', 'h2', 'h2', 'h1', 'h2', 'h2', 'h2', 'h2', 'h2', 'h2', 'h2', 'h2']"
freemuse.org,"[23, 8, 1, 1, 2, 1, 3, 1, 1, 6, 2, 2, 1]","['h2', 'h3', 'h2', 'h2', 'h2', 'h1', 'h2', 'h2', 'h3', 'h2', 'h2', 'h2', 'h2']"
linktr.ee,"[7, 1, 5, 7, 31, 8, 2, 2, 6, 1, 2, 4, 14, 1, 3, 1, 3, 5, 2, 1, 7, 1, 1, 1, 4, 2, 1, 1, 1, 1, 1, 1, 1, 1, 2, 2, 1, 4, 1, 1, 1, 3, 1, 1, 1, 1]","['h2', 'h2', 'h2', 'h2', 'h2', 'h2', 'h2', 'h2', 'h2', 'h2', 'h2', 'h2', 'h2', 'h2', 'h2', 'h2', 'h2', 'h2', 'h2', 'h2', 'h2', 'h1', 'h2', 'h2', 'h2', 'h2', 'h2', 'h2', 'h1', 'h1', 'h3', 'h2', 'h2', 'h2', 'h2', 'h2', 'h1', 'h2', 'h3', 'h1', 'h1', 'h2', 'h1', 'h1', 'h1', 'h1']"
www.opentech.fund,"[30, 6, 7, 2, 1, 2, 1, 1]","['h3', 'h2', 'h3', 'h2', 'h2', 'h2', 'h2', 'h2']"
www.tialsoft.com,"[13, 2]","['h2', 'h2']"
www.khrp.org,"[5, 6, 1]","['h2', 'h3', 'h2']"
www.bbc.co.uk,"[2, 15, 25, 3, 2, 1, 1, 2, 14, 7, 2, 5, 1, 7, 1, 1, 2, 4, 9, 1, 3, 1, 1, 1, 1, 2, 3, 2, 2, 6, 1, 1, 6, 1, 2, 5, 1, 2, 1, 1, 3, 1, 2, 3, 1, 36, 1, 1, 1, 19, 1, 4, 1, 1, 1, 2, 1, 2, 2]","['h2', 'h2', 'h2', 'h2', 'h3', 'h2', 'h2', 'h2', 'h3', 'h2', 'h1', 'h3', 'h2', 'h2', 'h2', 'h2', 'h2', 'h2', 'h2', 'h2', 'h2', 'h2', 'h2', 'h2', 'h2', 'h2', 'h2', 'h2', 'h3', 'h2', 'h2', 'h2', 'h2', 'h2', 'h1', 'h3', 'h2', 'h2', 'h1', 'h2', 'h2', 'h2', 'h2', 'h2', 'h3', 'h3', 'h2', 'h2', 'h2', 'h2', 'h2', 'h2', 'h2', 'h2', 'h2', 'h2', 'h3', 'h3', 'h2']"
www.privacyinternational.org,[50],['h2']
timesofindia.indiatimes.com,"[2, 11, 2, 4, 7, 5, 1, 3, 6, 3, 1, 1, 1, 2, 1, 1, 1, 1, 2, 1, 1, 2, 3, 2, 2, 7, 2, 4, 4, 5, 4, 2, 8, 4, 4, 4, 2, 1, 2, 2, 2, 1, 1, 1, 1, 1, 1, 1, 4, 2, 4, 3, 17, 21, 4, 3, 2, 4, 2, 1, 2, 1, 1, 2, 1, 4, 1, 1, 10, 1, 1, 2, 4, 2, 1, 1, 2, 2, 2, 2, 8, 1, 2, 1, 2, 2, 1, 2, 2, 1, 1, 1, 2, 1, 4, 2, 3, 9, 1, 1, 3, 1, 2, 1, 2, 1, 1, 1, 1, 2, 1, 3, 14, 1, 2]","['h2', 'h3', 'h2', 'h2', 'h3', 'h2', 'h2', 'h2', 'h2', 'h3', 'h2', 'h2', 'h2', 'h1', 'h2', 'h2', 'h2', 'h2', 'h2', 'h2', 'h2', 'h2', 'h2', 'h2', 'h2', 'h2', 'h2', 'h2', 'h2', 'h2', 'h2', 'h2', 'h2', 'h1', 'h2', 'h2', 'h1', 'h2', 'h2', 'h3', 'h3', 'h2', 'h2', 'h2', 'h2', 'h2', 'h2', 'h3', 'h2', 'h2', 'h3', 'h3', 'h3', 'h3', 'h2', 'h2', 'h3', 'h3', 'h2', 'h2', 'h2', 'h3', 'h3', 'h2', 'h2', 'h3', 'h2', 'h2', 'h3', 'h2', 'h3', 'h2', 'h2', 'h2', 'h2', 'h2', 'h2', 'h2', 'h2', 'h2', 'h2', 'h2', 'h3', 'h1', 'h1', 'h2', 'h1', 'h2', 'h2', 'h2', 'h1', 'h2', 'h2', 'h2', 'h2', 'h2', 'h2', 'h2', 'h2', 'h2', 'h2', 'h2', 'h2', 'h2', 'h2', 'h2', 'h3', 'h1', 'h2', 'h2', 'h2', 'h2', 'h2', 'h2', 'h2']"
web.facebook.com,"[1, 3, 5, 1, 3, 1, 7, 1]","['h3', 'h2', 'h2', 'h2', 'h3', 'h2', 'h3', 'h2']"
www.speeddater.co.uk,"[4, 17, 3, 7, 1, 1, 1, 1]","['h2', 'h3', 'h2', 'h2', 'h3', 'h2', 'h2', 'h3']"
ipfs.io,"[1, 31, 2, 2, 2, 1, 2]","['h3', 'h2', 'h2', 'h2', 'h2', 'h2', 'h2']"
posteo.de,"[14, 6, 7, 7, 11, 6, 1, 1]","['h1', 'h1', 'h1', 'h1', 'h1', 'h1', 'h2', 'h1']"
shadowsocks.org,"[9, 1, 1, 3]","['h2', 'h2', 'h2', 'h2']"
coronavirus.jhu.edu,"[50, 2, 2, 2, 1, 2, 1, 1, 2, 1, 1, 1]","['h2', 'h2', 'h2', 'h2', 'h2', 'h3', 'h2', 'h3', 'h2', 'h2', 'h2', 'h2']"
www.benedelman.org,"[18, 2, 2, 1]","['h2', 'h2', 'h3', 'h2']"
www.theonion.com,"[20, 3, 2, 1, 1, 1, 6, 39, 3, 2, 2, 6, 2, 1, 1, 1, 1, 1, 2, 2, 6, 2, 1, 3, 4, 3, 1, 1, 2, 1, 1, 2, 1, 1, 1, 1, 1, 1, 1, 1, 1, 1, 3, 1, 2, 1, 2, 1, 1, 1, 3, 1, 1, 2, 2, 2, 2, 2, 1, 1, 2, 1, 2]","['h2', 'h2', 'h2', 'h2', 'h2', 'h2', 'h2', 'h2', 'h2', 'h2', 'h2', 'h2', 'h2', 'h2', 'h3', 'h2', 'h2', 'h2', 'h2', 'h2', 'h2', 'h2', 'h1', 'h3', 'h2', 'h2', 'h2', 'h2', 'h2', 'h2', 'h2', 'h2', 'h2', 'h2', 'h2', 'h2', 'h2', 'h2', 'h2', 'h2', 'h2', 'h2', 'h2', 'h3', 'h2', 'h3', 'h2', 'h2', 'h2', 'h2', 'h3', 'h2', 'h2', 'h1', 'h2', 'h2', 'h2', 'h1', 'h2', 'h2', 'h2', 'h3', 'h3']"
worldofwarcraft.com,"[1, 11, 15, 2, 2, 6, 4, 26, 3, 4, 2, 1, 1, 1, 2, 1, 1, 1, 1, 6, 1, 11, 2, 1, 1, 2, 4, 3, 1, 1, 3, 1, 3, 1, 3, 1, 1]","['h2', 'h2', 'h2', 'h2', 'h2', 'h2', 'h2', 'h2', 'h2', 'h2', 'h2', 'h1', 'h1', 'h1', 'h1', 'h1', 'h2', 'h2', 'h3', 'h2', 'h2', 'h2', 'h2', 'h2', 'h2', 'h2', 'h2', 'h3', 'h3', 'h2', 'h3', 'h3', 'h3', 'h3', 'h1', 'h3', 'h3']"
fridaysforfuture.org,"[36, 1, 1, 3, 4, 1, 1, 3]","['h2', 'h2', 'h2', 'h2', 'h2', 'h2', 'h2', 'h2']"
codeload.github.com,"[1, 2, 53, 16, 2, 4, 1, 2]","['h2', 'h2', 'h2', 'h2', 'h2', 'h2', 'h2', 'h2']"
www.budweiser.com,"[1, 5, 1, 5, 1, 1]","['h1', 'h1', 'h1', 'h1', 'h2', 'h2']"
app.simplelogin.io,"[7, 7, 5, 5, 7, 5, 1]","['h1', 'h1', 'h1', 'h1', 'h1', 'h1', 'h2']"
www.blizzard.com,"[5, 7, 1, 1, 1, 1, 3, 1, 4, 2, 2, 2, 2, 43, 3, 4, 7, 4, 4, 4, 1, 3, 6, 1, 1, 2, 2, 7, 5, 4, 5, 6, 7, 1, 2, 2, 2, 1, 1, 1, 1, 3, 1, 2]","['h2', 'h2', 'h2', 'h2', 'h2', 'h2', 'h2', 'h2', 'h2', 'h2', 'h2', 'h2', 'h2', 'h2', 'h1', 'h1', 'h1', 'h1', 'h1', 'h1', 'h3', 'h2', 'h2', 'h2', 'h3', 'h1', 'h2', 'h1', 'h1', 'h1', 'h1', 'h1', 'h1', 'h2', 'h2', 'h2', 'h2', 'h3', 'h3', 'h2', 'h2', 'h2', 'h2', 'h2']"
www.wftucentral.org,"[111, 1, 1, 1, 1, 1, 3, 2, 21, 2, 1, 1, 1, 1, 3, 4, 2, 1, 2, 1, 2, 6, 2]","['h3', 'h2', 'h2', 'h2', 'h2', 'h2', 'h3', 'h2', 'h3', 'h2', 'h2', 'h3', 'h2', 'h2', 'h2', 'h3', 'h2', 'h3', 'h2', 'h2', 'h2', 'h3', 'h2']"
www.dopplr.com,"[22, 3, 1, 1, 2, 2, 1, 2]","['h2', 'h2', 'h3', 'h2', 'h2', 'h2', 'h2', 'h2']"
www.defense.gov,"[34, 1, 22, 1, 4, 2, 2, 2, 2, 1, 2, 1, 1, 2, 1, 1, 1, 1]","['h2', 'h2', 'h2', 'h2', 'h2', 'h3', 'h2', 'h2', 'h2', 'h3', 'h2', 'h3', 'h2', 'h2', 'h3', 'h2', 'h2', 'h2']"
espiv.net,[20],['h2']
www.fhi360.org,"[126, 1, 1, 4, 2, 2, 1, 1, 1]","['h3', 'h2', 'h2', 'h2', 'h3', 'h2', 'h3', 'h2', 'h2']"
www.talkyou.me,"[16, 7, 7, 10, 4, 4, 3, 3, 2, 2, 1, 5, 2, 2]","['h2', 'h1', 'h1', 'h1', 'h1', 'h1', 'h1', 'h2', 'h2', 'h3', 'h2', 'h1', 'h1', 'h1']"
www.wikimedia.org,"[15, 4]","['h2', 'h2']"
dn42.dev,[11],['h3']
www.towleroad.com,"[9, 34, 1, 1, 1, 1, 6, 5, 10, 2, 1, 1, 1, 1, 4, 3, 3, 2, 2, 1, 8, 2, 1, 2, 1, 6, 7, 3, 2, 1, 2, 4, 4, 1, 1, 1, 2, 1, 1, 3, 2, 2, 1, 1, 2, 2, 2, 6, 1, 1, 1, 2, 1, 1, 3, 25, 3, 12, 9, 1, 1, 1, 1, 1, 1, 1, 1, 1, 1, 2, 1, 6, 2, 1, 1, 1, 2, 2, 2, 1, 2, 4, 1, 2, 1, 2, 2, 2]","['h2', 'h3', 'h2', 'h2', 'h2', 'h2', 'h3', 'h3', 'h3', 'h3', 'h3', 'h2', 'h2', 'h2', 'h2', 'h2', 'h2', 'h2', 'h2', 'h3', 'h2', 'h2', 'h2', 'h1', 'h2', 'h2', 'h2', 'h2', 'h2', 'h1', 'h2', 'h2', 'h3', 'h2', 'h2', 'h1', 'h2', 'h2', 'h2', 'h2', 'h2', 'h2', 'h2', 'h2', 'h2', 'h3', 'h3', 'h3', 'h2', 'h2', 'h1', 'h2', 'h2', 'h2', 'h2', 'h3', 'h2', 'h2', 'h3', 'h1', 'h2', 'h2', 'h2', 'h2', 'h2', 'h2', 'h2', 'h2', 'h2', 'h2', 'h2', 'h1', 'h2', 'h2', 'h2', 'h2', 'h2', 'h2', 'h2', 'h2', 'h2', 'h2', 'h2', 'h3', 'h3', 'h2', 'h2', 'h2']"
www.heritage.org,"[116, 1, 1, 2, 2, 4, 1, 1, 6, 2, 2, 6, 1, 1, 1, 1, 1, 1, 4, 1, 1, 3, 1, 2, 1, 1, 2, 1, 1, 1, 6, 4, 1, 1, 1, 2, 2, 2, 2, 1, 1, 1, 2, 1, 2, 3, 2, 1]","['h2', 'h1', 'h2', 'h2', 'h2', 'h2', 'h2', 'h2', 'h2', 'h1', 'h2', 'h3', 'h2', 'h2', 'h2', 'h2', 'h3', 'h3', 'h2', 'h2', 'h2', 'h2', 'h1', 'h2', 'h2', 'h2', 'h2', 'h2', 'h1', 'h1', 'h2', 'h2', 'h2', 'h2', 'h3', 'h2', 'h2', 'h2', 'h3', 'h3', 'h3', 'h3', 'h2', 'h2', 'h2', 'h1', 'h1', 'h2']"
www.patreon.com,"[34, 13, 4, 2, 1, 1, 3]","['h2', 'h2', 'h3', 'h2', 'h3', 'h2', 'h2']"
internationalfamilyequalityday.org,"[29, 1, 2, 3, 1, 1, 1, 3, 1, 1]","['h2', 'h2', 'h3', 'h2', 'h2', 'h3', 'h2', 'h2', 'h2', 'h3']"
s3.amazonaws.com,"[1, 43, 4, 32, 3, 68, 1, 3, 2, 1, 10, 1, 1, 1, 2, 1, 7, 15, 1, 8, 2, 2, 22, 1, 6, 5, 1, 5, 2, 4, 1, 12, 2, 3, 3, 1, 1, 1, 4, 2]","['h1', 'h2', 'h2', 'h3', 'h2', 'h2', 'h2', 'h2', 'h2', 'h1', 'h2', 'h2', 'h2', 'h2', 'h2', 'h2', 'h2', 'h3', 'h2', 'h2', 'h2', 'h2', 'h2', 'h2', 'h3', 'h2', 'h2', 'h2', 'h2', 'h2', 'h2', 'h3', 'h2', 'h2', 'h3', 'h3', 'h2', 'h2', 'h3', 'h2']"
swift.org,"[1, 2, 2, 1, 1, 2, 3, 1, 2]","['h1', 'h1', 'h1', 'h1', 'h1', 'h1', 'h1', 'h1', 'h2']"
help.unhcr.org,"[118, 1, 3, 1, 2, 1, 1, 1, 2, 2, 2]","['h2', 'h2', 'h2', 'h2', 'h2', 'h2', 'h3', 'h3', 'h2', 'h2', 'h2']"
www.guildwars.com,"[6, 13, 1, 1, 1, 2, 4, 4, 2, 1, 1, 1, 1, 1, 1, 1, 1, 1]","['h2', 'h2', 'h2', 'h2', 'h2', 'h2', 'h2', 'h2', 'h2', 'h2', 'h2', 'h2', 'h2', 'h2', 'h1', 'h1', 'h1', 'h1']"
www.amnestyusa.org,"[1, 1, 42, 1, 3, 1, 1, 2, 1, 2, 1, 2, 2, 2, 15, 1, 1, 2, 10, 2, 1, 8, 1, 2, 1, 1, 1, 2, 4, 3, 2, 1, 1, 1, 3, 2, 1, 1, 1, 1, 2, 1, 1, 2, 3, 3, 5, 2, 10, 1, 2, 4, 1, 1, 6, 2, 2, 8, 1, 2, 4, 2, 1, 2, 6, 2, 1, 1, 1, 3, 2, 1, 3, 2, 2, 2, 1, 2, 4, 3, 4, 2, 2, 1, 8, 2, 2, 3, 2, 2, 3, 1, 2, 3, 1, 4, 1, 4, 1, 1, 2, 1, 1, 4, 1, 7, 1, 1, 4, 1, 3, 2]","['h1', 'h1', 'h2', 'h3', 'h2', 'h2', 'h2', 'h2', 'h2', 'h2', 'h1', 'h2', 'h3', 'h1', 'h2', 'h2', 'h2', 'h2', 'h2', 'h2', 'h3', 'h2', 'h1', 'h2', 'h2', 'h2', 'h2', 'h1', 'h1', 'h2', 'h1', 'h1', 'h1', 'h1', 'h2', 'h2', 'h1', 'h2', 'h1', 'h1', 'h1', 'h1', 'h1', 'h3', 'h3', 'h2', 'h1', 'h2', 'h1', 'h2', 'h2', 'h2', 'h2', 'h2', 'h3', 'h2', 'h1', 'h2', 'h2', 'h2', 'h2', 'h2', 'h2', 'h2', 'h1', 'h2', 'h3', 'h3', 'h3', 'h3', 'h2', 'h2', 'h2', 'h2', 'h1', 'h2', 'h1', 'h2', 'h2', 'h1', 'h2', 'h3', 'h1', 'h3', 'h1', 'h2', 'h3', 'h1', 'h1', 'h1', 'h1', 'h1', 'h2', 'h2', 'h2', 'h2', 'h1', 'h2', 'h3', 'h1', 'h1', 'h1', 'h1', 'h2', 'h1', 'h1', 'h1', 'h1', 'h2', 'h2', 'h1', 'h2']"
goaskalice.columbia.edu,"[13, 1, 6, 1, 1, 1, 1, 1, 1, 1]","['h2', 'h2', 'h2', 'h2', 'h2', 'h2', 'h1', 'h1', 'h1', 'h1']"
www.gamespot.com,"[47, 6, 2, 1, 3, 6, 1, 1, 6, 2, 1, 1, 28, 2, 1, 23, 3, 1, 1, 1, 2, 1, 2, 4, 2, 5, 4, 1, 1, 1, 1, 1, 2, 2, 1, 2, 1, 7, 6, 1, 4, 2, 1, 1, 2, 1, 3, 1, 1, 1, 1, 1, 1, 7, 1, 2, 4, 2, 2, 2, 2, 3, 2, 8, 2, 2, 3, 1, 2, 2, 1, 2, 1, 1, 2, 1, 3, 1, 2, 1, 1, 1, 5, 2, 2, 1, 1, 1, 1, 1, 1, 1, 1, 2, 3, 1, 2, 2, 3, 16, 2, 1, 3, 1, 1, 1, 2, 2, 1, 1, 2, 2, 4, 1, 9, 2, 1, 1, 2, 8, 1, 4, 3, 2, 1, 4, 1, 1, 3, 3, 1, 2, 2, 1, 1, 1, 2, 2, 1]","['h2', 'h2', 'h2', 'h3', 'h2', 'h2', 'h2', 'h2', 'h2', 'h2', 'h2', 'h2', 'h2', 'h2', 'h2', 'h3', 'h2', 'h1', 'h2', 'h3', 'h2', 'h2', 'h2', 'h2', 'h2', 'h1', 'h2', 'h2', 'h2', 'h2', 'h2', 'h2', 'h2', 'h2', 'h2', 'h2', 'h2', 'h2', 'h2', 'h2', 'h2', 'h2', 'h2', 'h1', 'h2', 'h2', 'h3', 'h2', 'h2', 'h2', 'h3', 'h2', 'h2', 'h2', 'h2', 'h2', 'h3', 'h2', 'h2', 'h2', 'h2', 'h2', 'h2', 'h2', 'h2', 'h1', 'h2', 'h2', 'h2', 'h2', 'h2', 'h2', 'h2', 'h1', 'h1', 'h1', 'h2', 'h2', 'h2', 'h2', 'h2', 'h2', 'h3', 'h2', 'h2', 'h1', 'h2', 'h2', 'h2', 'h2', 'h2', 'h2', 'h2', 'h2', 'h2', 'h2', 'h2', 'h2', 'h2', 'h3', 'h3', 'h1', 'h3', 'h2', 'h1', 'h1', 'h2', 'h2', 'h1', 'h2', 'h3', 'h2', 'h1', 'h1', 'h3', 'h1', 'h3', 'h3', 'h2', 'h3', 'h2', 'h3', 'h2', 'h2', 'h2', 'h2', 'h2', 'h1', 'h2', 'h2', 'h2', 'h2', 'h2', 'h1', 'h2', 'h1', 'h2', 'h2', 'h1']"
www.propublica.org,"[3, 4, 1, 6, 6, 1, 2, 1, 1, 1, 1, 2, 2, 1, 1, 2, 2, 1, 1, 1, 1, 15, 1, 3, 1, 1, 1, 2, 1, 2, 1, 5]","['h3', 'h3', 'h2', 'h3', 'h3', 'h3', 'h2', 'h2', 'h2', 'h2', 'h2', 'h2', 'h2', 'h1', 'h2', 'h2', 'h3', 'h2', 'h3', 'h2', 'h2', 'h3', 'h3', 'h2', 'h2', 'h2', 'h2', 'h2', 'h2', 'h2', 'h1', 'h2']"
badoo.com,"[6, 8, 2, 7, 8, 4, 6, 1, 3, 1, 1, 1, 1, 1, 1, 1, 2]","['h1', 'h1', 'h1', 'h1', 'h1', 'h1', 'h2', 'h2', 'h2', 'h2', 'h2', 'h1', 'h2', 'h3', 'h3', 'h2', 'h1']"
www.adventist.org,"[11, 63, 2, 1, 1, 2, 2, 3, 6, 2, 2, 6, 1, 4]","['h2', 'h3', 'h2', 'h2', 'h1', 'h2', 'h3', 'h2', 'h2', 'h2', 'h2', 'h2', 'h2', 'h1']"
www.shoe.org,"[63, 5, 2, 1]","['h2', 'h2', 'h2', 'h2']"
www.casinotropez.com,"[28, 2, 3, 2, 1, 1, 1, 1, 1]","['h2', 'h2', 'h2', 'h2', 'h3', 'h1', 'h1', 'h1', 'h1']"
anon.inf.tu-dresden.de,"[7, 3, 5, 3, 3, 3]","['h1', 'h1', 'h1', 'h1', 'h1', 'h1']"
www.ananzi.co.za,"[1, 5, 6, 2, 1, 4, 2, 1, 3, 1, 4, 1, 2, 9, 1, 3, 1, 3, 2, 6, 15, 1, 4, 1, 1, 1, 1, 1, 4, 3, 1, 2, 1, 1]","['h2', 'h1', 'h1', 'h2', 'h1', 'h1', 'h2', 'h2', 'h2', 'h3', 'h3', 'h3', 'h2', 'h3', 'h2', 'h2', 'h2', 'h2', 'h2', 'h2', 'h3', 'h1', 'h3', 'h1', 'h1', 'h2', 'h1', 'h2', 'h1', 'h3', 'h2', 'h3', 'h2', 'h3']"
chrome.google.com,"[1, 15, 3, 1, 1, 2, 2, 7, 1, 1, 2, 1, 2, 1, 1, 1, 2, 1, 1]","['h2', 'h3', 'h2', 'h2', 'h2', 'h2', 'h3', 'h3', 'h2', 'h3', 'h2', 'h3', 'h2', 'h3', 'h3', 'h3', 'h2', 'h2', 'h3']"
nostr.com,"[11, 6, 4, 12, 2, 1, 1, 3, 3, 1, 1, 1, 1, 1, 4, 2]","['h2', 'h3', 'h2', 'h3', 'h2', 'h3', 'h2', 'h2', 'h3', 'h3', 'h2', 'h2', 'h2', 'h2', 'h3', 'h2']"
www.veoh.com,"[6, 6, 6, 5, 5, 4, 1, 1, 1, 1, 1, 3, 2, 1, 17, 2, 1, 1]","['h1', 'h1', 'h1', 'h1', 'h1', 'h1', 'h3', 'h3', 'h2', 'h3', 'h2', 'h1', 'h2', 'h1', 'h2', 'h2', 'h2', 'h1']"
www.usaid.gov,"[3, 9, 6, 11, 7, 2, 1, 1, 2, 5, 1, 2, 23, 2, 2, 1, 1, 3, 5, 1, 2, 1, 2, 7, 2]","['h1', 'h1', 'h1', 'h1', 'h1', 'h2', 'h2', 'h1', 'h2', 'h2', 'h3', 'h2', 'h3', 'h2', 'h3', 'h3', 'h2', 'h2', 'h3', 'h3', 'h2', 'h2', 'h2', 'h3', 'h2']"
www.frontlinedefenders.org,"[35, 2, 1, 1]","['h2', 'h2', 'h2', 'h2']"
1337x.to,"[33, 1, 1, 1, 1, 1, 1]","['h3', 'h2', 'h2', 'h1', 'h1', 'h1', 'h1']"
www.martus.org,"[28, 1, 2, 2, 2, 2, 2, 1, 1]","['h2', 'h2', 'h2', 'h2', 'h2', 'h2', 'h2', 'h2', 'h2']"
www.transparency.org,"[12, 1, 1, 3, 7, 1, 2, 2, 2, 1, 1, 2, 1]","['h2', 'h2', 'h2', 'h2', 'h3', 'h2', 'h2', 'h3', 'h2', 'h2', 'h3', 'h2', 'h1']"
www.macfound.org,"[83, 6, 6, 1, 1, 5, 2, 1, 2, 2, 8, 1, 4, 3, 2, 1, 1, 1, 1, 1, 3, 1, 1, 1, 3]","['h2', 'h2', 'h2', 'h2', 'h2', 'h2', 'h3', 'h1', 'h2', 'h2', 'h2', 'h3', 'h2', 'h2', 'h2', 'h1', 'h1', 'h1', 'h2', 'h3', 'h2', 'h2', 'h2', 'h2', 'h2']"
www.washingtonpost.com,"[91, 1, 4, 7, 3, 2, 1, 2, 1, 1, 2, 2, 1, 8, 3, 1, 3, 1, 2, 1, 3, 2, 1, 1, 1, 2, 3, 3, 2, 1, 4, 1, 1, 2, 2, 4, 1, 2, 3, 2, 3, 3, 1, 4, 1, 2, 3, 1, 2, 7, 1, 1, 2, 2, 2, 2, 2, 2]","['h2', 'h2', 'h2', 'h2', 'h2', 'h2', 'h2', 'h2', 'h3', 'h2', 'h2', 'h2', 'h3', 'h2', 'h2', 'h2', 'h2', 'h2', 'h1', 'h2', 'h2', 'h2', 'h2', 'h2', 'h2', 'h2', 'h2', 'h2', 'h1', 'h2', 'h2', 'h2', 'h3', 'h2', 'h2', 'h2', 'h2', 'h2', 'h2', 'h2', 'h3', 'h2', 'h3', 'h2', 'h2', 'h2', 'h2', 'h2', 'h2', 'h3', 'h2', 'h2', 'h2', 'h1', 'h2', 'h2', 'h2', 'h2']"
oceanconservancy.org,"[1, 155, 1, 1, 3, 1, 1, 2, 1, 1, 2, 1, 2, 1, 1, 1, 1, 2, 1, 1, 1, 1, 2, 1, 4, 3, 2, 1, 1, 1, 2, 2, 4, 1, 1, 1, 1, 2, 2, 1, 1, 4, 1, 2, 1, 1, 1, 2, 1, 2]","['h2', 'h3', 'h2', 'h2', 'h3', 'h1', 'h2', 'h2', 'h2', 'h2', 'h2', 'h2', 'h2', 'h2', 'h1', 'h1', 'h2', 'h2', 'h2', 'h3', 'h2', 'h3', 'h2', 'h2', 'h3', 'h2', 'h2', 'h2', 'h1', 'h3', 'h2', 'h2', 'h2', 'h2', 'h2', 'h2', 'h2', 'h2', 'h2', 'h2', 'h2', 'h2', 'h2', 'h2', 'h2', 'h1', 'h2', 'h2', 'h2', 'h3']"
8.8.8.8,"[1, 4, 1, 1, 1, 1, 1]","['h2', 'h2', 'h3', 'h2', 'h2', 'h3', 'h2']"
www.biz.ly,"[24, 2]","['h2', 'h1']"
www.anglicancommunion.org,"[16, 2, 1, 3, 1, 1, 1, 1, 1, 3, 1, 2, 1, 1, 2, 1, 1, 2, 2, 1, 1]","['h3', 'h2', 'h3', 'h2', 'h2', 'h3', 'h2', 'h2', 'h2', 'h2', 'h3', 'h1', 'h2', 'h2', 'h2', 'h1', 'h1', 'h1', 'h2', 'h2', 'h2']"
www.walmart.com,"[14, 3, 92, 14, 8, 6, 4, 1, 2, 3, 4, 7, 2, 6, 3, 1, 1, 2, 1, 2, 1, 1, 1, 1, 1, 1, 1, 5, 1, 1, 3, 4, 1, 2, 2, 1, 1, 2, 1]","['h2', 'h2', 'h2', 'h1', 'h1', 'h2', 'h2', 'h2', 'h2', 'h1', 'h1', 'h1', 'h2', 'h3', 'h2', 'h1', 'h2', 'h3', 'h3', 'h2', 'h2', 'h2', 'h2', 'h2', 'h2', 'h2', 'h3', 'h1', 'h3', 'h3', 'h1', 'h1', 'h1', 'h1', 'h1', 'h1', 'h1', 'h1', 'h1']"
gab.com,"[152, 1, 1, 3, 2, 1, 4, 3, 1, 2, 3, 2, 1, 1]","['h3', 'h2', 'h3', 'h2', 'h1', 'h3', 'h1', 'h1', 'h1', 'h1', 'h1', 'h1', 'h3', 'h2']"
bitbucket.org,"[1, 4, 27, 7, 2, 3, 12, 2, 2, 6, 2, 2, 5, 6, 1, 1, 5, 1, 4, 6, 1, 2, 2, 8, 2, 1, 2, 2, 2, 2, 1, 4, 1, 1, 3, 1, 2, 1, 1, 1]","['h2', 'h2', 'h2', 'h2', 'h2', 'h2', 'h2', 'h2', 'h2', 'h2', 'h2', 'h2', 'h2', 'h2', 'h2', 'h2', 'h2', 'h2', 'h2', 'h2', 'h2', 'h2', 'h3', 'h2', 'h2', 'h3', 'h1', 'h2', 'h1', 'h3', 'h2', 'h2', 'h1', 'h1', 'h2', 'h1', 'h2', 'h2', 'h2', 'h2']"
wedo.org,"[41, 1, 1, 5, 1, 2, 4, 2, 9, 1, 2, 1, 1, 3, 2, 1, 3, 3, 1, 5, 1, 1, 2, 4, 2, 3, 2, 1, 1, 2, 1, 3, 1]","['h2', 'h2', 'h2', 'h2', 'h2', 'h2', 'h2', 'h2', 'h3', 'h3', 'h2', 'h2', 'h2', 'h3', 'h2', 'h2', 'h2', 'h3', 'h2', 'h3', 'h2', 'h2', 'h2', 'h3', 'h1', 'h2', 'h2', 'h3', 'h1', 'h1', 'h3', 'h3', 'h2']"
www.naral.org,"[1, 1, 23, 1, 1, 3, 2, 1, 18, 1, 1, 1, 2, 2, 1, 10, 1, 2, 1, 1, 1]","['h3', 'h3', 'h3', 'h2', 'h3', 'h2', 'h2', 'h2', 'h2', 'h2', 'h2', 'h3', 'h2', 'h2', 'h2', 'h2', 'h3', 'h2', 'h3', 'h2', 'h2']"
vimeo.com,"[2, 1, 13, 42, 4, 2, 1, 5, 9, 1, 2, 1, 2, 5, 5, 5, 3, 1, 2, 1, 2, 2, 1, 8, 1, 1, 1, 1, 4, 1, 1, 3, 2]","['h1', 'h2', 'h2', 'h2', 'h2', 'h2', 'h2', 'h2', 'h2', 'h1', 'h1', 'h1', 'h2', 'h2', 'h2', 'h2', 'h1', 'h2', 'h2', 'h2', 'h2', 'h2', 'h2', 'h2', 'h2', 'h2', 'h2', 'h2', 'h2', 'h2', 'h2', 'h2', 'h2']"
www.atheistalliance.org,"[34, 4, 1, 1, 2, 2, 1, 17, 2, 2, 2, 3, 15, 3, 1, 1, 1, 2]","['h2', 'h2', 'h3', 'h2', 'h2', 'h1', 'h2', 'h2', 'h2', 'h2', 'h2', 'h2', 'h3', 'h2', 'h2', 'h3', 'h2', 'h2']"
store.steampowered.com,"[3, 7, 10, 7, 13, 3, 8, 2, 1, 3, 59, 1, 2, 1, 1, 2, 1]","['h1', 'h1', 'h1', 'h1', 'h1', 'h1', 'h1', 'h1', 'h1', 'h1', 'h2', 'h1', 'h1', 'h1', 'h1', 'h1', 'h2']"
mail.yahoo.com,"[1, 5, 2, 2]","['h2', 'h2', 'h2', 'h2']"
www.mainichi.co.jp,"[53, 1, 2, 1, 3, 1, 2, 1, 1, 2, 1, 2, 1, 2, 2, 3, 1]","['h2', 'h3', 'h3', 'h2', 'h2', 'h2', 'h1', 'h3', 'h1', 'h1', 'h2', 'h2', 'h3', 'h2', 'h2', 'h2', 'h3']"
www.rollitup.org,"[36, 1, 2, 6, 1, 2, 1, 1, 1, 1, 3, 4, 5, 1, 1, 3, 2]","['h2', 'h2', 'h2', 'h3', 'h2', 'h2', 'h2', 'h2', 'h2', 'h3', 'h2', 'h2', 'h3', 'h3', 'h3', 'h2', 'h3']"
www.theregister.co.uk,"[1, 28, 12, 7, 2, 1, 11, 6, 1, 4, 1, 2, 1, 3, 2, 1, 4, 1, 1, 3, 1, 4, 2, 1, 2]","['h2', 'h3', 'h3', 'h3', 'h2', 'h2', 'h3', 'h3', 'h2', 'h2', 'h2', 'h3', 'h2', 'h2', 'h2', 'h3', 'h3', 'h3', 'h3', 'h3', 'h2', 'h3', 'h3', 'h3', 'h2']"
www.youtube.com,"[4, 31, 1, 1, 3, 1, 4, 1, 1, 1, 50, 1, 4, 3, 1]","['h2', 'h3', 'h2', 'h2', 'h2', 'h3', 'h2', 'h3', 'h2', 'h3', 'h3', 'h2', 'h3', 'h3', 'h2']"
ssd.eff.org,"[16, 2]","['h2', 'h1']"
www.blackberry.com,"[19, 1, 2, 2, 1, 4, 1, 1, 3, 1, 4, 1, 2, 1, 1, 1, 1, 3, 4, 1, 38, 4, 1, 13, 3, 3, 1, 1, 1]","['h2', 'h1', 'h2', 'h2', 'h3', 'h2', 'h2', 'h2', 'h2', 'h2', 'h2', 'h2', 'h2', 'h2', 'h3', 'h2', 'h2', 'h2', 'h2', 'h2', 'h2', 'h2', 'h2', 'h2', 'h1', 'h1', 'h2', 'h2', 'h2']"
www.climaterealityproject.org,"[28, 1, 1, 3, 3, 1, 5, 4, 1, 2, 1, 2, 3, 14, 2, 1, 2, 2, 3, 2, 1, 8, 3, 2, 2, 1, 1, 2, 2, 1, 2, 1, 1, 1, 1, 3, 2]","['h2', 'h2', 'h2', 'h2', 'h2', 'h3', 'h1', 'h2', 'h2', 'h2', 'h2', 'h2', 'h2', 'h2', 'h2', 'h2', 'h3', 'h2', 'h2', 'h3', 'h2', 'h2', 'h2', 'h3', 'h2', 'h2', 'h2', 'h2', 'h3', 'h2', 'h2', 'h2', 'h2', 'h2', 'h2', 'h1', 'h1']"
massbrowser.cs.umass.edu,"[2, 1, 4, 1, 1, 1, 2, 5, 1]","['h1', 'h1', 'h1', 'h2', 'h2', 'h2', 'h2', 'h3', 'h1']"
www.doctissimo.fr,"[2, 9, 2, 1, 16, 9, 1, 2, 2, 3, 2, 1, 1, 1, 2, 1, 1, 2, 1, 1, 2, 4, 1, 2]","['h2', 'h2', 'h2', 'h2', 'h2', 'h2', 'h2', 'h2', 'h2', 'h2', 'h2', 'h2', 'h2', 'h3', 'h2', 'h3', 'h1', 'h2', 'h2', 'h3', 'h1', 'h2', 'h3', 'h2']"
prolife.com,"[6, 1, 1, 4, 2, 2, 2, 2, 6, 1, 1, 3, 23, 3, 2, 1, 1, 1, 4, 1, 1, 3, 4, 1, 2, 2, 2, 7, 2]","['h2', 'h2', 'h3', 'h1', 'h2', 'h2', 'h2', 'h2', 'h2', 'h2', 'h2', 'h2', 'h3', 'h1', 'h2', 'h2', 'h2', 'h2', 'h1', 'h3', 'h2', 'h2', 'h3', 'h3', 'h2', 'h2', 'h2', 'h3', 'h2']"
www.nytimes.com,"[37, 25, 13, 1, 15, 2, 1, 6, 2, 4, 2, 3, 1, 2, 2, 2, 2, 5, 2, 2, 2, 1, 4, 1, 1, 1, 1, 6, 1, 1, 2, 3, 3, 1, 2, 2, 2, 3, 1, 2, 3, 5, 4, 1, 2, 1, 2, 2, 1, 1, 2, 1, 2, 1, 5, 1, 2, 2, 2, 1, 2, 2, 2, 2, 2, 1, 1, 1, 2]","['h2', 'h2', 'h2', 'h2', 'h2', 'h2', 'h2', 'h2', 'h2', 'h3', 'h2', 'h2', 'h2', 'h2', 'h2', 'h2', 'h2', 'h2', 'h2', 'h2', 'h2', 'h3', 'h2', 'h2', 'h2', 'h2', 'h2', 'h2', 'h2', 'h2', 'h1', 'h2', 'h3', 'h2', 'h2', 'h2', 'h2', 'h2', 'h1', 'h2', 'h2', 'h3', 'h2', 'h2', 'h3', 'h2', 'h1', 'h2', 'h3', 'h2', 'h3', 'h3', 'h2', 'h2', 'h2', 'h3', 'h2', 'h2', 'h1', 'h2', 'h2', 'h3', 'h2', 'h2', 'h2', 'h1', 'h2', 'h2', 'h2']"
defcad.com,"[111, 1, 1, 3, 1, 1, 2, 1, 6, 1, 2, 2, 1, 1, 1, 1, 3, 2]","['h3', 'h2', 'h2', 'h2', 'h1', 'h2', 'h2', 'h2', 'h3', 'h2', 'h2', 'h2', 'h2', 'h3', 'h2', 'h2', 'h2', 'h2']"
www.gatesfoundation.org,"[27, 4, 7, 2, 1, 2, 1, 1, 3, 1]","['h2', 'h2', 'h2', 'h2', 'h2', 'h2', 'h2', 'h3', 'h1', 'h2']"
www.ymca.int,"[39, 1, 1, 4, 12, 2, 2, 1, 1, 1, 3, 3, 1, 1, 1, 1, 1, 4, 2]","['h2', 'h2', 'h2', 'h2', 'h3', 'h3', 'h2', 'h2', 'h3', 'h2', 'h2', 'h3', 'h3', 'h2', 'h2', 'h2', 'h2', 'h3', 'h2']"
opera.com,"[1, 1, 31, 2, 9, 1, 2, 1, 1, 1, 2, 1, 2, 4, 1, 1, 1, 1, 2, 5, 3, 2, 1]","['h1', 'h2', 'h2', 'h2', 'h2', 'h3', 'h2', 'h2', 'h2', 'h3', 'h2', 'h2', 'h2', 'h2', 'h2', 'h2', 'h2', 'h2', 'h2', 'h2', 'h2', 'h2', 'h1']"
bit.ly,"[1, 1, 1, 49, 5, 2, 2, 2, 5, 6, 1, 2, 1, 2, 2, 1, 1, 1, 3, 1, 1, 1, 2, 4, 3, 3, 1, 1, 1, 1, 3, 1, 1, 1, 2, 1, 1, 1]","['h2', 'h2', 'h2', 'h2', 'h2', 'h2', 'h2', 'h2', 'h1', 'h2', 'h3', 'h3', 'h2', 'h2', 'h2', 'h2', 'h2', 'h2', 'h3', 'h2', 'h2', 'h3', 'h2', 'h3', 'h3', 'h2', 'h2', 'h3', 'h2', 'h2', 'h2', 'h2', 'h2', 'h3', 'h2', 'h2', 'h2', 'h2']"
pulse.internetsociety.org,"[40, 1, 1, 5, 4, 4, 1, 1, 2, 1, 2, 1, 1, 4]","['h3', 'h2', 'h2', 'h2', 'h2', 'h2', 'h2', 'h2', 'h1', 'h1', 'h1', 'h2', 'h3', 'h2']"
www.fuckingfreemovies.com,"[1, 7, 5, 5, 6, 3, 2, 1, 1, 1, 1, 1]","['h1', 'h1', 'h1', 'h1', 'h1', 'h1', 'h1', 'h3', 'h2', 'h2', 'h2', 'h1']"
insecure.org,"[2, 2, 2, 5, 2, 2, 2, 1, 3, 2, 2, 1, 1, 1]","['h1', 'h1', 'h1', 'h1', 'h2', 'h1', 'h1', 'h3', 'h1', 'h1', 'h1', 'h1', 'h1', 'h2']"
churchofgodinchristmennonite.net,"[44, 2, 1, 1]","['h2', 'h2', 'h2', 'h2']"
www.chess.com,"[51, 1, 1, 2, 2, 2, 1, 1, 2, 1, 1, 1, 1]","['h3', 'h2', 'h2', 'h3', 'h2', 'h2', 'h2', 'h3', 'h2', 'h3', 'h2', 'h2', 'h2']"
www.currenttime.tv,"[22, 7, 1, 3, 2, 4, 2, 5, 2, 1, 1, 2, 2, 2, 1, 4, 3, 1, 1, 1, 1, 5, 1, 1, 2, 2]","['h2', 'h2', 'h2', 'h3', 'h2', 'h2', 'h2', 'h2', 'h2', 'h3', 'h2', 'h2', 'h2', 'h2', 'h2', 'h2', 'h2', 'h2', 'h1', 'h2', 'h2', 'h2', 'h2', 'h3', 'h2', 'h2']"
letsencrypt.org,"[53, 1, 2, 1, 1, 1, 2, 1, 1]","['h2', 'h2', 'h1', 'h1', 'h2', 'h2', 'h1', 'h2', 'h2']"
bard.google.com,"[1, 2, 34, 4, 1, 2, 2, 2, 9, 4, 3, 1, 1, 1, 1, 4]","['h2', 'h2', 'h3', 'h2', 'h3', 'h2', 'h2', 'h2', 'h3', 'h2', 'h3', 'h2', 'h2', 'h2', 'h2', 'h3']"
panties.com,"[19, 99, 3, 1, 3, 1, 1, 3, 2, 3, 2, 1, 1, 2, 3, 1, 2, 1, 2, 1, 20, 3, 2, 1, 1, 3, 1, 1, 1, 1, 1, 1, 6, 4, 3, 3, 2, 2, 2, 3, 3, 1, 1, 1, 5, 1, 1, 2, 1, 1, 1, 1, 2, 3, 2, 11, 1, 3, 1, 2, 1, 1, 2, 1, 1, 1, 5, 5, 7, 1, 1, 1, 1, 1, 1]","['h2', 'h3', 'h2', 'h3', 'h2', 'h2', 'h3', 'h2', 'h2', 'h2', 'h2', 'h2', 'h2', 'h2', 'h2', 'h1', 'h2', 'h1', 'h2', 'h3', 'h3', 'h2', 'h2', 'h3', 'h3', 'h2', 'h1', 'h1', 'h1', 'h1', 'h2', 'h3', 'h1', 'h2', 'h2', 'h3', 'h2', 'h2', 'h2', 'h3', 'h3', 'h1', 'h1', 'h2', 'h2', 'h2', 'h2', 'h2', 'h3', 'h2', 'h3', 'h2', 'h2', 'h3', 'h2', 'h3', 'h2', 'h2', 'h2', 'h3', 'h2', 'h3', 'h2', 'h2', 'h2', 'h2', 'h1', 'h1', 'h2', 'h2', 'h2', 'h3', 'h3', 'h2', 'h2']"
www.givesendgo.com,"[1, 57, 1, 44, 1, 1, 2, 1, 10, 1, 1, 1, 2]","['h2', 'h2', 'h2', 'h2', 'h2', 'h2', 'h2', 'h3', 'h2', 'h2', 'h2', 'h2', 'h2']"
www.wiesenthal.com,"[1, 1, 5, 5, 7, 2, 3, 1, 2, 2, 1, 1, 3, 2, 1, 2, 1, 2, 1, 2, 3, 2, 1, 2, 1, 1, 1, 1]","['h1', 'h1', 'h1', 'h1', 'h1', 'h1', 'h3', 'h1', 'h1', 'h1', 'h1', 'h2', 'h2', 'h2', 'h1', 'h2', 'h1', 'h2', 'h2', 'h2', 'h3', 'h2', 'h3', 'h2', 'h2', 'h2', 'h2', 'h2']"
www.islameyat.com,"[1, 1, 1, 1, 1, 1, 1, 1, 1, 1, 1, 1, 1, 1, 1, 1, 1, 1, 1, 1, 1, 1, 1, 1, 1, 1, 2, 1]","['h1', 'h1', 'h1', 'h1', 'h1', 'h1', 'h1', 'h1', 'h1', 'h1', 'h1', 'h1', 'h1', 'h1', 'h1', 'h1', 'h1', 'h1', 'h1', 'h1', 'h1', 'h1', 'h1', 'h1', 'h1', 'h1', 'h2', 'h2']"
www.imqq.com,"[1, 3, 1, 3, 2, 65, 7, 2, 1, 1, 2, 21, 3, 11, 1, 1]","['h1', 'h1', 'h1', 'h2', 'h2', 'h2', 'h2', 'h2', 'h2', 'h2', 'h2', 'h2', 'h2', 'h3', 'h2', 'h2']"
www.tripod.lycos.com,"[1, 1, 1, 5, 3, 3, 6, 3, 3, 2, 2, 1, 3, 2, 1, 1, 1, 2, 3, 2, 2, 1, 1, 1, 2, 1]","['h1', 'h1', 'h1', 'h1', 'h1', 'h1', 'h1', 'h1', 'h1', 'h2', 'h2', 'h2', 'h1', 'h1', 'h2', 'h1', 'h2', 'h2', 'h2', 'h2', 'h2', 'h2', 'h2', 'h2', 'h1', 'h1']"
www.nbcnews.com,"[6, 1, 22, 12, 82, 7, 9, 3, 3, 2, 1, 1, 1, 1, 2, 1, 3, 1, 1, 1, 3, 17, 2, 4, 6, 1, 1, 6, 1, 1, 3, 2, 1, 2, 1, 1, 2, 1, 2, 2, 2, 2, 2, 1, 2, 1, 13, 1, 9, 2, 1, 1, 2, 1, 1, 1, 5, 1, 1, 25, 1, 1, 4, 1, 1, 1, 4, 2, 1, 1, 1, 1, 1, 1, 1, 1, 2, 1, 5, 6, 2, 2, 7, 1, 9, 1, 2, 1, 2, 4, 2, 3, 1, 5, 1, 4, 4, 1, 1, 1, 2, 2, 1, 2, 2, 2, 2, 2, 1, 2, 3, 1, 1, 1, 1, 2, 5, 1, 1, 4, 2, 3, 2, 3, 1, 2, 1, 3, 3, 2, 1, 1, 2, 2, 1, 2, 2, 2, 7, 2, 6, 6, 3, 2, 3, 1, 4, 2, 2, 2, 1, 1, 1, 1, 1, 1, 3, 1, 2, 2, 2, 1, 2, 2]","['h2', 'h1', 'h2', 'h2', 'h2', 'h2', 'h2', 'h2', 'h2', 'h2', 'h2', 'h2', 'h2', 'h2', 'h2', 'h1', 'h2', 'h2', 'h2', 'h2', 'h2', 'h2', 'h2', 'h2', 'h2', 'h2', 'h2', 'h2', 'h2', 'h2', 'h2', 'h2', 'h2', 'h2', 'h2', 'h3', 'h2', 'h2', 'h2', 'h2', 'h3', 'h2', 'h2', 'h1', 'h2', 'h2', 'h3', 'h3', 'h2', 'h2', 'h2', 'h2', 'h2', 'h2', 'h1', 'h2', 'h2', 'h2', 'h2', 'h2', 'h2', 'h2', 'h1', 'h2', 'h2', 'h1', 'h2', 'h2', 'h2', 'h2', 'h2', 'h2', 'h2', 'h2', 'h2', 'h2', 'h3', 'h2', 'h2', 'h2', 'h2', 'h2', 'h2', 'h2', 'h1', 'h1', 'h1', 'h2', 'h2', 'h3', 'h2', 'h2', 'h1', 'h2', 'h2', 'h2', 'h3', 'h1', 'h2', 'h1', 'h2', 'h2', 'h2', 'h2', 'h2', 'h2', 'h2', 'h2', 'h3', 'h2', 'h2', 'h2', 'h2', 'h2', 'h2', 'h2', 'h3', 'h2', 'h1', 'h2', 'h3', 'h2', 'h2', 'h2', 'h2', 'h2', 'h3', 'h2', 'h2', 'h2', 'h2', 'h3', 'h2', 'h3', 'h2', 'h2', 'h2', 'h1', 'h1', 'h2', 'h2', 'h2', 'h2', 'h2', 'h1', 'h2', 'h2', 'h2', 'h2', 'h2', 'h2', 'h2', 'h1', 'h2', 'h1', 'h1', 'h1', 'h1', 'h2', 'h2', 'h2', 'h2', 'h2', 'h2']"
ebuddy.com,"[6, 1, 1, 1]","['h2', 'h2', 'h2', 'h2']"
ikhwanonline.com,"[52, 1, 2, 2, 3, 3, 2, 2, 1, 1, 3, 2, 2, 3, 1, 1, 4, 3, 2, 4, 5, 2, 2, 2, 3, 3, 5, 4, 5]","['h3', 'h2', 'h1', 'h2', 'h1', 'h1', 'h1', 'h1', 'h1', 'h3', 'h1', 'h2', 'h2', 'h3', 'h3', 'h1', 'h1', 'h2', 'h2', 'h2', 'h2', 'h3', 'h3', 'h3', 'h1', 'h1', 'h1', 'h1', 'h1']"
www.ictj.org,"[55, 3, 4, 3, 1, 3, 1, 1]","['h2', 'h2', 'h2', 'h3', 'h2', 'h3', 'h3', 'h2']"
www.wfp.org,"[25, 1, 3, 1, 3, 1, 1, 1, 4, 4, 2, 7, 1, 2, 2, 2, 2, 2, 2, 3, 3, 1, 1, 2, 1, 2, 1, 4, 2, 2, 2, 1, 1, 2, 3, 1, 1, 2, 1, 1, 1, 1, 2, 1, 2, 2, 1, 2, 4, 2, 2, 2, 2, 2]","['h2', 'h2', 'h2', 'h2', 'h2', 'h2', 'h2', 'h3', 'h2', 'h2', 'h2', 'h2', 'h1', 'h2', 'h3', 'h2', 'h2', 'h3', 'h2', 'h3', 'h3', 'h2', 'h2', 'h3', 'h2', 'h2', 'h1', 'h2', 'h2', 'h2', 'h2', 'h2', 'h2', 'h2', 'h1', 'h2', 'h2', 'h3', 'h2', 'h1', 'h2', 'h1', 'h1', 'h2', 'h2', 'h3', 'h2', 'h2', 'h1', 'h2', 'h2', 'h3', 'h3', 'h3']"
turbobit.net,"[6, 4, 3, 4, 8, 3, 1, 1, 1, 1, 1, 1, 1, 1, 1, 1, 2, 7, 1, 1, 1, 2]","['h1', 'h1', 'h1', 'h1', 'h1', 'h1', 'h1', 'h1', 'h2', 'h2', 'h1', 'h2', 'h3', 'h2', 'h2', 'h2', 'h1', 'h2', 'h2', 'h2', 'h2', 'h2']"
www.muckrock.com,"[1, 15, 1, 2, 1, 1, 1, 1, 1, 1, 1]","['h1', 'h2', 'h2', 'h2', 'h2', 'h2', 'h1', 'h1', 'h2', 'h2', 'h1']"
www.ebay.com,"[20, 1, 5, 19, 1, 13, 27, 3, 2, 2, 1, 4, 1, 2, 1, 2, 1, 2, 2, 2, 1, 2, 2, 1, 2, 5, 2, 1, 1, 1, 1, 6, 1, 1, 5, 4, 3, 2, 1, 3, 3, 2, 1, 1, 4, 1, 1, 1, 1]","['h2', 'h1', 'h2', 'h2', 'h2', 'h2', 'h2', 'h1', 'h2', 'h1', 'h1', 'h3', 'h2', 'h3', 'h2', 'h2', 'h1', 'h2', 'h2', 'h2', 'h2', 'h1', 'h2', 'h2', 'h2', 'h3', 'h3', 'h1', 'h2', 'h1', 'h2', 'h1', 'h2', 'h2', 'h3', 'h2', 'h3', 'h2', 'h3', 'h1', 'h3', 'h1', 'h2', 'h3', 'h3', 'h1', 'h2', 'h2', 'h1']"
www.schwarzreport.org,"[23, 1, 3, 1]","['h2', 'h2', 'h2', 'h2']"
www.salvationarmy.org,"[1, 8, 1, 1, 2, 7, 5, 6, 5, 8, 1, 6, 3, 1, 2, 2, 5, 3, 2, 2, 2, 1, 2, 1, 1, 1, 1, 1, 1]","['h2', 'h2', 'h2', 'h2', 'h2', 'h1', 'h1', 'h1', 'h1', 'h1', 'h2', 'h1', 'h2', 'h2', 'h3', 'h2', 'h2', 'h1', 'h1', 'h2', 'h2', 'h2', 'h2', 'h3', 'h3', 'h2', 'h2', 'h2', 'h1']"
www.rescue.org,"[25, 1, 2, 1, 2, 1, 8, 1, 2, 1, 3, 2, 2, 1, 1, 1, 2, 4, 1, 2, 8, 4, 2, 1, 1, 4, 1, 1, 1, 2, 2, 6, 2, 1, 1, 1, 1, 10, 1, 1, 4, 1, 2, 1, 1, 1, 1, 1, 2, 2, 2, 1, 1, 5, 2, 1, 1, 2, 2, 2, 2, 1, 1, 2, 1, 1, 2, 1, 2, 1, 6]","['h2', 'h2', 'h2', 'h2', 'h2', 'h2', 'h2', 'h2', 'h2', 'h2', 'h2', 'h2', 'h3', 'h2', 'h2', 'h3', 'h3', 'h2', 'h3', 'h2', 'h2', 'h2', 'h1', 'h2', 'h1', 'h1', 'h2', 'h3', 'h1', 'h3', 'h3', 'h2', 'h2', 'h2', 'h3', 'h2', 'h2', 'h2', 'h2', 'h2', 'h2', 'h2', 'h2', 'h2', 'h2', 'h2', 'h2', 'h2', 'h2', 'h3', 'h2', 'h3', 'h3', 'h3', 'h2', 'h2', 'h2', 'h2', 'h2', 'h2', 'h1', 'h2', 'h2', 'h2', 'h2', 'h2', 'h2', 'h1', 'h2', 'h1', 'h2']"
hide.me,"[26, 1]","['h2', 'h2']"
